headline,url,time,summary,tags
三河市公安局“警徽改色”再引质疑，官方拒绝回应,https://news.sina.com.cn/c/2025-04-15/doc-inetftfs8373944.shtml,2025-04-15 15:08:57,三河市公安局“警徽改色”再引质疑，官方拒绝回应顶端新闻首席记者张恒继三河市商户招牌“变色”后，三河市公安局悬挂使用的多个警徽，被质疑“更改警徽标准颜色”，再次引,
A股收评：沪指微涨0.15%，两市成交额缩量至1.07万亿，纺织服装等消费板块走强,https://news.sina.com.cn/c/2025-04-15/doc-inetftfs8370587.shtml,2025-04-15 15:03:57,4月15日，截至收盘，上证指数涨0.15%，深证成指跌0.27%，创业板指跌0.13%；北证50跌0.34%。两市成交额约10771.94亿元，较前一个交易日缩,
《求是》杂志发表习近平总书记重要文章《加快建设文化强国》,https://news.sina.com.cn/c/2025-04-15/doc-inetftfu7806865.shtml,2025-04-15 14:59:57,4月16日出版的第8期《求是》杂志将发表中共中央总书记、国家主席、中央军委主席习近平的重要文章《加快建设文化强国》。,
纪法百科·一图读懂应知应会党纪法规《中国共产党基层组织选举工作条例》,https://news.sina.com.cn/c/2025-04-15/doc-inetftfs8363058.shtml,2025-04-15 14:41:57,来源：中央纪委国家监委网站,中央纪委
助力支小支农 政府性融资担保“大显身手”,https://news.sina.com.cn/c/2025-04-15/doc-inetftfs8373687.shtml,2025-04-15 14:06:00,“无土地厂房抵押一直是制约我们获得贷款的瓶颈，通过辽担集群速易贷这一融资担保产品，我们获得了500万元贷款，有效缓解了企业的资金压力。,
外企持续参展消博会彰显中国市场强大吸引力,https://news.sina.com.cn/c/2025-04-15/doc-inetftfy1141472.shtml,2025-04-15 14:04:00,“中国国际消费品博览会为拉普瑞斯带来了前所未有的活力，帮助我们快速打通了中国市场通路。”瑞士护肤品牌拉普瑞斯销售总监徐英俊分享了在第五届消博会上的收获。,消博会
三问三河广告牌“禁色令”通报,https://news.sina.com.cn/c/2025-04-15/doc-inetftfw4362601.shtml,2025-04-15 14:03:00,4月15日，河北省廊坊市联合调查组发布通报，针对三河市“广告牌匾禁用红蓝黑底色”一事展开调查。经初步核实，媒体所曝光的问题基本属实。目前，三河市委主要负责人已被,
从“底薪功德”到“吃苦当补”，赖清德民调再翻车,https://news.sina.com.cn/c/2025-04-15/doc-inetfnxu8475976.shtml,2025-04-15 13:32:00,中新网4月15日电(燕新台)台湾地区领导人办公室日前在向岛内媒体提供赖清德在某活动的致辞视频时，偷偷删除其“要台湾人吃苦当吃补”的言论内容...,
夏宝龙“硬刚”万斯：让美国那些“乡巴佬们”在中华民族五千年文明面前去哀鸣吧,https://news.sina.com.cn/c/2025-04-15/doc-inetfhrv4238761.shtml,2025-04-15 11:50:00,来源：直新闻 4月15日，中央港澳工作办公室主任、国务院港澳事务办公室主任夏宝龙在香港特别行政区2025年“全民国家安全教育日”开幕典礼上的致辞中“硬刚”万斯：美国一而再...,
习近平瞻仰胡志明陵并敬献花圈,https://news.sina.com.cn/c/xl/2025-04-15/doc-inetfhrv4238215.shtml,2025-04-15 11:48:00,4月15日上午，在越共中央总书记苏林陪同下，中共中央总书记、国家主席习近平瞻仰胡志明陵并敬献花圈。,
A股午评：上证指数跌0.07%，深证成指跌0.43%，谷子经济领涨，华为欧拉概念走弱,https://news.sina.com.cn/c/2025-04-15/doc-inetfhrt7456764.shtml,2025-04-15 11:34:00,4月15日，截至午间收盘，上证指数跌0.07%，深证成指跌0.43%，创业板指跌0.29%；北证50涨0.45%。沪深两市成交额约6875.05亿元，较前一个交易日缩量约1512.7亿元。,
美财长访问阿根廷期间恶意污蔑抹黑中国，我使馆严正声明,https://news.sina.com.cn/c/2025-04-15/doc-inetfhrt7449799.shtml,2025-04-15 11:15:00,中国驻阿根廷使馆发言人谈话 美国财政部长贝森特14日访问阿根廷期间，恶意污蔑抹黑中国同其他国家开展正常合作，中国驻阿根廷使馆对此强烈不满、坚决反对...,
国家部委张某，主动投靠境外间谍机关，案发时企图携密叛逃,https://news.sina.com.cn/c/2025-04-15/doc-inetfhrv4244195.shtml,2025-04-15 11:11:00,案发时，她累计窃取的内部文件资料已近30万份...... 4月15日，在第十个全民国家安全教育日之际，国家安全部披露一起重大间谍案。,
图解“总体国家安全观”,https://news.sina.com.cn/c/2025-04-15/doc-inetfhry7993220.shtml,2025-04-15 10:50:00,,
疑被激活操作系统后门 美国特工对亚冬会网攻窃密内情披露,https://news.sina.com.cn/c/2025-04-15/doc-inetfhrv4206303.shtml,2025-04-15 10:49:00,记者今天（15日）从哈尔滨市公安局了解到，2025年哈尔滨第九届亚冬会期间，赛事信息系统及黑龙江省内关键信息基础设施遭境外网络攻击。,
2025乒乓球澳门世界杯女单小组赛：陈幸同3-1战胜李恩惠,https://news.sina.com.cn/c/2025-04-15/doc-inetfhrt7427283.shtml,2025-04-15 10:47:00,来源：ITTF国际乒联  2025乒乓球澳门世界杯 女子小组赛第二日 陈幸同（CHN）3-1李恩惠（KOR）[9-11，11-2，11-5，11-8] 第三轮陈幸同将和温特争夺小组出线权。,
51个！第二批“非遗工坊典型案例”名单来了,https://news.sina.com.cn/c/2025-04-15/doc-inetfhry7978147.shtml,2025-04-15 10:23:00,来源：央视网央视网消息：据文化和旅游部网站消息，根据《文化和旅游部办公厅 人力资源社会保障部办公厅 农业农村部办公厅关于推荐第二批“非遗工坊典型案例”的通知》安排...,"文化和旅游部,农业农村部"
泄露工作秘密、大搞权钱交易，“内鬼”陈笑波被决定逮捕,https://news.sina.com.cn/c/2025-04-15/doc-inetfaix4303095.shtml,2025-04-15 10:00:00,正义网记者4月15日从最高人民检察院获悉，海南省纪委原副书记、省监委原副主任陈笑波涉嫌受贿一案，由国家监察委员会调查终结，移送检察机关审查起诉。,
钦州：强监督转作风推动办好民生实事,https://news.sina.com.cn/c/2025-04-15/doc-inetfaka8072217.shtml,2025-04-15 09:25:00,“没想到我们反映的问题那么快就能得到解决，现在不用绕弯路过去了，通行很方便。”不久前，灵山县纪委监委就文利镇谷埠村和浦北县大成镇较车村跨河工作桥梁修建情况进行“回...,钦州市
世博“竹简”话中国,https://news.sina.com.cn/c/2025-04-15/doc-inetfaiy8636708.shtml,2025-04-15 09:25:00,2025年大阪世博会中国馆。图片来源：视觉中国4月13日，在日本大阪，参观者在中国馆的纪念品商店内选购。新华社记者 贾浩成 摄 4月13日...,建筑
懿德茂行 可以励俗,https://news.sina.com.cn/c/2025-04-15/doc-inetfaka8072035.shtml,2025-04-15 09:25:00,好作风的形成，有多种因素，为官者的品行引领、道德示范至关重要。 唐宋八大家之一的韩愈在《祭薛中丞文》写道：“公之懿德茂行，可以励俗；清文敏识，足以发身。,延安市
中老铁路国际旅客列车开行两周年,https://news.sina.com.cn/c/2025-04-15/doc-inetfaiy8634425.shtml,2025-04-15 09:19:00,4月13日，中老铁路国际旅客列车迎来开行两周年，跨境运输“量质齐升”。这趟由中国中车“复兴号”“澜沧号”担当，连接中国昆明和老挝万象的国际旅客列车...,"旅客,列车,老挝"
"讲求科学方法 提升改革质效

四川多措并举深化国资国企改革",https://news.sina.com.cn/c/2025-04-15/doc-inetfaix4282151.shtml,2025-04-15 09:11:00,四川国资国企始终用科学的方法指导和推进改革，全力以赴推动国有企业改革深化提升行动各项任务落实落地，取得阶段性成果。截至2024年11月底，改革任务完成进度约80%...,
夏宝龙：以高水平安全护航高质量发展 不断谱写“一国两制”实践新篇章,https://news.sina.com.cn/c/2025-04-15/doc-inetfhry7975741.shtml,2025-04-15 09:03:00,以高水平安全护航高质量发展不断谱写“一国两制”实践新篇章——在香港特别行政区2025年“全民国家安全教育日”开幕典礼上的致辞（2025年4月15日）夏宝龙香港特,
针对恶意虚假摆拍等4类短视频营销乱象 网信办出手整治,https://news.sina.com.cn/c/2025-04-15/doc-inetfaix4282357.shtml,2025-04-15 09:01:00,为进一步深化短视频恶意营销问题治理，营造清朗网络空间，中央网信办自4月15日起，开展为期3个月的“清朗·整治短视频领域恶意营销乱象”专项行动。,
悬赏通缉！3名美国特工对亚冬会实施网攻窃密被锁定,https://news.sina.com.cn/c/2025-04-15/doc-inetfaiv7504171.shtml,2025-04-15 09:00:00,前期，“2025年哈尔滨第九届亚冬会”（以下简称：亚冬会）遭受境外网络攻击事件经媒体报道后，引发全球主流媒体和网民的广泛关注，国家计算机病毒应急处理中心和亚冬会赛事网...,
哈尔滨市公安局公开通缉3名美国国家安全局（NSA）特工,https://news.sina.com.cn/c/2025-04-15/doc-inetfaiy8628874.shtml,2025-04-15 08:59:00,记者15日从哈尔滨市公安局了解到，为依法严厉打击境外势力对我网络攻击窃密犯罪，切实维护国家网络空间安全和人民生命财产安全，哈尔滨市公安局决定对3名隶属于美国国家安...,
中国石油各地储气库注气工作全面启动,https://news.sina.com.cn/c/2025-04-15/doc-inetfaiy8620318.shtml,2025-04-15 08:54:00,春回大地，大地吐纳新绿，深藏地下的储气库正悄然积蓄能量，供暖季的余温散去时，储气库也开始未雨绸缪抓紧“囤货”，通过季节性调峰，确保供气充足稳定。,"天然气,中国石油"
中国建材打造材料“绿色出海”新标杆,https://news.sina.com.cn/c/2025-04-15/doc-inetfaiy8620280.shtml,2025-04-15 08:54:00,作为非金属材料制造商和投资商，入春以来，中国建材积极响应共建“一带一路”倡议，推进“海外再造”战略落地，以全球化视野布局海外市场，服务基础设施建设...,"中国建材,法国"
中国东航全力以赴应对罕见大风天气,https://news.sina.com.cn/c/2025-04-15/doc-inetfaiy8620236.shtml,2025-04-15 08:54:00,4月12日，受罕见大风天气影响，我国东北、西北、华北等多地遭遇强风大雨天气。中国东航第一时间启动运行保障机制，实时关注天气变化，加强综合研判，科学决策...,"大风,航班"
我国西煤东运第二大通道累计煤炭运量突破50亿吨,https://news.sina.com.cn/c/2025-04-15/doc-inetfaka8055622.shtml,2025-04-15 08:54:00,近日，我国西煤东运第二大通道——国家能源集团朔黄铁路累计完成煤炭运量500008.7万吨，突破50亿吨大关。重载列车行驶在朔黄线上自2000年开通运营以来...,煤炭
社融增量超15万亿元！金融“活水”激发经济活力,https://news.sina.com.cn/c/2025-04-15/doc-inetfaka8070851.shtml,2025-04-15 08:53:00,金融是经济的镜像，反映着实体经济的需求。13日中国人民银行发布了主要金融数据，首季社会融资规模增量超15万亿元、新增贷款9.78万亿元...,"实体经济,社融,中国人民银行"
补水满足1520万人全年用水量！三峡水库再发力,https://news.sina.com.cn/c/2025-04-15/doc-inetfaix4275079.shtml,2025-04-15 08:49:00,按照水利部长江委调度指令要求，4月8日起，三峡水库日均出库流量加大至10000立方米每秒左右，以有效应对春灌用水高峰期，改善长江中游沿线及洞庭湖四口水系地区...,"三峡水库,水利部"
香港特区政府回应媒体询问英国议员被拒入境香港：入境处会按照相关法律和政策处理个案,https://news.sina.com.cn/c/2025-04-15/doc-inetfaiy8618774.shtml,2025-04-15 08:44:00,[环球网报道]据香港特别行政区（特区）政府4月14日发布的新闻公报，香港特区政府14日发表声明，就传媒询问日前有英国国会议员被拒入境香港一事，特区政府发言人表示...,"香港,环球网,英国"
广西钦州严查群众身边蝇贪蚁腐 系统纠治渔业补贴领域顽疾,https://news.sina.com.cn/c/2025-04-15/doc-inetfaka8046177.shtml,2025-04-15 08:25:00,广西壮族自治区钦州市纪检监察干部近日来到钦南区龙门港镇渔民家中，对渔业资源养护补贴发放情况进行监督回访。 此前，钦州市纪委监委在监督检查中发现部分地方存在海洋渔...,"渔业,钦州市,补贴"
群音汇-广西纪检监察网,https://news.sina.com.cn/c/2025-04-15/doc-inetfaka8046237.shtml,2025-04-15 08:17:00,二十届中央纪委四次全会强调，健全不正之风和腐败问题同查同治机制。各级纪检监察机关坚决落实全会部署要求，深刻认识风腐一体问题的严重危害性...,"同治,广西,纪检监察"
善用历史开展国家安全教育,https://news.sina.com.cn/c/2025-04-15/doc-inetfaiv7490924.shtml,2025-04-15 07:57:00,到山东威海，除了看海，还要“看史”。漫步总体国家安全观刘公岛教育培训基地，登上炮台遗址，了解威海卫保卫战、刘公岛保卫战历史;体验数字化战争场景...,总体国家安全观
江苏利用展会平台资源开拓深耕新兴市场,https://news.sina.com.cn/c/2025-04-15/doc-inetevzx7616621.shtml,2025-04-15 07:33:00,当前，世界百年变局加速演进。国际形势越是变乱交织，越是需要葆有信心、保持定力、坚定底气，集中精力办好自己的事，坚定不移推进高水平对外开放。,江苏省
今天北京天气晴晒最高温可达31℃ 或创今年来气温新高,https://news.sina.com.cn/c/2025-04-15/doc-inetfaka8056915.shtml,2025-04-15 07:30:00,来源：央视网央视网消息：据中国天气网消息，北京今天（4月15日）晴转多云，最高气温可达31℃，或创今年来气温新高，天气晴晒，公众请注意补水防晒。,"气温,北京市,最高气温"
坚持严惩暴恐不动摇！中央政法委书记再赴新疆调研,https://news.sina.com.cn/c/2025-04-15/doc-inetevzz4391508.shtml,2025-04-15 07:16:00,来源：北京青年报 4月10日至13日，中共中央政治局委员、中央政法委书记陈文清在新疆调研。 “今年是新疆维吾尔自治区成立70周年，反分裂反恐怖任务十分繁重。,
护好乡村振兴资金,https://news.sina.com.cn/c/2025-04-15/doc-inetevzx7610928.shtml,2025-04-15 07:02:00,“高粱种植保险理赔更透明了，农户种粮也更放心了。”近日，四川省泸州市江阳区纪检监察干部来到通滩镇卢坪村吉丰高粱专业合作社开展回访，了解到巡察反馈问题已整改到位...,乡村振兴
天祝：靶向监督 为乡村振兴注入阳光“伏利”,https://news.sina.com.cn/c/2025-04-15/doc-inetewae8160284.shtml,2025-04-15 06:54:00,“违规发放的6600元光伏产业收益资金，我们已经退回给村股份经济合作社了。”近日，武威市天祝县纪委监委回访时，哈溪镇茶岗村党支部书记严某某说。,农业农村
定西：开启纪法精兵培养“精准滴灌”新模式,https://news.sina.com.cn/c/2025-04-15/doc-inetewaa8724774.shtml,2025-04-15 06:54:00,近日，定西市纪委监委举办全市乡镇基层纪检监察干部能力提升示范培训班。这是该市今年以来举办的第三期专题培训班，160名乡镇纪检监察干部参加。,"纪检监察,定西市"
英国将从中企手中接管英钢，中方发声了,https://news.sina.com.cn/c/2025-04-15/doc-inetewaa8724185.shtml,2025-04-15 06:48:00,[环球时报驻英国特约记者纪双城]英国议会12日通过紧急法案，赋予政府部门控制一家由中资公司拥有的英国钢铁厂的权力，并保证该工厂继续运营。,"英国,雷诺兹,中国"
大国外交最前线丨从越共中央驻地密集的双边活动中 感受中越命运共同体的世界意义,https://news.sina.com.cn/c/xl/2025-04-15/doc-inetemnf4597625.shtml,2025-04-15 01:22:00,当地时间4月14日下午，中共中央总书记、国家主席习近平在越共中央驻地同越共中央总书记苏林举行会谈，会见越南总理范明政、国会主席陈青敏。,
习近平会见越南国会主席陈青敏,https://news.sina.com.cn/c/xl/2025-04-15/doc-inetemnh8951256.shtml,2025-04-15 01:19:00,新华社河内4月14日电（记者宿亮 赵旭）4月14日晚，国家主席习近平在越共中央驻地会见越南国会主席陈青敏。 习近平指出，再次对越南进行国事访问...,
习近平同越共中央总书记苏林举行会谈,https://news.sina.com.cn/c/xl/2025-04-14/doc-inetefen8489125.shtml,2025-04-15 01:05:00,4月14日下午，中共中央总书记、国家主席习近平在越共中央驻地同越共中央总书记苏林举行会谈。 习近平指出，很高兴对越南进行国事访问，实现同苏林总书记的首轮互访。,"习近平,越南,苏林"
青海玉树州杂多县发生3.3级地震 震源深度10千米,https://news.sina.com.cn/c/2025-04-15/doc-inetefek9075464.shtml,2025-04-15 00:27:00,中国地震台网正式测定：4月15日0时18分在青海玉树州杂多县（北纬32.53度，东经93.48度）发生3.3级地震，震源深度10千米。,"青海省,地震,震源深度"
习近平会见越南总理范明政,https://news.sina.com.cn/c/xl/2025-04-14/doc-inetefek9066358.shtml,2025-04-14 23:54:00,新华社河内4月14日电（记者韩墨 刘锴）4月14日晚，国家主席习近平在越共中央驻地会见越南总理范明政。 习近平指出，在越南党和政府领导下，越南政治社会稳定...,
越共中央总书记苏林为习近平举行欢迎仪式,https://news.sina.com.cn/c/xl/2025-04-14/doc-inetefef7932814.shtml,2025-04-14 23:52:00,4月14日，中共中央总书记、国家主席习近平抵达河内对越南进行国事访问。当日下午，越共中央总书记苏林为习近平举行隆重欢迎仪式。,
开年以来首场！国家副主席南下出席重要活动,https://news.sina.com.cn/c/xl/2025-04-14/doc-inetefen8500632.shtml,2025-04-14 23:46:00,来源：北京青年报 撰文丨余晖 高语阳 4月13日，第五届中国国际消费品博览会、“购在中国”系列活动启动仪式在海口举行。国家副主席韩正和有关国家领导人...,
习近平同越共中央总书记苏林举行会谈,https://news.sina.com.cn/c/xl/2025-04-14/doc-inetefek9058335.shtml,2025-04-14 23:22:00,新华社河内4月14日电（记者倪四义 张崇防）4月14日下午，中共中央总书记、国家主席习近平在越共中央驻地同越共中央总书记苏林举行会谈。,
中部经济大省，亟待打通“任督二脉”,https://news.sina.com.cn/c/2025-04-14/doc-inetefek9054052.shtml,2025-04-14 23:03:00,每经记者 程晓玲  4月14日，海关总署副署长王令浚在国新办新闻发布会上介绍，今年一季度，中西部地区进出口1.84万亿元，增长8.7%，增速比全国整体增速高7.4个百分点...,"湖南省,长江,安徽省"
习近平同越共中央总书记苏林会谈,https://news.sina.com.cn/c/2025-04-14/doc-inetcywq8616203.shtml,2025-04-14 22:40:00,习近平同越共中央总书记苏林会谈：要增强战略定力，共同反对单边霸凌行径，维护全球自由贸易体制和产业链供应链稳定。（新华社）,
市场监管总局出台37条重点举措，支持民营企业发展,https://news.sina.com.cn/c/2025-04-14/doc-inetcywq8605232.shtml,2025-04-14 21:55:00,近日，市场监管总局印发《贯彻落实民营企业座谈会精神重点举措清单》（以下简称《清单》），提出37条重点举措。在破除壁垒、推动公平竞争方面，要推动实施《公平竞争审查,
中国籍“钢铁大王”在菲律宾遭撕票，疑似嫌犯已锁定，亲属发声：希望还他公道,https://news.sina.com.cn/c/2025-04-14/doc-inetcywq8599608.shtml,2025-04-14 20:49:00,新京报报道，近日，据菲律宾媒体消息，经菲警方调查，初步锁定疑似涉嫌绑架中国籍商人郭从愿的嫌犯。郭从愿的亲属称，希望还他一个公道。,"菲律宾,大王"
今年国科大招生范围扩大，首次在河北等7省份招本科生,https://news.sina.com.cn/c/2025-04-14/doc-inetcywm4802646.shtml,2025-04-14 20:48:00,4月14日，澎湃新闻从中国科学院大学（以下简称“国科大”）获悉，2025年国科大招生范围扩大，在北京、江苏、浙江、山东、陕西、四川、河南、湖南、云南、辽宁、湖北、福建...,"国科大,科研,本科生"
心相近｜“中越友好的根基在人民”——习近平主席引领推动中越传统友谊恒久常新,https://news.sina.com.cn/c/xl/2025-04-14/doc-inetcywq8580624.shtml,2025-04-14 20:38:00,4月的越南首都河内，春意正浓。走进象征两国友好的越中友谊宫，一株新栽种的树正蓬勃生长，树前石碑上写着“越中人文交流树，越共中央总书记苏林种植于2025年3月20日”。,
中国籍“钢铁大王”在菲律宾遭撕票，疑似嫌犯已锁定，亲属发声：希望还他公道,https://news.sina.com.cn/c/2025-04-14/doc-inetcywn9143428.shtml,2025-04-14 20:24:00,新京报报道，近日，据菲律宾媒体消息，经菲警方调查，初步锁定疑似涉嫌绑架中国籍商人郭从愿的嫌犯。郭从愿的亲属称，希望还他一个公道。郭从愿的亲属称，大家都沉浸在悲痛,
十大重点任务！12部门发文促“健康消费”,https://news.sina.com.cn/o/2025-04-14/doc-inetcuqq9272843.shtml,2025-04-14 20:24:00,2024年中国大健康产业总收入规模已接近9万亿元。根据《“健康中国2030”规划纲要》提出的目标，2030年我国健康服务业总规模将达到16万亿元。,方案
何同学拒给好评惹争议背后：好评“困住”多少人,https://news.sina.com.cn/c/2025-04-14/doc-inetcuqq9272827.shtml,2025-04-14 20:23:00,4月11日，互联网博主 @老师好我叫何同学 （以下简称何同学）在社交媒体分享自己处理网约车司机索要好评的经历引发争议。他提到，过去面对司机的好评请求会口头答应但事后遗...,顾客
拼多多“千亿扶持”加速商家掘金西部市场,https://news.sina.com.cn/c/2025-04-14/doc-inetcuqs8708703.shtml,2025-04-14 20:22:00,这个春季，蓝莓盆栽成了“城市农夫”的顶流“蓝朋友”。“在南方卖得好不是新闻，有意思的是，西北用户也喜爱有加。”园艺商家冯威原以为西北人的种菜天赋至少要发挥在自家宽敞的...,"拼多多,宁夏,掘金"
景德镇一家三口被撞身亡，肇事者两次猛踩油门,https://news.sina.com.cn/c/2025-04-14/doc-inetcuqs8701341.shtml,2025-04-14 19:51:00,来源：中国新闻周刊 4月15日，江西景德镇“一家三口被撞身亡案”将在景德镇市中级人民法院一审开庭，廖某某因涉嫌危险方法危害公共安全罪被起诉。,
“租机贷”变“高利贷”，到手18万需还41万，央视曝光手机租赁乱象,https://news.sina.com.cn/c/2025-04-14/doc-inetcuqq9262699.shtml,2025-04-14 19:43:00,红星资本局4月14日消息，据总台《财经调查》栏目调查，一家入驻人人租的商家透露，所谓的租赁，其实就是消费者在分期购买手机，利润高，收益颇丰。,"高利贷,曝光,央视"
现金流指数基金成新风口，公募扎堆布局催生哪些隐忧,https://news.sina.com.cn/o/2025-04-14/doc-inetcuqs8691565.shtml,2025-04-14 19:27:00,ETF市场4万亿临界点背后的结构性矛盾 在ETF规模逼近4万亿元大关之际，公募基金再度掀起细分赛道争夺战。今年以来，聚焦企业经营质量的现金流相关指数基金异军突起...,
越共中央总书记苏林为习近平举行欢迎仪式,https://news.sina.com.cn/c/xl/2025-04-14/doc-inetcywn9144615.shtml,2025-04-14 19:15:00,4月14日，中共中央总书记、国家主席习近平抵达河内对越南进行国事访问。当日下午，越共中央总书记苏林为习近平举行隆重欢迎仪式。,
越共中央总书记苏林为习近平举行欢迎仪式,https://news.sina.com.cn/c/xl/2025-04-14/doc-inetcuqq9254037.shtml,2025-04-14 19:15:00,4月14日，中共中央总书记、国家主席习近平抵达河内对越南进行国事访问。当日下午，越共中央总书记苏林为习近平举行隆重欢迎仪式。,"习近平,苏林,越共中央总书记"
商家招牌禁用“红蓝”，城市治理不能如此要“面子”,https://news.sina.com.cn/c/2025-04-14/doc-inetcuqq9255150.shtml,2025-04-14 19:08:00,近日，关于河北省三河市商户被要求禁用“红蓝”招牌的报道，引发关注。多条街道的商户表示，接到城管部门“整改”通知，有的招牌由相关部门工作人员上门拆除，有的商户自主,
《国家标准化指导性技术文件管理规定》 公布实施,https://news.sina.com.cn/c/2025-04-14/doc-inetcuqs8693700.shtml,2025-04-14 19:01:00,来源：央视网央视网消息：据市场监管总局网站消息，4月7日，国家标准化管理委员会修订公布《国家标准化指导性技术文件管理规定》（以下简称《管理规定》），即日起施行。,管理规定
江西修水两死命案受害者亲属：小侄女睡觉时被妈妈叫醒躲过一劫,https://news.sina.com.cn/c/2025-04-14/doc-inetcuqm8154774.shtml,2025-04-14 18:45:00,【#夫妇遇害前叫醒熟睡两女儿躲过一劫#】#男子杀情人及其丈夫案进展#4月14日，记者从受害者亲属处获悉，江西修水警方已对两名死者进行尸检，4月9日，修水一民房发,
强风、沙尘等天气将结束 南方开启大规模入夏,https://news.sina.com.cn/c/2025-04-14/doc-inetcuqq9239954.shtml,2025-04-14 18:34:00,前几天的天气简直乱成了一锅粥。同期少见的强风、穿透到海南岛的沙尘、暴雪和暴雨同框，这些天气将春天多变、复杂的气候展现了个淋漓尽致。,"沙尘,阵风,大风"
二十届中央第四轮巡视完成反馈,https://news.sina.com.cn/c/2025-04-14/doc-inetcuqs8671165.shtml,2025-04-14 18:30:00,根据党中央部署，二十届中央第四轮巡视反馈工作近日全部完成。本轮巡视反馈采取集中反馈和巡视组“一对一”反馈相结合的方式进行。,党中央
“三河强换商户招牌”报告将出，廊坊市营商办：一周前曾发函要求当地政府纠正,https://news.sina.com.cn/c/2025-04-14/doc-inetcuqm8150727.shtml,2025-04-14 18:27:00,大河报·豫视频记者刘永恒近日，河北廊坊三河市商户被要求禁用“红蓝黑”三色招牌一事持续发酵。4月14日，大河报《看见》记者从廊坊市优化营商环境领导小组办公室获悉，,
“梁老师家暴”冲上热搜！本人道歉！,https://news.sina.com.cn/c/2025-04-14/doc-inetcuqm8121057.shtml,2025-04-14 18:12:00,4月14日，说唱圈知名艺人何美延通过社交媒体公开指控其丈夫Tsong梁老师存在家暴、孕期聊骚以及对她羞辱等行为，并晒出自己受伤的照片，引发社会关注。,何美延
大风蓝色预警：新疆、内蒙古等地有5～7级大风,https://news.sina.com.cn/c/2025-04-14/doc-inetcuqq9241324.shtml,2025-04-14 18:04:00,来源：央视网央视网消息：中央气象台4月14日18时发布大风蓝色预警，预计，4月14日20时至15日20时，新疆北部、内蒙古中西部、甘肃河西、宁夏北部等地有5～7级大风...,"大风,新疆,内蒙古"
曝哪吒汽车经销商桐乡喊话方运舟，原CEO张勇回应“已在英国”消息,https://news.sina.com.cn/c/2025-04-14/doc-inetcqhs9355005.shtml,2025-04-14 17:54:00,红星资本局4月14日消息，近日，有网传视频显示哪吒汽车经销商在哪吒桐乡工厂门前，要求哪吒汽车给出一个交代，称“请方运舟董事长正面作出回应”。,"桐乡,债转股,方运舟"
我国北部和东部海域将有6~8级大风,https://news.sina.com.cn/c/2025-04-14/doc-inetcqhs9350628.shtml,2025-04-14 17:48:00,来源：央视网央视网消息：4月14日，中央气象台发布海洋天气公报。一、近海海域天气实况 4月14日02时至14时，渤海、渤海海峡出现了6~7级、阵风8级的西北风...,"阵风,黄海"
“压力下展现了较强韧性”，我国一季度出口规模突破6万亿元,https://news.sina.com.cn/c/2025-04-14/doc-inetcqhp8242180.shtml,2025-04-14 17:42:00,今年一季度我国货物贸易进出口10.3万亿元，同比（下同）增长1.3%。 面对当前复杂严峻的外部形势，我国一季度外贸交出超预期答卷。,"东盟,进出口"
产业助力乡村振兴，发展促进民族团结 | 看内蒙古如何让各民族携手奔向现代化,https://news.sina.com.cn/c/2025-04-15/doc-inetfaka8055399.shtml,2025-04-14 17:29:00,近年来，内蒙古自治区深入学习贯彻习近平总书记关于加强和改进民族工作的重要思想和对内蒙古的重要指示精神，聚焦铸牢中华民族共同体意识工作主线...,
中国电子“一把手”调整,https://news.sina.com.cn/c/2025-04-14/doc-inetcqhp8235787.shtml,2025-04-14 17:23:00,中国电子信息产业集团有限公司网站“集团领导”一栏最新显示，李立功已任中国电子信息产业集团有限公司党组书记、董事长。李立功（资料图）据介绍，李立功，男，汉族，19,
学习问答·加强党的作风建设⑥“四风”是指哪“四风”？具体表现是什么？,https://news.sina.com.cn/c/2025-04-14/doc-inetcqhr5009529.shtml,2025-04-14 17:18:00,来源：中央纪委国家监委网站,"作风建设,中央纪委"
分红潮持续升温！沪深300股息率突破3.5% 升至20年来高位,https://news.sina.com.cn/c/2025-04-14/doc-inetcqhp8229287.shtml,2025-04-14 17:08:00,财联社4月14日电，近年来，A股上市公司持续加大分红规模，作为市场核心基准指数的沪深300股息率也不断提升。据财联社统计，沪深300目前股息率已超3.5%，并升,
拼多多等27只中概股有望回流香港，市值超万亿,https://news.sina.com.cn/c/2025-04-14/doc-inetcqhs9328006.shtml,2025-04-14 17:01:00,中美关税战下，在美上市的中概股可能存在被摘牌的风险。中国香港市场成为中概股回流的主要市场。哪些中概股有望回港上市？这成为投资者关注的一大话题。,"中概股,香港,中美"
美国滥施关税伤害自身，要谈判须拿出诚意,https://news.sina.com.cn/c/2025-04-14/doc-inetcqhs9323518.shtml,2025-04-14 16:48:00,来源：央视网 美东时间4月12日，美方公布相关备忘录，豁免计算机、智能手机、半导体制造设备、集成电路等部分产品的“对等”关税。,"关税,中国,美国"
不予理会不是不反制更不是示弱 中方需要看到美方实实在在的行动才谈,https://news.sina.com.cn/c/2025-04-14/doc-inetcqhs9321177.shtml,2025-04-14 16:46:00,【#不予理会不是不反制更不是示弱#】#中方需要看到美方实实在在的行动才谈#美东时间4月12日，美方宣布，豁免计算机、智能手机、半导体制造设备、集成电路等部分产品,
前哨：中方正在和更多国家共同应对美滥施关税,https://news.sina.com.cn/c/2025-04-14/doc-inetcqhr4996980.shtml,2025-04-14 16:45:00,来源：央视网 这几天，商务部部长王文涛密集与各方沟通。｜｜4月8日下午，与欧盟委员会贸易和经济安全委员谢夫乔维奇举行视频会谈｜｜4月9日，与东盟轮值主席国...,"关税,中欧,欧盟"
兰州金河煤矿发生二氧化碳突出事故致5人遇难,https://news.sina.com.cn/c/2025-04-14/doc-inetcqhp8219190.shtml,2025-04-14 16:44:00,财联社4月14日电，记者14日从甘肃省政府获悉，窑街煤电集团有限公司金河煤矿13日发生的掘进工作面二氧化碳突出事故，截至目前已有5人遇难，9人受伤。据了解，13,
航行警告 渤海北部营口海域军事演习,https://news.sina.com.cn/c/2025-04-14/doc-inetcqhr4990719.shtml,2025-04-14 16:35:00,财联社4月14日电，据中国海事局网站消息，营口海事局发布航行警告，4月16日12时至4月17日15时，渤海北部营口海域执行军事任务，禁止驶入。,
"学习问答·加强党的作风建设⑥""四风""是指哪""四风""？具体表现是什么？",https://news.sina.com.cn/c/2025-04-14/doc-inetcqhr4993719.shtml,2025-04-14 16:34:00,来源：中央纪委国家监委网站,"作风建设,中央纪委"
美高官渲染“中国威胁”，外交部反问6个“是谁”,https://news.sina.com.cn/c/2025-04-14/doc-inetcqhs9309872.shtml,2025-04-14 16:18:00,据@日月谭天 消息，4月14日下午，外交部举行例行记者会。 记者：近日，美国国防部长赫格塞思在巴拿马城举办的2025年中美洲安全会议上大肆渲染“中国威胁”、发表攻击言论。,外交部
澳门婴幼儿每年将获发1.8万澳门元津贴,https://news.sina.com.cn/c/2025-04-14/doc-inetcqhu8740986.shtml,2025-04-14 16:14:00,财联社4月14日电，澳门特区行政长官岑浩辉今日（14日）在立法会发表《2025年财政年度施政报告》。岑浩辉宣布，澳门特区政府将推出“育儿津贴”计划，向澳门永久性,
啄木鸟公示服务流程与激励机制优化调整及整改方案，即将落地执行,https://news.sina.com.cn/c/2025-04-14/doc-inetcqhr4981846.shtml,2025-04-14 16:11:00,4月14日，@啄木鸟家庭维修发布关于服务流程与激励机制优化调整及整改方案的公示。啄木鸟表示，3月15日起，公司已全面启动问题排查及优化整改工作。截至目前，,
香港恒生指数收涨2.4% 恒生科技指数涨2.34%,https://news.sina.com.cn/c/2025-04-14/doc-inetcqhu8738948.shtml,2025-04-14 16:09:00,财联社4月14日电，香港恒生指数收涨2.4%，恒生科技指数涨2.34%。东方甄选涨超12%，百济神州涨超8%，小鹏汽车涨超6%，阿里巴巴涨超5%；零跑汽车跌近6,
市场监管总局第一季度批准发布372项国家标准物质 涉环境、食品等领域,https://news.sina.com.cn/c/2025-04-14/doc-inetcqhp8205876.shtml,2025-04-14 16:00:00,来源：央视网央视网消息：据市场监管总局网站消息，市场监管总局近日发布统计数据称，第一季度批准发布国家标准物质372项，同比增长约60%，其中国家一级标准物质25项...,
河北三河牌匾变色疑因领导说要脱俗，现场谈话视频曝光,https://news.sina.com.cn/c/2025-04-14/doc-inetcqhs9299242.shtml,2025-04-14 15:53:00,来源：大皖新闻 近日，河北三河禁用红蓝黑门头牌匾一事引发关注，截至4月14日，三河市相关部门均未对此事作出正式回应。 4月14日，有商户向记者提供了一段2024年10月底...,
澳门特区行政长官岑浩辉发表任内首份施政报告,https://news.sina.com.cn/c/2025-04-14/doc-inetcqhs9303269.shtml,2025-04-14 15:46:00,澳门特区行政长官岑浩辉14日在特区立法会发表2025年财政年度施政报告，题为《革新谋发展 奋进开新局》，这是他任内发表的首份施政报告。,"澳门特区,澳门"
美方发言攻击中国军队，外交部：是谁？是谁？是谁？是谁？是谁？是谁？,https://news.sina.com.cn/c/2025-04-14/doc-inetciyu9425317.shtml,2025-04-14 15:45:00,4月14日，外交部发言人林剑主持例行记者会。有记者提问，近日，美国国防部长赫格塞思在巴拿马城举办的2025年中美洲安全会议上大肆渲染“中国威胁”，并就中国军队、,
一英国议员入境香港被拒，外交部：特区政府有权处理入境个案,https://news.sina.com.cn/c/2025-04-14/doc-inetciyw8859000.shtml,2025-04-14 15:45:00,4月14日，外交部发言人林剑主持例行记者会。法新社记者提问，一名英国议员上周抵达香港时被拒入境，英国外长拉米对此表示关切。外交部能否介绍详细情况，对此有何回应？,
外交部：中方对中印尼关系发展前景充满信心,https://news.sina.com.cn/c/2025-04-14/doc-inetciyw8856992.shtml,2025-04-14 15:44:00,财联社4月14日电，外交部发言人林剑4月14日主持例行记者会。有记者提问，中印尼建交75周年的纪念日，两国元首互致贺电，发言人能否进一步介绍有关情况？林剑表示，,
英方通过法案允许接管中资拥有的英国钢铁公司 外交部回应,https://news.sina.com.cn/c/2025-04-14/doc-inetciyw8856040.shtml,2025-04-14 15:36:00,财联社4月14日电，外交部发言人林剑4月14日主持例行记者会。据《联合早报》报道，英国议会12日通过一项紧急法案，允许英国政府接管英国钢铁公司，而该公司已于20,
外交部：对在涉藏问题上表现恶劣的美方人员采取签证限制措施,https://news.sina.com.cn/c/2025-04-14/doc-inetciyr8320369.shtml,2025-04-14 15:33:00,4月14日，外交部发言人林剑主持例行记者会。 有记者提问，近日，针对美方声称将对深度参与制定和执行限制外国人进入藏区政策的中方官员实施签证限制...,"签证,涉藏问题,美国"
美方人士在中美洲发表涉华言论，外交部驳斥：彻头彻尾的谎言和谬论,https://news.sina.com.cn/c/2025-04-14/doc-inetciyw8851205.shtml,2025-04-14 15:32:00,[环球时报-环球网报道 记者 索炎琦]外交部发言人林剑主持4月14日例行记者会。会上有记者提问称：近日，美国国防部长赫格塞思在巴拿马城举办的2025年中美洲安全会议上大肆渲...,"美国,外交部,中美洲"
韩红母亲、西藏著名歌唱家雍西逝世！她18岁时唱的这首歌，周恩来总理曾修改歌词,https://news.sina.com.cn/c/2025-04-14/doc-inetcqhu8737089.shtml,2025-04-14 15:24:00,4月14日，西藏自治区文学艺术界联合会发布讣告，著名藏族歌唱家、原成都军区战旗歌舞团国家一级演员雍西，因病于4月13日22点19分，在北京与世长辞，享年78岁。,
习近平抵达河内对越南进行国事访问,https://news.sina.com.cn/c/xl/2025-04-14/doc-inetcywi8038627.shtml,2025-04-14 15:20:00,当地时间4月14日中午，中共中央总书记、国家主席习近平乘专机抵达河内，应越南共产党中央委员会总书记苏林、越南社会主义共和国主席梁强邀请，对越南进行国事访问。,
习近平抵达河内对越南进行国事访问,https://news.sina.com.cn/c/xl/2025-04-14/doc-inetciyt5092037.shtml,2025-04-14 15:20:00,当地时间4月14日中午，中共中央总书记、国家主席习近平乘专机抵达河内，应越南共产党中央委员会总书记苏林、越南社会主义共和国主席梁强邀请，对越南进行国事访问。,"习近平,中越,河内市"
外交部回应美关税政策反复修改,https://news.sina.com.cn/c/2025-04-14/doc-inetciyu9413782.shtml,2025-04-14 15:19:00,财联社4月14日电，外交部发言人林剑主持4月14日例行记者会。会上有记者就美国关税政策反复修改一事提问。林剑对此表示，商务部的新闻发言人已就此表明了中方的态度，,
外交部介绍中欧就美加征关税沟通协调情况,https://news.sina.com.cn/c/2025-04-14/doc-inetciyt5086390.shtml,2025-04-14 15:12:00,外交部发言人林剑：美方将关税作为极限施压、谋取私利的武器，将一己私利凌驾于国际社会公利，这是典型的单边主义、保护主义、经济霸凌行径，严重损害包括中欧在内的世界各,
A股收评：三大指数全线收涨，大消费股爆发，全市场超4500股飘红,https://news.sina.com.cn/c/2025-04-14/doc-inetciyt5083330.shtml,2025-04-14 15:04:00,4月14日，A股三大指数集体上涨，截至收盘，上证指数涨0.76%，深证成指涨0.51%，创业板指涨0.34%；北证50涨2.06%。两市成交额约12774.74,
冲上热搜！“何同学”言论惹众怒，一夜掉粉过万,https://news.sina.com.cn/c/2025-04-14/doc-inetciyt5074550.shtml,2025-04-14 14:37:00,澎湃特约评论员 江城 4月11日，互联网博主@老师好我叫何同学（下称何同学）在社交媒体分享自己处理网约车司机索要好评的经历引发争议，相关话题冲上热搜第一。,
华强北市场多款热门芯片“封库存” 分销商称有客户转向国产,https://news.sina.com.cn/c/2025-04-14/doc-inetciyr8305889.shtml,2025-04-14 14:35:00,财联社4月14日电，财联社记者于4月14日走访深圳华强北市场了解到，目前多家档口针对CPU、显卡等热门芯片的报价已经暂停，且多家档口关门歇业。“现在都在观望，封,
被公派出国，未经审批将61份水稻种质资源携带出境，研究员被判刑,https://news.sina.com.cn/c/2025-04-14/doc-inetcqhr4987591.shtml,2025-04-14 14:11:00,#研究员私自携水稻种子出境被判刑#【未经审批将61份水稻种质资源携带出境，研究员符某某被判刑】微信公众号“国家安全部”4月14日发布国安重磅案例之“糊涂的研究员,
金价再创历史新高，多个品牌金饰接近1000元/克，中信建投称“黄金修复在即”,https://news.sina.com.cn/c/2025-04-14/doc-inetccsw9505342.shtml,2025-04-14 13:08:00,4月11日，国际黄金价格再创历史新高。截至收盘，伦敦现货黄金报3238.07美元/盎司，上涨1.97%；COMEX黄金报3254.90美元/盎司，上涨2.44%。,
“天塌不下来”的底气从何而来？这场发布会释放重要信息,https://news.sina.com.cn/c/2025-04-14/doc-inetcqhp8234449.shtml,2025-04-14 12:56:00,撰文丨董鑫“天塌不下来”。4月14日上午，国务院新闻办公室举行新闻发布会，介绍2025年一季度进出口情况。发布会正在进行中，海关总署关于进口形势的回应就已经冲上,
“南光通”点亮智慧生活 助力澳门中小企业数字化转型,https://news.sina.com.cn/c/2025-04-14/doc-inetccsv5174967.shtml,2025-04-14 12:23:00,近日，南光集团积极支持澳门特区政府“2024中小企业数字化支援服务”计划，向从事零售、生活服务、餐饮等业务的澳门中小企业免费提供数字化转型相关培训服务和数字化解决方案...,"澳门,中小企业"
舞蹈家黄豆豆，拟破格提拔为副局级干部,https://news.sina.com.cn/c/2025-04-14/doc-inetccsw9480662.shtml,2025-04-14 11:44:00,澎湃新闻获悉，中国文联人事部日前发布一则任职公示：经中国文联党组研究，黄豆豆同志拟任中国舞协分党组成员（副局级），提名为秘书长人选。,黄豆豆
A股午评：沪指半日涨0.86% 大消费股全线大涨,https://news.sina.com.cn/c/2025-04-14/doc-inetccsy8910862.shtml,2025-04-14 11:32:00,财联社4月14日电，市场早盘震荡反弹，三大指数小幅上涨，沪深两市半日成交额8388亿，较上个交易日放量674亿。盘面上热点较主要集中在大消费方向，个股涨多跌少，,
新华时评·锲而不舍落实中央八项规定精神｜领导干部带好头是无声的示范,https://news.sina.com.cn/c/2025-04-14/doc-inetccsy8915546.shtml,2025-04-14 11:30:00,党风廉政建设，关键在领导干部，改进作风必须自上而下、以上率下。在深入贯彻中央八项规定精神学习教育活动中，要坚决防止“上面生病，下面吃药”等形式主义敷衍应对...,"领导干部,新华时评"
海关总署：中国海关从进口的美国禽肉骨粉中检出了沙门氏菌 依法依规暂停了3家涉事企业的输华资质,https://news.sina.com.cn/c/2025-04-14/doc-inetaxkx5284592.shtml,2025-04-14 11:09:00,财联社4月14日电，海关总署新闻发言人、统计分析司司长吕大良在国务院新闻办举行新闻发布会表示，近期，中国海关从进口的美国禽肉骨粉中检出了沙门氏菌，依法依规暂停了,
A股三大指数均涨超1%，全市场近5000只个股上涨,https://news.sina.com.cn/c/2025-04-14/doc-inetaxkv8508116.shtml,2025-04-14 11:06:00,上证指数涨幅扩大至1%，深证成指涨1.13%，创业板指涨1.16%。互联网电商、可控核聚变、露营经济板块涨幅居前，全市场近5000只个股上涨。,
公职人员的这一乱象，正被严肃查处,https://news.sina.com.cn/c/2025-04-14/doc-inetatce9068455.shtml,2025-04-14 11:04:00,来源：中国新闻周刊 这种“合作”关系从表面看是一种“挂证”行为 背后隐藏的却是受贿行为 4月2日，重庆市纪委监委披露了一则公职人员违规“挂证取酬”案例：罗某是某区一家公立...,公职人员
中国电信在量子领域打造科技创新新范式,https://news.sina.com.cn/c/2025-04-14/doc-inetaxma9028722.shtml,2025-04-14 11:03:00,4月14日，全球迎来第五个“世界量子日”。中国电信在量子领域打造的“国资央企+前沿科研机构+科创企业”已成为科技创新新范式。,"中国电信,量子计算"
中美贸易领域是否存在脱钩可能？海关总署回应,https://news.sina.com.cn/o/2025-04-14/doc-inetaxma9028232.shtml,2025-04-14 11:02:00,新京报讯4月14日，国务院新闻办公室举行一季度有关经济数据例行新闻发布会，海关总署副署长王令浚介绍2025年一季度进出口情况，并答记者问。,"海关总署,关税,中美"
一季度中美贸易规模1.11万亿元，增长4%,https://news.sina.com.cn/c/2025-04-14/doc-inetaxma9028764.shtml,2025-04-14 11:02:00,4月14日上午，国新办就2025年一季度进出口情况举行新闻发布会。据海关统计，一季度，在美国政府滥施关税的干扰和冲击下，中美双边贸易仍保持增长，进出口规模1.1,
海关总署：一季度我国与共建“一带一路”国家进出口规模再创历史同期新高,https://news.sina.com.cn/c/2025-04-14/doc-inetccsw9477704.shtml,2025-04-14 10:55:00,来源：央视网央视网消息：4月14日，国务院新闻办公室举行一季度有关经济数据例行新闻发布会。 发布会上，有记者提问：今年一季度...,"一带一路,海关总署,进出口"
海关总署：中欧在许多方面有着广泛共同利益和巨大合作空间,https://news.sina.com.cn/c/2025-04-14/doc-inetccsy8911293.shtml,2025-04-14 10:48:00,来源：央视网央视网消息：4月14日，国务院新闻办公室举行一季度有关经济数据例行新闻发布会。 发布会上，有记者提问：今年是中国和欧盟建交50周年。,"欧盟,中欧,海关总署"
台媒又炒：解放军军机6架次、军舰7艘持续在台海周边活动,https://news.sina.com.cn/c/2025-04-14/doc-inetaxma9023855.shtml,2025-04-14 10:45:00,[环球网报道]据台湾“中央社”4月14日报道，台防务部门今天（14日）称，自13日上午6时至今天上午6时，“侦获”解放军军机6架次，以及军舰7艘，持续在台海周边活动。,"解放军,台媒,军舰"
贵州省2名县处级干部接受纪律审查和监察调查,https://news.sina.com.cn/c/2025-04-14/doc-inetaxky9593988.shtml,2025-04-14 10:45:00,遵义市公安局刑事侦查支队支队长丁钊接受纪律审查和监察调查据遵义市纪委监委消息：遵义市公安局刑事侦查支队支队长丁钊涉嫌严重违纪违法...,"遵义市,贵州省,刑事侦查"
海关总署：一季度装备制造业产品进出口增长7.6%，占据外贸进出口的“半壁江山”,https://news.sina.com.cn/c/2025-04-14/doc-inetaxkv8502071.shtml,2025-04-14 10:45:00,4月14日，国新办举行一季度有关经济数据例行新闻发布会，海关总署副署长王令浚介绍2025年一季度进出口情况。 王令浚介绍，今年以来，在世界经济增长动能不足...,
美国加征关税对中国会产生什么影响？海关总署回应,https://news.sina.com.cn/o/2025-04-14/doc-inetaxky9585031.shtml,2025-04-14 10:44:00,新京报讯 4月14日，国务院新闻办公室举行一季度有关经济数据例行新闻发布会，海关总署副署长王令浚介绍2025年一季度进出口情况，并答记者问。,"关税,海关总署,中国"
海南省：拟对符合条件的个人消费贷款和消费领域的服务业经营主体贷款给予财政贴息,https://news.sina.com.cn/c/2025-04-14/doc-inetaxky9579578.shtml,2025-04-14 10:30:00,财联社4月14日电，海南省人民政府办公厅印发《海南省提振和扩大消费三年行动方案》。其中提到，加大财政支持力度。2025-2027年，统筹各级财政资金100亿元以,
海关总署新闻发言人：当前我国出口确实面临复杂严峻的外部形势，但是天塌不下来,https://news.sina.com.cn/c/2025-04-14/doc-inetaxky9578963.shtml,2025-04-14 10:28:00,来源：北京青年报 [海关总署新闻发言人：当前我国出口确实面临复杂严峻的外部形势，但是天塌不下来]4月14日，国务院新闻办公室举行一季度有关经济数据例行新闻发布会。,
海关总署：严格依法实施各项对美反制措施，维护国家主权安全发展利益,https://news.sina.com.cn/c/2025-04-14/doc-inetaxky9576439.shtml,2025-04-14 10:22:00,4月14日上午10点，国务院新闻办举行新闻发布会，海关总署副署长王令浚表示，近期，美国政府滥施关税，不可避免地对全球包括中美在内的贸易造成负面影响。中国第一时间,
海关总署：一季度进出口创历史同期新高,https://news.sina.com.cn/c/2025-04-14/doc-inetaxkx5261826.shtml,2025-04-14 10:01:00,来源：中国新闻社 [海关总署：#一季度进出口创历史同期新高#]#一季度出口增长6.9%# 4月14日，海关总署发布数据显示，今年一季度，我国货物贸易进出口10.3万亿元人民币...,
增长1.3%，中国外贸首季平稳开局,https://news.sina.com.cn/c/2025-04-14/doc-inetaxky9565184.shtml,2025-04-14 10:01:00,4月14日海关总署发布外贸首季报2025年一季度我国货物贸易进出口总值10.3万亿元同比增长1.3%其中出口6.13万亿元，实现同比6.9%的较快增长进口4.1,
中信集团原副总经理徐佐被公诉！被批污染任职企业政治生态,https://news.sina.com.cn/c/2025-04-14/doc-inetaxky9566724.shtml,2025-04-14 10:00:00,正义网记者4月14日从最高人民检察院获悉，中国中信集团有限公司原党委委员、副总经理徐佐涉嫌受贿、非法经营同类营业案，由国家监察委员会调查终结，经最高人民检察院指,
平稳开局！今年一季度我国货物贸易进出口10.3万亿元,https://news.sina.com.cn/c/2025-04-14/doc-inetaxma9002228.shtml,2025-04-14 10:00:00,今天上午10点，国务院新闻办举行新闻发布会，公布今年一季度进出口情况（。据海关统计，今年一季度，我国货物贸易进出口10.3万亿元，增长1.3%。其中，,
327个国家级气象站最大阵风突破4月历史极值,https://news.sina.com.cn/c/2025-04-14/doc-inetaxky9577442.shtml,2025-04-14 09:48:00,据中央气象台消息，受强冷空气影响，4月11日以来，我国中东部大部地区出现大风天气。此次大风过程具有影响范围广、持续时间长、突破极值站点多等特点。,"阵风,大风,山西省"
香港恒生指数开盘涨2.15%，恒生科技指数涨3.13%,https://news.sina.com.cn/c/2025-04-14/doc-inetaxkv8467647.shtml,2025-04-14 09:21:00,财联社4月14日电，香港恒生指数开盘涨2.15%，恒生科技指数涨3.13%。,
赖清德喊台湾人“吃苦当吃补”，视频被赖办剪掉，岛内网友讽：敢说不敢认,https://news.sina.com.cn/c/2025-04-14/doc-inetaxky9536639.shtml,2025-04-14 09:11:00,[环球网报道]据台湾中时新闻网4月13日报道，民进党当局领导人赖清德12日在一场活动中，针对美国总统特朗普“关税战”造成的冲击，脱口说出台湾人要“吃苦当吃补”...,
监督故事丨“不知去向”的门面租金,https://news.sina.com.cn/c/2025-04-14/doc-inetatce9096301.shtml,2025-04-14 09:03:00,“因自己对财经纪律学习得不够深入，错误地认为出租村委门面得到的租金可以直接用于抵扣我们办公的日常开支。现在我认识到自身错误，也接受组织对我的处分……”日前...,党支部书记
监督破梗阻 环湖路建成惠民生,https://news.sina.com.cn/c/2025-04-14/doc-inetataz5359759.shtml,2025-04-14 09:03:00,又到一周的周五，武宣县思灵镇中心校北校区的家长们在校门外井然有序地接孩子放学，此时的情景和两个月前交通阻塞、水泄不通的情况有着很大的变化。,
广安观潮 | 从一闪念上把住底线,https://news.sina.com.cn/c/2025-04-14/doc-inetataz5360370.shtml,2025-04-14 08:54:00,守住拒腐防变防线，最紧要的是守住内心。很多时候，一个人底线的突破、行为的失守，大都是从一闪念上开始的。所谓一闪念，就是思想上开小差，给自己放松要求找借口...,"广西,广安市"
纪检监察机关着力深化风腐同查同治,https://news.sina.com.cn/c/2025-04-14/doc-inetatca9661325.shtml,2025-04-14 08:54:00,近日，重庆市北碚区召开医疗领域警示教育大会，在播出的警示教育片中，该区精神卫生中心原主任谢某出镜忏悔。此前，该区纪委监委查办了谢某和市第九人民医院连续两任“一把...,"同治,纪检监察,腐败"
坚持系统联动 强化工作协同 江苏推动国有企业改革深化提升行动走深走实,https://news.sina.com.cn/c/2025-04-14/doc-inetatca9656377.shtml,2025-04-14 08:53:00,江苏省国资国企认真贯彻落实党中央、国务院决策部署，深入实施国有企业改革深化提升行动，坚持系统联动，强化工作协同，大力推进改革任务落实。,"国有企业改革,省政府,江苏省"
海报｜这，就是越南！,https://news.sina.com.cn/c/xl/2025-04-14/doc-inetatax8579805.shtml,2025-04-14 08:47:00,应越南共产党中央委员会总书记苏林、越南社会主义共和国主席梁强邀请，中共中央总书记、国家主席习近平将于4月14日至15日对越南进行国事访问。,
习近平在越南媒体发表署名文章,https://news.sina.com.cn/c/xl/2025-04-14/doc-inetatce9088633.shtml,2025-04-14 08:44:00,新华社河内4月14日电4月14日，在赴河内对越南进行国事访问之际，中共中央总书记、国家主席习近平在越南《人民报》发表题为《志同道合携手前行...,
视频画报｜“同志加兄弟”！山水相连心相近,https://news.sina.com.cn/c/xl/2025-04-14/doc-inetatca9652965.shtml,2025-04-14 08:43:00,中国元首外交2025年首次出访即将开启。首访首站是社会主义友好邻邦越南。应越南共产党中央委员会总书记苏林、越南社会主义共和国主席梁强邀请，中共中央总书记...,
西南地区最大直径单护盾TBM“福和号”下线,https://news.sina.com.cn/c/2025-04-14/doc-inetatca9651490.shtml,2025-04-14 08:39:00,近日，中国中铁研制的西南地区最大直径单护盾TBM（全断面隧道掘进机）“福和号”在四川德阳顺利下线，即将应用于滇中引水工程大理I段香炉山隧洞6号支洞掘进施工。,
长三乙火箭成功发射通信技术试验卫星十七号,https://news.sina.com.cn/c/2025-04-14/doc-inetatax8577533.shtml,2025-04-14 08:39:00,4月11日，长征三号乙运载火箭在西昌卫星发射中心点火升空，随后将通信技术试验卫星十七号顺利送入预定轨道，发射任务取得圆满成功。,
我国首台深水水下采油树突破“密封大考”,https://news.sina.com.cn/c/2025-04-14/doc-inetatax8577497.shtml,2025-04-14 08:39:00,近日，中国海油下属海油工程特种设备分公司擎海水下总装车间门前，立起一座约3层楼高的水池，明黄色的水下采油树静静躺在池底。项目团队成员屏息凝神...,
我国首个复合型智慧储能项目成功应用,https://news.sina.com.cn/c/2025-04-14/doc-inetataz5351979.shtml,2025-04-14 08:39:00,近日，国家能源集团山东蓬莱公司101兆瓦/205兆瓦时复合储能电站一次并网成功，标志着我国首个集成四种新型储能技术的复合型智慧储能示范项目成功应用。,
C909飞机完成老挝首航,https://news.sina.com.cn/c/2025-04-14/doc-inetatca9651221.shtml,2025-04-14 08:38:00,4月12日，由老挝航空C909飞机执飞的QV331航班，从老挝万象瓦岱国际机场起飞后顺利抵达巴色国际机场，圆满完成首次商业飞行。,"老挝,航空计划"
华北电网新能源最大发电电力创新高,https://news.sina.com.cn/c/2025-04-14/doc-inetatce9086585.shtml,2025-04-14 08:38:00,近日，从国家电网获悉，华北电网新能源最大发电电力达到1.71亿千瓦，创新高。自2024年3月以来，华北电网新能源最大发电电力接连突破1.5亿、1.6亿、1.7亿千瓦大关。,"新能源,电网,创新高"
全国政协调研组调研宇树科技、游科互动等,https://news.sina.com.cn/c/2025-04-14/doc-inetatce9083613.shtml,2025-04-14 08:21:00,来源：浙江日报 4月11日至13日，全国政协调研组围绕“推动人工智能更好服务‘四个面向’”来浙江调研，并召开座谈会。全国政协副主席朱永新带队。,"人工智能,浙江省"
用好由风及腐案例加强警示教育,https://news.sina.com.cn/c/2025-04-14/doc-inetatax8571782.shtml,2025-04-14 08:13:00,本周五，夏晟宏坐上了从上海飞往新疆的班机。此行，他有一个“特殊任务”。 夏晟宏是上海市闵行区纪委监委第四纪检监察室副主任，目前挂职新疆喀什地区泽普县委组织部副部长...,"新疆,党员干部,上海市"
从一闪念上把住底线,https://news.sina.com.cn/c/2025-04-14/doc-inetataz5348709.shtml,2025-04-14 08:13:00,守住拒腐防变防线，最紧要的是守住内心。 很多时候，一个人底线的突破、行为的失守，大都是从一闪念上开始的。所谓一闪念，就是思想上开小差，给自己放松要求找借口...,党员干部
严查侵害群众利益问题 集中清退违纪款,https://news.sina.com.cn/c/2025-04-14/doc-inetatax8568998.shtml,2025-04-14 08:04:00,日前，广西壮族自治区岑溪市纪委监委联合归义镇纪委，召开涉案违纪款集中清退现场会，11户群众收到了相关清退款。 此前，归义镇纪委在监督检查时发现...,岑溪市
以案促改破梗阻,https://news.sina.com.cn/c/2025-04-14/doc-inetatce9077199.shtml,2025-04-14 08:03:00,春分刚过，广西壮族自治区崇左市纪委监委工作人员来到天等好牛缘牧业有限公司肉牛养殖场进行回访。在宽敞的标准化牛圈中，饲养员正忙着给肉牛添加草料...,崇左市
深度关注丨有力整治带来可感变化,https://news.sina.com.cn/c/2025-04-14/doc-inetatax8568957.shtml,2025-04-14 08:03:00,湖北省武汉市蔡甸区纪委监委聚焦农村集体“三资”管理领域存在的突出问题开展整治，助推黄虎村集体经济不断发展壮大。图为该村村容村貌。,"农村集体,武汉市,杨博"
纪检监察机关着力深化风腐同查同治 以“查”“治”贯通阻断风腐演变,https://news.sina.com.cn/c/2025-04-14/doc-inetatca9639602.shtml,2025-04-14 07:53:00,近日，重庆市北碚区召开医疗领域警示教育大会，在播出的警示教育片中，该区精神卫生中心原主任谢某出镜忏悔。此前，该区纪委监委查办了谢某和市第九人民医院连续两任“一把...,"同治,纪检监察,腐败"
中国社会科学院学部委员余永定：择机降准降息的“择机”有三层含义,https://news.sina.com.cn/c/2025-04-14/doc-inetatce9076046.shtml,2025-04-14 07:52:00,2025年4月3日，美国总统特朗普签署“对等关税”行政命令，宣布美国将对所有进口货品征收10%的最低基准关税，对部分国家和地区还将征收更高关税。,"货币政策,余永定,中国人民银行"
中方深夜回应，这三句话很有看头,https://news.sina.com.cn/c/2025-04-14/doc-inetatax8567628.shtml,2025-04-14 07:39:00,深夜回应，必有大事。因为美国关税的事情，中国商务部的同志，周末肯定也在加班。这是以记者提问的形式，以商务部发言人的名义，13日晚作出的中方郑重回应。问题是这样的,
清风为伴产业兴 | 联动监督纾困解难,https://news.sina.com.cn/c/2025-04-14/doc-inetatca9634106.shtml,2025-04-14 07:24:00,日前，在“中国茶花之乡”浙江省金华市婺城区竹马乡，一年一度的中国茶花文化交流活动如约而至，五湖四海的游客、花农汇聚一堂共话花事。,中国
有力整治带来可感变化,https://news.sina.com.cn/c/2025-04-14/doc-inetatce9069565.shtml,2025-04-14 07:23:00,湖北省武汉市蔡甸区纪委监委聚焦农村集体“三资”管理领域存在的突出问题开展整治，助推黄虎村集体经济不断发展壮大。图为该村村容村貌。 吴天 摄,"农村集体,武汉市,杨博"
以“查”“治”贯通阻断风腐演变,https://news.sina.com.cn/c/2025-04-14/doc-inetatax8561769.shtml,2025-04-14 07:23:00,近日，重庆市北碚区召开医疗领域警示教育大会，在播出的警示教育片中，该区精神卫生中心原主任谢某出镜忏悔。此前，该区纪委监委查办了谢某和市第九人民医院连续两任“一把...,"同治,腐败,纪检监察"
保障改革部署落地见效,https://news.sina.com.cn/c/2025-04-14/doc-inetatce9069475.shtml,2025-04-14 07:23:00,河南省洛阳市偃师区纪委监委围绕惠企政策落实、涉企服务作风等，深入一线监督检查，护航民营经济健康发展。图为近日，该区高龙镇纪委干部在当地某企业走访了解相关情况。,"洛阳市,河南省,偃师市"
庆阳：精准培训实战练兵 锻造纪检监察铁军,https://news.sina.com.cn/c/2025-04-14/doc-inetatca9633922.shtml,2025-04-14 07:23:00,“作为纪检监察新兵，工作中有时会感到本领恐慌，这次培训在提升自身业务能力和综合素质的同时，也为今后走向监督执纪一线奠定了坚实基础。,"纪检监察,庆阳市"
广安观潮 | 从一闪念上把住底线,https://news.sina.com.cn/c/2025-04-14/doc-inetatce9069364.shtml,2025-04-14 07:23:00,守住拒腐防变防线，最紧要的是守住内心。很多时候，一个人底线的突破、行为的失守，大都是从一闪念上开始的。所谓一闪念，就是思想上开小差，给自己放松要求找借口...,"广安市,广西"
诗说廉语 | 硕鼠贪黠五技穷,https://news.sina.com.cn/c/2025-04-14/doc-inetatca9630425.shtml,2025-04-14 07:13:00,邓文原是元初著名书法家，与赵孟頫、鲜于枢齐名，他的题画诗写得很好，为同时代的赵孟頫、钱舜举的画都题过诗。这首诗就是观看钱舜举的《硕鼠图》后有感而发。,赵孟頫
大风黄色预警继续：河北、北京等地局地阵风10级以上,https://news.sina.com.cn/c/2025-04-14/doc-inetaxky9561589.shtml,2025-04-14 07:10:00,来源：央视网央视网消息：中央气象台4月14日06时继续发布大风黄色预警，预计，4月14日08时至15日08时，新疆北部、内蒙古中东部、华北、黄淮东部...,
抓紧抓实春季农业生产 确保农业增效农民增收,https://news.sina.com.cn/c/2025-04-14/doc-inetatax8564046.shtml,2025-04-14 07:08:00,4月13日，副省长李酌到南阳市唐河县调研春季农业生产。他强调，要坚决扛稳粮食安全政治责任，全力以赴抓紧抓实春季农业生产，确保农业增效、农民增收...,
“外贸优品中华行”江苏站活动将启幕,https://news.sina.com.cn/c/2025-04-14/doc-inetatax8556211.shtml,2025-04-14 07:02:00,“外贸优品中华行”江苏站活动将于4月19日至20日在南京国际展览中心举办。本次活动作为“外贸优品中华行”全国系列活动的重要地方站点，既是我省贯彻落实党中央...,江苏省
中方果断回击，美军“六代机”F-47危！,https://news.sina.com.cn/c/2025-04-14/doc-inetatce9069231.shtml,2025-04-14 07:00:00,特朗普政府滥施关税中国坚决反制、奉陪到底美国媒体开始担心中方反制措施可能会导致美国的“六代机”项目受挫中方对稀土出口加强管制美F-47战斗机充满变数据美国《,
安顺：“青廉宣讲”引导年轻干部扣好廉洁从政“第一粒扣子”,https://news.sina.com.cn/c/2025-04-14/doc-inetanvc5457944.shtml,2025-04-14 06:45:00,近日，“清廉贵州·青廉宣讲团(安顺)”年轻干部廉洁教育宣讲正式开讲，市级宣讲团成员面向全市税务系统、公路系统200余名年轻干部，用“青言青语”、身边故事、典型案例等...,安顺市
独角兽驰骋新赛道,https://news.sina.com.cn/c/2025-04-14/doc-inetataz5336457.shtml,2025-04-14 06:22:00,近日，《中国独角兽企业发展报告（2025）》对外发布。报告显示，中国独角兽企业数量达到409家，占全球独角兽企业总数的近三成，位居全球第二。,"独角兽企业,独角兽,智能化"
大风预警降级 北京中小学校、幼儿园14日正常上学,https://news.sina.com.cn/c/2025-04-13/doc-ineszvxm5784141.shtml,2025-04-13 22:51:00,4月13日17时，北京降级发布分区域大风黄色和蓝色预警信号：预计4月13日20时至14日17时，延庆、怀柔、密云、平谷、昌平、门头沟、房山区，以及石景山...,"北京市,中小学"
一家三口被开快车泄愤男子撞死，失独老人讲述细节：现场捡到儿子遗物,https://news.sina.com.cn/c/2025-04-13/doc-ineszvxi9003315.shtml,2025-04-13 22:31:00,大河报消息，推开屋门，三张宝宝的照片摆在电视柜上。胡女士指着孙子的照片说，今天是儿孙一家离开人世的第194天。2024年10月2日18时42分许，与同行女生发生,
上海紧急提醒：大风还要升级！危险，这些东西可能瞬间变成“空中利刃”,https://news.sina.com.cn/c/2025-04-13/doc-ineszvxp0090216.shtml,2025-04-13 22:29:00,今天蒙古、东北雨雪纷飞广东、海南浮尘袭扰华北、华东大风呼啸可以说全国各地的天气都不平静今天白天上海阳光虽好但风力依然强劲偏西风5级阵风6-7级沿江沿海地区6-7,
北京轨道交通已全线恢复正常运营,https://news.sina.com.cn/c/2025-04-13/doc-ineszrrk2536074.shtml,2025-04-13 21:42:00,北京市交通委消息，在市气象局降级发布分区域大风预警信号后，交通部门迅速行动，立即组织轨道运营企业开展地面高架线路巡查、异物清理等工作，在确保线路安全后，逐步取消,
陈雨菲女单夺冠、刘圣书/谭宁女双夺冠！亚锦赛国羽双金收官,https://news.sina.com.cn/c/2025-04-13/doc-ineszvxh2410805.shtml,2025-04-13 21:38:00,2025亚洲羽毛球锦标赛13日收官，中国选手陈雨菲夺得女单冠军，刘圣书/谭宁获得女双冠军。 女单决赛上演“中国德比”。陈雨菲以11：21、21：14、21：9逆转战胜韩悦夺冠...,"陈雨菲,女双,亚锦赛"
习近平主席今年首次出访，这些看点值得关注,https://news.sina.com.cn/c/xl/2025-04-14/doc-inetataz5354354.shtml,2025-04-13 21:19:00,,
将商超当“战时枢纽” 台当局又一“力作”遭群嘲,https://news.sina.com.cn/c/2025-04-13/doc-ineszrrk2531622.shtml,2025-04-13 21:17:00,据台湾《中国时报》4月13日报道，据英国《卫报》报道，台湾当局规划将全台1.3万家商超打造成“战时枢纽”，“一旦台海爆发战争”，民众可被引导前往住家附近的商超...,"商超,台当局,台湾省"
王文涛会见欧盟官员，准备了一份“特别礼物”,https://news.sina.com.cn/c/2025-04-14/doc-ineszrrm9117441.shtml,2025-04-13 20:29:00,来源：北京青年报 美国所谓“对等关税”加征前后，商务部部长王文涛分别于3月28日、4月8日两次与欧盟委员会贸易和经济安全委员谢夫乔维奇举行会谈。,"外贸企业,欧盟,美国"
【讲习所·中国与世界】平等互利创新开放惠民 中拉关系进入新阶段,https://news.sina.com.cn/c/xl/2025-04-13/doc-ineszrrk2521315.shtml,2025-04-13 20:23:00,来源：中央广电总台国际在线 [本期导读] 4月9日，拉美和加勒比国家共同体第九届峰会在轮值主席国洪都拉斯举行，中国国家主席习近平向峰会致贺信时强调...,"中国,习近平主席,惠民"
新中国培养的第一代军医、国医名师蔡瑞康教授逝世,https://news.sina.com.cn/c/2025-04-13/doc-ineszrrk2517606.shtml,2025-04-13 20:04:00,据“空军特色医学中心”微信公号消息，中国共产党的优秀党员、国医名师、全军重大宣传典型、空军特色医学中心皮肤科创始人蔡瑞康同志，因病医治无效...,中国
商务部回应美方豁免部分产品的“对等关税”：修正错误的一小步,https://news.sina.com.cn/c/2025-04-13/doc-ineszmir6009544.shtml,2025-04-13 19:03:00,商务部新闻发言人就美方豁免部分产品的“对等关税”答记者问，具体内容如下。有记者问：美方近日宣布豁免部分产品“对等关税”，中方对此有何评价？答：美东时间4月12日,
直面风雨 坚韧前行——我国外贸企业积极应对美国加征关税观察,https://news.sina.com.cn/c/2025-04-13/doc-ineszmin2640200.shtml,2025-04-13 19:01:00,在浙江义乌，一家宠物用品店正增加南美地区的供货量；在珠三角，一场电子信息展上，不少中国企业与境外企业展开洽谈；在中东欧，40余家宁波企业组团稳订单、拓市场……,
湖北宜昌交警：一公交车发生交通事故，两人受伤,https://news.sina.com.cn/c/2025-04-13/doc-ineszmip9235462.shtml,2025-04-13 18:58:00,湖北省宜昌市公安局交通管理局4月13日通报：一公交车发生交通事故，造成车上两名乘客受伤。,
美关税讹诈不得人心 中方坚定捍卫自身权益,https://news.sina.com.cn/c/2025-04-13/doc-ineszmip9237190.shtml,2025-04-13 18:58:00,连日来，美国政府肆意滥用关税手段，对包括中国在内的全球贸易伙伴征收额外所谓“对等关税”，遭到美国国内及国际社会强烈不满，引发金融市场大幅动荡...,"关税,中国,美国"
14日首班车起 北京轨道交通全路网各线路恢复正常运营,https://news.sina.com.cn/c/2025-04-13/doc-ineszmin2634575.shtml,2025-04-13 18:19:00,来源：央视网央视网消息：据北京交通微信公众号消息，13日17时，北京市气象台降级发布分区域大风黄色和蓝色预警信号，预计4月13日20时至14日17时，延庆、怀柔、密云...,"大风,轨道交通,公交"
跟着习主席看世界 | 走进越南：与中国山水相连 同志加兄弟,https://news.sina.com.cn/c/xl/2025-04-14/doc-inetcywi8026850.shtml,2025-04-13 18:15:00,来源：中国日报网 河粉飘香，斗笠轻扬 渔舟唱晚，梯田叠浪 这里是越南 越南位于中南半岛东部，地形狭长 北邻中国 西接老挝、柬埔寨 东面和南面临南海...,
影响18省份，北方沙尘为何一直吹到海南岛？,https://news.sina.com.cn/c/2025-04-13/doc-ineszmit0301121.shtml,2025-04-13 18:14:00,连日来北方的极端大风，导致沙尘大范围传输，一路向南，跨过长江、进入华南，最远抵达海南省的北部，形成了近年来影响我国范围最广的一次沙尘天气过程。,"沙尘,大风,新疆"
北京20个国家级气象站中有13站极大风突破近十年4月同期极值,https://news.sina.com.cn/c/2025-04-13/doc-ineszmit0302391.shtml,2025-04-13 18:06:00,来源：央视网央视网消息：据北京市气象局消息，受低涡影响，北京市4月11日傍晚开始出现大风天气，12日白天为风力最强时段。此次大风过程极端性强、持续时间长...,"阵风,大风,北京市"
3月个人住房新发放贷款加权平均利率约为3.1% 同比下降约60个基点,https://news.sina.com.cn/c/2025-04-13/doc-ineszmir5997411.shtml,2025-04-13 17:44:00,财联社4月13日电，记者从央行获得的最新数据显示，3月份企业新发放贷款（本外币）加权平均利率约为3.30%，比上年同期低约45个基点；个人住房新发放贷款（本外币,
中欧双方团队就电动车谈判开始接触,https://news.sina.com.cn/c/2025-04-13/doc-ineszmin2623650.shtml,2025-04-13 17:44:00,财联社4月13日电，前几天，商务部部长王文涛与欧盟委员会贸易和经济安全委员谢夫乔维奇举行视频会谈。新闻稿中提到，双方要立即开展电动汽车价格承诺谈判。谭主了解到，,
央行：一季度人民币贷款增加9.78万亿元,https://news.sina.com.cn/c/2025-04-13/doc-ineszezr9348138.shtml,2025-04-13 17:10:00,央行4月13日公布数据显示，3月末，本外币贷款余额269.26万亿元，同比增长6.9%。月末人民币贷款余额265.41万亿元，同比增长7.4%。一季度人民币贷款,
央行：一季度人民币存款增加12.99万亿元,https://news.sina.com.cn/c/2025-04-13/doc-ineszezq2745931.shtml,2025-04-13 17:08:00,央行4月13日公布数据显示，3月末，本外币存款余额322.11万亿元，同比增长6.9%。月末人民币存款余额315.22万亿元，同比增长6.7%。一季度人民币存款,
央行：2025年一季度社会融资规模增量累计为15.18万亿元,https://news.sina.com.cn/c/2025-04-13/doc-ineszmin2617702.shtml,2025-04-13 17:06:00,来源：央视网央视网消息：据央行网站消息，初步统计，2025年一季度社会融资规模增量累计为15.18万亿元，比上年同期多2.37万亿元。,"央视网,社会融资规模,比多"
央行：3月末，广义货币(M2)余额326.06万亿元 同比增长7%,https://news.sina.com.cn/c/2025-04-13/doc-ineszmin2617710.shtml,2025-04-13 17:03:00,来源：央视网央视网消息：据央行网站消息，发布2025年3月金融统计数据报告。一、广义货币增长7%3月末，广义货币(M2)余额326.06万亿元，同比增长7%。,"余额,美元,央视网"
央行：3月末社会融资规模存量为422.96万亿元，同比增长8.4%,https://news.sina.com.cn/c/2025-04-13/doc-ineszezv0418681.shtml,2025-04-13 17:03:00,央行4月13日公布数据显示，初步统计，2025年3月末社会融资规模存量为422.96万亿元，同比增长8.4%。其中，对实体经济发放的人民币贷款余额为262.18,
央行：3月末广义货币（M2）余额326.06万亿元，同比增长7%,https://news.sina.com.cn/c/2025-04-13/doc-ineszezv0417964.shtml,2025-04-13 17:02:00,4月13日，央行公布2025年3月金融统计数据报告：一、广义货币增长7%3月末，广义货币(M2)余额326.06万亿元，同比增长7%。狭义货币(M1)余额113,
北京市发布大风黄色预警,https://news.sina.com.cn/c/2025-04-13/doc-ineszezq2742987.shtml,2025-04-13 16:58:00,北京市发布大风黄色预警：预计4月13日20时至14日17时，延庆、怀柔、密云、平谷、昌平、门头沟、房山区，以及石景山、海淀和丰台等区的部分地区，有9级左右阵风，,
大阪世博会中国馆正式开馆，首日参观者人数预计超过14万,https://news.sina.com.cn/c/2025-04-13/doc-ineszezq2737783.shtml,2025-04-13 16:29:00,来源：央视新闻客户端 当地时间4月13日，2025年大阪·关西世博会（简称“大阪世博会”）正式开园。首日参观者人数预计超过14万。 时隔55年再度举办综合类世博会...,
毛宁分享里根讲话视频：“发动贸易战是摧毁就业，让美国人丢饭碗的最快方式”,https://news.sina.com.cn/c/2025-04-13/doc-ineszezq2735347.shtml,2025-04-13 16:18:00,4月13日，中国外交部发言人毛宁在社交平台X上分享了一段美国前总统罗纳德·里根1985年的讲话视频，并引用视频中里根的讲话配文称“发动贸易战是摧毁这些就业...,"里根,毛宁,贸易战"
大风持续 北京市教委提示：灵活调整学生返校时间,https://news.sina.com.cn/c/2025-04-13/doc-ineszezq2736070.shtml,2025-04-13 16:15:00,来源：央视网    央视网消息：据首都教育微信公众号消息，4月12日20时，北京市气象台发布分区域大风橙色预警信号，北京市大风持续，预计4月12日20时至13日20时，延庆...,"大风,阵风,北京市"
【新思想引领新征程】以新发展格局夯实中国经济发展根基,https://news.sina.com.cn/c/xl/2025-04-13/doc-ineszezq2731544.shtml,2025-04-13 16:02:00,央视网消息（新闻联播）：习近平总书记指出，加快构建新发展格局，就是要在各种可以预见和难以预见的狂风暴雨、惊涛骇浪中，增强我们的生存力、竞争力、发展力、持续力...,
第一观察 | 从实践看构建新发展格局的战略思维,https://news.sina.com.cn/c/xl/2025-04-13/doc-ineszezq2730711.shtml,2025-04-13 15:59:00,“构建以国内大循环为主体、国内国际双循环相互促进的新发展格局”—— 2020年4月，十九届中央财经委员会第七次会议上，习近平总书记提出构建新发展格局。,
北京市气象局：预计今日下午到傍晚风力大，最大阵风9-11级,https://news.sina.com.cn/c/2025-04-13/doc-ineszezq2723962.shtml,2025-04-13 15:22:00,北京市气象局4月13日15时17分消息，最近1小时（13日14-15时）北京市大部分地区阵风7～9级，局地阵风10级以上。全市有192个测站极大风达8级以上（占,
北京市气象局：预计今日下午到傍晚风力大 最大阵风9-11级,https://news.sina.com.cn/c/2025-04-13/doc-ineszezv0398840.shtml,2025-04-13 15:20:00,来源：央视网央视网消息：据@气象北京微博消息，最近1小时（13日14-15时）北京市大部分地区阵风7～9级，局地阵风10级以上。全市有192个测站极大风达8级以上（占比34%）...,"阵风,北京市"
“订婚强奸案”周三将宣判！男方母亲称是否发生性行为系焦点,https://news.sina.com.cn/c/2025-04-13/doc-ineszezq2736655.shtml,2025-04-13 15:18:00,【“订婚强奸案”周三将宣判！男方母亲称是否发生性行为系焦点】#山西订婚强奸案男方母亲再发声##订婚强奸案二审4月16日宣判#山西大同“订婚强奸案”有新进展。4月,
前哨：中方正在和更多国家共同应对美滥施关税,https://news.sina.com.cn/c/2025-04-13/doc-ineszezt6107100.shtml,2025-04-13 15:17:00,这几天，商务部部长王文涛密集与各方沟通。｜｜4月8日下午，与欧盟委员会贸易和经济安全委员谢夫乔维奇举行视频会谈｜｜4月9日，与东盟轮值主席国、马来西亚贸工部长扎,
中国组装美国iPhone机型的产线停工？供应链厂商：纯属误传,https://news.sina.com.cn/c/2025-04-13/doc-ineszezv0392698.shtml,2025-04-13 15:01:00,今日（4月13日）早间，天风证券知名分析师郭明錤在社交平台上表示，在中国负责组装美国iPhone机型的产线在4月9日已停止生产，目前尚未有恢复生产的消息。他还认,
江西修水刑案嫌疑人逃入山中 当地正全力缉捕，知情人称山大搜索难,https://news.sina.com.cn/c/2025-04-13/doc-ineszezt6103314.shtml,2025-04-13 14:51:00,4月10日晚，江西省修水县公安局发布警情通报称，4月9日凌晨，修水县义宁镇罗桥路一民房内发生一起刑事案件，造成两人死亡。目前，公安机关已锁定犯罪嫌疑人...,"嫌疑人,江西省"
“甲亢哥”晒多张中国行照片并发文：谢谢你，中国,https://news.sina.com.cn/c/2025-04-13/doc-inesyytx0519678.shtml,2025-04-13 14:35:00,4月13日下午，网红“甲亢哥”发文：谢谢你，中国。并配上多张此次中国行的照片。 最近“甲亢哥”来中国做直播的事，在全网刷屏。‍ 事情的主人公IShowSpeed（本名Darren...,"直播,网红"
习近平同印度尼西亚总统普拉博沃就中印尼建交75周年互致贺电,https://news.sina.com.cn/c/xl/2025-04-13/doc-inesyytt9453031.shtml,2025-04-13 14:20:00,新华社北京4月13日电 4月13日，国家主席习近平同印度尼西亚总统普拉博沃互致贺电，庆祝中印尼建交75周年。习近平指出，中国和印尼是隔海相望的好邻居、命运与共的,
澳门世界杯抽签结束 孙颖莎王楚钦小组赛对手出炉,https://news.sina.com.cn/c/2025-04-13/doc-inesyytx0522133.shtml,2025-04-13 14:20:00,今天，2025年澳门国际乒联男子及女子世界杯抽签结束。女队方面，孙颖莎、王曼昱、王艺迪、陈幸同、蒯曼按排名分列1-5组。男队方面，林诗栋、王楚钦分列1、2组...,"澳门,王楚钦,孙颖莎"
证监会首任主席“刘头儿”走了,https://news.sina.com.cn/c/2025-04-13/doc-inesyiwf0828368.shtml,2025-04-13 14:03:00,来源：中国新闻周刊 既要跑得快，又不能脱离马群” 2025年3月14日，中国证监会首任主席刘鸿儒逝世，享年94岁。 中国证券金融股份有限公司原董事长...,"刘鸿儒,人民银行,中央银行"
顺风车司机高速开“智驾”睡觉？网友投诉后获赔5元优惠券，客服回应,https://news.sina.com.cn/c/2025-04-13/doc-ineszezr9328687.shtml,2025-04-13 13:37:00,来源：新黄河 4月12日，有网友发帖称，哈啰出行平台顺风车司机在高速高架行驶路段全程睡觉，引发关注。据该网友发布的视频显示，该名司机在行驶过程中，歪着头闭着眼...,
无锡大风吹落金属管砸穿小米SU7车顶，当地：所幸没砸到人,https://news.sina.com.cn/c/2025-04-13/doc-inesyytx0522236.shtml,2025-04-13 11:54:00,极目新闻记者丁伟4月12日，江苏无锡一辆停靠在路边的小米SU7被金属管砸中车顶，引发关注。13日，有当地居民和民警告诉极目新闻记者，楼上的太阳能热水器被大风吹落,
台湾当局为何害怕他讲真话？,https://news.sina.com.cn/c/2025-04-13/doc-inesyytv6218791.shtml,2025-04-13 11:38:00,·2025年4月3日，李东宪在江苏南通接受环球人物记者采访。（刘鹏/摄）“我冒着被‘台独’分子‘舆论绞杀’的风险也要坚持做两岸交流工作。”作者：于冰2025年4,
跟着习主席看世界丨这个“早相见、晚相望”的兄弟国，还有多少你不知道的亮点?,https://news.sina.com.cn/c/xl/2025-04-14/doc-inetatax8580651.shtml,2025-04-13 11:30:00,“如手和足，如杵和臼，如根和茎，如兄和弟”， 这句妙喻曾被胡志明主席用来形容中越关系。习主席为其注解：“兄弟同心，其利断金”。,
时政微观察丨亲望亲好，邻望邻好,https://news.sina.com.cn/c/xl/2025-04-13/doc-inesyumu2947248.shtml,2025-04-13 11:19:00,4月14日至18日，中共中央总书记、国家主席习近平将对越南、马来西亚、柬埔寨进行国事访问。这是习近平主席今年首次出访，也是中央周边工作会议后首访周边国家。,"中越,马来西亚,越南"
苏炳添带队夺冠！广东队夺全国田径大奖赛肇庆站男子100米接力冠军,https://news.sina.com.cn/c/2025-04-13/doc-inesyumu2949802.shtml,2025-04-13 11:19:00,4月13日，10时40分，2025年全国田径大奖赛肇庆站男子100米接力决赛进行，广东队在第8道登场，“亚洲飞人”苏炳添跑广东队的第一棒。最终广东队以39秒25的成绩获得第1名。,
美关税讹诈不得人心 中方坚定捍卫自身权益,https://news.sina.com.cn/c/2025-04-13/doc-inesyumz0606751.shtml,2025-04-13 10:44:00,来源:新华社新华社北京4月12日电 题：美关税讹诈不得人心 中方坚定捍卫自身权益新华社记者谢希瑶、王雨萧连日来，美国政府肆意滥用关税手段...,"关税,中国,美国"
特稿｜同志加兄弟 携手启新程——越南各界热切期待中共中央总书记、国家主席习近平对越进行国事访问,https://news.sina.com.cn/zx/2025-04-13/doc-inesyumz0602192.shtml,2025-04-13 10:23:00,新华社河内4月12日电（记者邹学冕 胡佳丽 宋盈）应越南共产党中央委员会总书记苏林、越南社会主义共和国主席梁强邀请，中共中央总书记、国家主席习近平将于4月14日,
中越将开展第38次北部湾联合巡逻,https://news.sina.com.cn/c/2025-04-13/doc-inesyqcw3050994.shtml,2025-04-13 09:35:00,来源：央视网央视网消息：据国防部发布消息，根据中越两军相关协议和安排，4月16日至17日，中越两国海军舰艇编队将在北部湾海域开展第38次联合巡逻...,"中越,巡逻,国防部"
大阪世博会中国馆宣传片重磅发布！,https://news.sina.com.cn/c/2025-04-13/doc-inesyqcz6449088.shtml,2025-04-13 09:31:00,在中国传统纹样中，我们读懂四季更迭的密码；于飞天探月的土壤里，我们探索宇宙浩瀚的浪漫。2025年日本大阪世博会中国馆以千年竹简为卷轴，邀您开启一场横跨时空的对话,
贯彻落实中央纪委四次全会精神 护航国企高质量发展,https://news.sina.com.cn/c/2025-04-13/doc-inesyqcw3041476.shtml,2025-04-13 08:54:00,近日，山东省纪委监委制定《2025年省属国有企业纪检监察工作要点》，从持续深化“靠企吃企”问题整治等方面列出20项具体工作任务和工作措施。,"中央纪委,全会,腐败"
安宁和睦、繁荣发展、交融相亲——写在习近平主席出访东南亚三国之际,https://news.sina.com.cn/c/xl/2025-04-13/doc-inesyqcx9662853.shtml,2025-04-13 08:51:00,中央周边工作会议后，习近平主席即将开启2025年首次出访，中国特色大国外交在周边谱写新的篇章。应越共中央总书记苏林、越南国家主席梁强邀请，中共中央总书记、国家主,
昨夜我省大部风力明显减弱 预计今日仍有8级阵风 最大10到12级,https://news.sina.com.cn/c/2025-04-13/doc-inesyqcw3039542.shtml,2025-04-13 08:47:00,省气象台监测显示，4月12日21时至13日7时，全省大部出现阵风3到4级，安阳西部、新乡西部、济源、焦作北部、三门峡、洛阳，郑州西部等地局部7到9级...,"阵风,洛阳市,多云"
特稿｜同志加兄弟 携手启新程——越南各界热切期待中共中央总书记、国家主席习近平对越进行国事访问,https://news.sina.com.cn/c/xl/2025-04-13/doc-inesyumz0602670.shtml,2025-04-13 08:25:00,新华社河内4月12日电 题：同志加兄弟 携手启新程——越南各界热切期待中共中央总书记、国家主席习近平对越进行国事访问 新华社记者邹学冕 胡佳丽 宋盈...,"越南,总书记,习近平"
【8点见】大同“订婚强奸案”二审将于16日公开宣判,https://news.sina.com.cn/c/2025-04-13/doc-inesyqcz6431303.shtml,2025-04-13 08:01:00,来源：央视网央视网消息：每天8点，央视网为您梳理24小时内发生在咱们身边的大小事儿。 ·今年“青马工程”全国班首次增设2个专项班。,"大同市,强奸案"
一潜伏在我核心要害部位间谍落网,https://news.sina.com.cn/c/2025-04-13/doc-inesyiwc6559926.shtml,2025-04-13 07:57:00,4月11日，国家安全部微信公众号发布视频披露：近期，国家安全机关破获一起重大间谍案件，犯罪嫌疑人郝某是一名长期潜伏在我核心要害部位的外国间谍。,
我省发布法律服务民营经济高质量发展若干举措,https://news.sina.com.cn/c/2025-04-13/doc-inesyivy3159566.shtml,2025-04-13 07:52:00,省司法厅、省工商联、省律师协会近日联合印发《2025年法律服务民营经济高质量发展若干举措》，以高水平法律服务护航民营经济高质量发展。,"法律服务,企业家"
江苏发布9条改革措施 惠及公路大件生产运输企业,https://news.sina.com.cn/c/2025-04-13/doc-inesyivz9785260.shtml,2025-04-13 07:52:00,4月10日，江苏省交通运输厅发布进一步提升公路大件运输审批效能9条改革措施，将惠及5000多家大件生产运输企业。按照省政府相关要求，省交通运输厅加强整体设计...,江苏省
提质增效降本 江苏港口经济活力迸发,https://news.sina.com.cn/c/2025-04-13/doc-inesyiwc6558605.shtml,2025-04-13 07:42:00,港口处于外贸进出口最前沿，是航运的重要集结点和枢纽，也被称为外贸出口的“晴雨表”。今年一季度，江苏各地港口克服市场波动等不利影响，夺得首季“开门红”。,"苏州市,秘鲁,船舶"
加快建设重大科技基础设施 助推新质生产力培育壮大,https://news.sina.com.cn/c/2025-04-13/doc-inesyiwf0831937.shtml,2025-04-13 07:28:00,4月10日，副省长宋争辉到郑州市调研超短超强激光平台建设工作。 超短超强激光平台是河南省谋划建设的首个重大科技基础设施。在施工现场，宋争辉实地查看建设进度...,"基础设施,激光"
山西省委连夜表态,https://news.sina.com.cn/c/2025-04-13/doc-inesyiwf0827330.shtml,2025-04-13 07:15:00,据中央纪委国家监委网站4月12日晚消息，山西省委副书记、省长金湘军涉嫌严重违纪违法，目前正接受中央纪委国家监委纪律审查和监察调查。,
第一观察｜这场会见中，习近平主席两次提及“定力”,https://news.sina.com.cn/c/xl/2025-04-13/doc-inesyivy3154874.shtml,2025-04-13 07:13:00,4月11日上午，习近平主席在会见来华访问的西班牙首相桑切斯时，两次提及“定力”：谈中西关系，指出“中方愿同西班牙打造更有战略定力...,"习近平主席,西班牙,桑切斯"
遇见习近平丨给中越友谊谱写更多音乐,https://news.sina.com.cn/c/xl/2025-04-13/doc-inesyyts2843356.shtml,2025-04-13 07:00:00,FlashPlayer插件未安装安装插件，如果已经安装请检查是否被禁用undefinedundefined童光荣越南国家歌舞剧院常任指挥曾在中国留学九年被誉为“,
中央气象台继续发布大风橙色预警！华北地区局地阵风11级以上,https://news.sina.com.cn/c/2025-04-13/doc-inesyivy3147762.shtml,2025-04-13 06:01:00,今天（13日）6时，中央气象台继续发布大风橙色预警，并发布暴雪蓝色预警。华北地区等多地大风持续，部分地区阵风可达11级以上；内蒙古中东部、吉林东部山区...,"大风,阵风,中央气象台"
金湘军被查！今年已有三名正部级官员落马,https://news.sina.com.cn/c/2025-04-13/doc-inesyqec0705973.shtml,2025-04-13 05:38:00,中新网北京4月12日电(李京统)据中央纪委国家监委网站4月12日晚消息，山西省委副书记、省长金湘军涉嫌严重违纪违法，目前正接受中央纪委国家监委纪律审查和监察调查,
探访义乌后，法媒感叹：美国订单少了，他们的士气却更高了,https://news.sina.com.cn/c/2025-04-13/doc-inesxsyp1184949.shtml,2025-04-13 00:58:00,[文/观察者网 范维]“在一个闷热的春日，中国东部一家圣诞树制作工厂的工人们正有条不紊地组装树枝，他们一边给塑料松针涂抹仿雪白漆，一边轻轻擦去汗水。”,"关税,法新社,美国"
北京部分公交、地铁线路和2条有轨电车4月13日恢复运营,https://news.sina.com.cn/c/2025-04-12/doc-inesxsyp1170290.shtml,2025-04-12 22:50:00,12日20时，北京市气象台发布分区域大风橙色预警信号，预计4月12日20时至13日20时，延庆、怀柔、昌平、门头沟、房山等区的大部地区和海淀、石景山、丰台...,"大风,有轨电车,地铁"
山西省省长金湘军4月10日晚被带走接受调查,https://news.sina.com.cn/c/2025-04-12/doc-inesxnsn0232514.shtml,2025-04-12 22:17:00,经济观察报 记者 李微敖 60岁的山西省委副书记、省长金湘军，涉嫌严重违纪违法，目前正接受中央纪委国家监委纪律审查和监察调查。,
北京朝阳等7区大风预警降为黄色 海淀等区维持大风橙色预警,https://news.sina.com.cn/c/2025-04-12/doc-inesxnsn0228217.shtml,2025-04-12 21:52:00,4月12日20时，根据北京市气象台的预报，东城、西城、朝阳、大兴、顺义、平谷、密云等7个区大风预警由橙色降为黄色；海淀、昌平、延庆、通州、门头沟...,
山西省委常委会召开扩大会议，坚决拥护党中央对金湘军涉嫌严重违纪违法进行纪律审查和监察调查的决定,https://news.sina.com.cn/c/2025-04-12/doc-inesxnsn0220360.shtml,2025-04-12 21:07:00,4月12日晚，山西省委常委会召开扩大会议，通报金湘军涉嫌严重违纪违法，目前正接受中央纪委国家监委纪律审查和监察调查。与会同志一致表示，坚决拥护党中央决定...,
杭州临平一男孩坠楼，目击者：原因不清楚，但当时风很大,https://news.sina.com.cn/c/2025-04-12/doc-inesxnsr1278926.shtml,2025-04-12 21:00:00,极目新闻记者 刘毅 4月12日中午12时40分左右，杭州临平区顺达路和海蓝弄交会处一临街小区，一名男孩坠楼。有目击商户介绍，急救人员当场宣布孩子已无生命体征...,
第一观察｜做强内需主引擎，畅通经济大循环,https://news.sina.com.cn/c/xl/2025-04-12/doc-inesxhkn3731102.shtml,2025-04-12 20:37:00,加快培育完整内需体系，是畅通国民经济循环、增强国内大循环主体地位的重要基础。习近平总书记深刻指出，“构建新发展格局的关键在于经济循环的畅通无阻”“要牢牢把握扩大,
联播+｜三年三访 西班牙首相为何如此重视中国？,https://news.sina.com.cn/c/xl/2025-04-13/doc-ineszezv0405173.shtml,2025-04-12 20:37:00,时政热点，“+”速解读。 “这是你三年内第三次来访，体现了你对深化中西关系的高度重视和坚定意愿，我对此表示赞赏。” 4月的北京，生机盎然。,
北京发布分区域大风橙色预警信号,https://news.sina.com.cn/c/2025-04-13/doc-inesxxhi6772372.shtml,2025-04-12 20:29:00,千龙网北京4月12日讯据北京市突发事件预警信息发布中心最新消息，北京市气象台发布分区域大风橙色预警信号，我市大风持续，预计4月12日20时至13日20时，延庆、,
打虎！山西省省长金湘军任上被查，2天前还在主持会议,https://news.sina.com.cn/c/2025-04-12/doc-inesxnsr1277583.shtml,2025-04-12 20:10:00,来源：上观新闻 山西省委副书记、省长金湘军涉嫌严重违纪违法，目前正接受中央纪委国家监委纪律审查和监察调查。 两天前的4月10日...,
特朗普“态度大转变”，美元现罕见一幕,https://news.sina.com.cn/c/2025-04-12/doc-inesxhkq0338728.shtml,2025-04-12 19:34:00,来源：参考消息 法新社4月10日发表题为《贸易战冲击下的美元大幅贬值》的文章。文章摘编如下： 由于特朗普的贸易和经济政策，美元日渐贬值，跌至数年来未曾见过的水平。,
贵阳遭遇10级狂风+冰雹 监控拍下村民晚餐惊险瞬间 门窗没关吊顶被吹垮，所幸无人受伤,https://news.sina.com.cn/c/2025-04-12/doc-inesxhkn3717008.shtml,2025-04-12 19:16:00,来源：红星新闻 4月12日，贵州贵阳。 据国家预警发布中心消息，贵阳观山湖区气象服务中心，4月11日11时46分发布大风蓝色预警信号，4月11日19时41分发布冰雹橙色预警信号。,
重返全国第二发电大省，对山东意味着什么？,https://news.sina.com.cn/c/2025-04-13/doc-inesxaas0457412.shtml,2025-04-12 18:13:00,电力是工业的血脉，处理好电力的“供与需”也是经济大省的头等大事。广东、江苏、山东和浙江的GDP总量和用电量一直位居全国前四位，依托风电、光伏和核能...,"山东省,内蒙古,江苏省"
大风+沙尘暴+暴雪 中央气象台继续发布三预警,https://news.sina.com.cn/c/2025-04-12/doc-inesxhkn3721079.shtml,2025-04-12 18:09:00,来源：央视网央视网消息：中央气象台4月12日18时继续发布大风橙色预警、沙尘暴蓝色预警和暴雪橙色预警。中央气象台4月12日18时继续发布大风橙色预警： 预计...,"大风,阵风,中央气象台"
北京：预计傍晚风力有所减弱，明天白天仍有大风,https://news.sina.com.cn/c/2025-04-12/doc-inesxaav1503160.shtml,2025-04-12 17:42:00,据@气象北京 消息，最近1小时（12日16-17时）北京市部分地区阵风9~11级，山区局地14级。全市有70个测站极大风达9级以上（占比12%）...,
儿子在浴场宿舍突然身亡，母亲讨说法遭背铐受伤？警方否认执法有问题,https://news.sina.com.cn/c/2025-04-12/doc-inesxnsn0218610.shtml,2025-04-12 17:28:00,来源：大风新闻 儿子的工亡案件尚未尘埃落定，辽宁的牛女士又因为给儿子讨说法而陷入另一场行政官司之中。 牛女士认为，自己并无违法行为，当地公安民警采取粗暴手段抓捕...,
大连英博1-1津门虎皆3轮不胜 基莱斯6场7球领跑射手榜卡兰加扳平,https://news.sina.com.cn/c/2025-04-12/doc-inesxaav1502003.shtml,2025-04-12 17:24:00,直播吧4月12日讯北京时间4月12日下午15:30，中超第6轮，大连英博坐镇梭鱼湾专业足球场迎战天津津门虎。上半场，基莱斯推射破门，谭望嵩教练席染黄。下半场，卡,
受大风影响 福建沿海和琼州海峡这些客运航线全线停航,https://news.sina.com.cn/c/2025-04-12/doc-inesxaaq3826461.shtml,2025-04-12 17:22:00,福建沿海77条客渡运航线停航 根据福建省气象台预报，对流入海后，结合冷空气影响，福建沿海海区最大阵风可达8—9级、局部10—11级。,"航线,大风,琼州海峡"
义乌老板娘霸气喊话美国客户：要就给，不要就换赛道,https://news.sina.com.cn/c/2025-04-12/doc-inesxaaq3820953.shtml,2025-04-12 16:59:00,来源：湖北头条 近期，美国所谓的“对等关税”阴影笼罩全球，也让义乌这座外贸之城备受关注。在浙江义乌，第一财经记者遇到了万圣节用品类目的头部商户聂自勤...,
习语丨总书记为何如此重视周边工作？,https://news.sina.com.cn/c/xl/2025-04-13/doc-inesyytt9452852.shtml,2025-04-12 16:58:00,点击查看原图“聚焦构建周边命运共同体，努力开创周边工作新局面。”4月8日至9日，中央周边工作会议在北京举行。习近平总书记出席会议并发表重要讲话，系统总结新时代以,
国家海洋预报台发布海浪黄色警报,https://news.sina.com.cn/c/2025-04-12/doc-inesxaas0452605.shtml,2025-04-12 16:58:00,来源：央视网央视网消息：国家海洋预报台根据《海洋灾害应急预案》发布海浪黄色警报。受较强冷空气与出海气旋的共同影响，预计：4月12日夜间到13日白天，渤海、黄海...,"海浪,山东省,辽宁省"
【讲习所·中国与世界】习近平：中西要推动构建公正合理的全球治理体系,https://news.sina.com.cn/c/xl/2025-04-12/doc-inesxaaq3817715.shtml,2025-04-12 16:43:00,[本期导读] 4月11日，中国国家主席习近平在北京会见来华访问的西班牙首相桑切斯时表示，中西友好是两国人民基于传统友谊、现实需要、长远利益作出的正确抉择...,"中国,习近平,西班牙"
四川内江市资中县发生3.1级地震，震源深度8千米,https://news.sina.com.cn/c/2025-04-12/doc-inesxaav1493137.shtml,2025-04-12 16:41:00,来源：央视网央视网消息：据中国地震台网微信公众号消息，据中国地震台网正式测定，4月12日16时34分在四川内江市资中县发生3.1级地震，震源深度8公里，震中位于北纬29...,"四川省,地震,震源深度"
跟着习主席去马来西亚｜看！这朵“并蒂花”绽放得愈发灿烂,https://news.sina.com.cn/c/xl/2025-04-13/doc-inesyqec0712961.shtml,2025-04-12 16:36:00,中国钦州与马来西亚关丹，相距1225海里。两座“姊妹园”，串联起两座城市、两个国家的共同梦想。“中马钦州产业园区和马中关丹产业园区相继启动，开创了中国同东盟国家,
北京紧急调配避险停车场 累计达115处,https://news.sina.com.cn/c/2025-04-12/doc-inesxaaq3814875.shtml,2025-04-12 16:26:00,来源：央视网央视网消息：据“北京发布”微信公众号消息，为应对北京市近10年首个全市大风橙色预警，北京静态交通公司启动极端天气应急响应机制...,"北京市,停车场"
落地窗被整扇拔掉！河南一地气象局回应“15级大风”：建站60多年来记录到的最大风速,https://news.sina.com.cn/c/2025-04-12/doc-ineswvux1612860.shtml,2025-04-12 15:47:00,来源：大河报 据河南省气象台监测显示，4月11日6时至12日6时，河南大部出现8级到10级阵风，最大风力达15级（林州市马安脑46.8米/秒）。,
杭州—小区外立面部分墙体被狂风吹掉，有人被砸正在医院抢救,https://news.sina.com.cn/c/2025-04-12/doc-ineswvux1607294.shtml,2025-04-12 15:31:00,潮新闻客户端 记者 章然 谢春晖爆料人供图 “小区外立面部分墙体被风吹掉，好像还砸到了人，不知道人有没事？” 今天（4月12日）杭州狂风大作，下午2点多...,
青年说：连接中国与东南亚的文化纽带,https://news.sina.com.cn/c/2025-04-12/doc-ineswvus3926890.shtml,2025-04-12 15:06:00,东南亚国家和中国山水相连，人文相亲。中国与越南、柬埔寨、马来西亚的文明交流互鉴源远流长，延绵至今。 从经典名著《西游记》、到热映电影《哪吒之魔童闹海》；从极具东...,
天津蓟州区最大阵风43.2米/秒，破1951年以来历史同期极值,https://news.sina.com.cn/c/2025-04-12/doc-ineswvux1588794.shtml,2025-04-12 14:04:00,据微信公众号“天津气象”4月12日12时许消息，截至4月12日12时，天津全市出现西北风6~7级阵风10~12级，个别站14级，最大阵风43.2米/秒（14级，蓟州区盘山）...,"阵风,大风,天津市"
山西大同“订婚强奸案”二审将于4月16日公开宣判,https://news.sina.com.cn/c/2025-04-12/doc-ineswvuv7329164.shtml,2025-04-12 13:55:00,来源：大河报·豫视频 4月12日，大河报《看见》记者从山西大同“订婚强奸案”男方母亲郑女士处获悉，该案二审结果将于4月16日在大同市中级人民法院公开宣判。,
天津出现14级大风 破历史极值,https://news.sina.com.cn/c/2025-04-12/doc-ineswrnu4040586.shtml,2025-04-12 13:20:00,记者从天津市气象台了解到，11日21时起，天津市出现极端大风天气过程，截至今日12时，天津全市出现西北风6~7级阵风10~12级，个别站14级，最大阵风43.2米/秒（14级）...,"天津市,阵风,大风"
一季度汽车产销量同比均实现两位数增长,https://news.sina.com.cn/c/2025-04-12/doc-ineswrnw0668588.shtml,2025-04-12 13:12:00,中国汽车工业协会今天（4月11日）发布的最新信息显示，今年以来，一系列提振消费政策措施加速落地，消费市场提质向好，汽车行业开局运行良好。,"新能源汽车,中国汽车工业协会"
全国家电以旧换新突破1亿台,https://news.sina.com.cn/c/2025-04-12/doc-ineswrnu4037114.shtml,2025-04-12 13:10:00,记者4月11日从商务部获悉，2024年8月加力实施家电以旧换新政策以来，各地多措并举扎实推进，企业协会积极响应竞相发力，截至4月10日...,"商务部,家电"
“孙悟空”六小龄童，有新身份,https://news.sina.com.cn/zx/2025-04-12/doc-ineswrnz1710689.shtml,2025-04-12 13:04:00,4月10日，浙江绍兴文理学院举行六小龄童荣誉院长聘任仪式，聘任著名表演艺术家六小龄童（章金莱）先生为蔡元培艺术与设计学院荣誉院长。,"六小龄童,孙悟空,章金莱"
学习原声｜艰苦奋斗、勤俭节约的思想永远不能丢,https://news.sina.com.cn/c/xl/2025-04-12/doc-ineswrnu4028499.shtml,2025-04-12 12:33:00,党的十八大以来，无论是国内考察调研还是国外出访活动，习近平总书记始终以身作则、以上率下，带头严格执行中央八项规定。,
福州机场开展残损航空器搬移实战演练，真机上阵,https://news.sina.com.cn/c/2025-04-12/doc-ineswvux1588741.shtml,2025-04-12 11:57:00,4月10日，福州机场实施了一场全方位、高仿真、具实战意义的残损航空器搬移应急演练。演练现场（福州机场供图）本次演练使用一架空客A320客机，以“航班着陆偏离跑道,
中国这句话，甩了美国80条街,https://news.sina.com.cn/c/2025-04-12/doc-ineswmey0773832.shtml,2025-04-12 10:46:00,4月11日，中方继续反制，美国进口商品关税，将由84%提高到125%。一报还一报。商务部发言人说：美东时间4月10日，美方公布行政令，进一步提高对中国产品加征的,
这个行业不能“狂飙”了,https://news.sina.com.cn/c/2025-04-12/doc-ineswmew4137908.shtml,2025-04-12 10:45:00,来源：中国新闻周刊 希望通过市场价格信号引导分布式光伏高效配置 而非“一窝蜂”地只要有屋顶就去开发分布式光伏 中国电价市场化改革再迎突破。,"电网,新能源"
河南出现极端性大风 最大风力15级,https://news.sina.com.cn/c/2025-04-12/doc-ineswmfc1791329.shtml,2025-04-12 09:24:00,新华社郑州4月12日电（记者刘金辉、马意翀）河南省气象局12日发布消息称，监测显示，4月11日6时至12日6时，河南省大部出现8到10级阵风，部分县市11到13级...,"大风,阵风,河南省"
一季度中国中小企业发展指数创2020年以来新高,https://news.sina.com.cn/c/2025-04-12/doc-ineswmey0759749.shtml,2025-04-12 09:14:00,中国中小企业协会4月10日发布，一季度中国中小企业发展指数为89.5，较去年四季度上升0.5点，为2020年以来最高。中国中小企业协会的调查显示...,"中国中小企业协会,中小企业发展,中小企业"
高端访谈丨专访老挝总理宋赛,https://news.sina.com.cn/c/2025-04-12/doc-ineswvuu0555468.shtml,2025-04-12 09:11:00,他认为博鳌亚洲论坛为各国提供了互学互鉴的平台：“参加本届年会将有助于老挝与各发展中国家以及合作伙伴互相交流、学习经验。”他对中国的脱贫成就表示赞叹：“中国在这方,
强冷空气影响我国中东大部地区，多地航班受影响,https://news.sina.com.cn/c/2025-04-12/doc-ineswewy4242917.shtml,2025-04-12 09:10:00,今天，华北、华东中北部、西南地区的大风天气将影响航空运行。受极端大风天气影响，预计北京首都机场、大兴机场，以及天津、石家庄、呼和浩特机场有西北大风...,"大风,冷空气,阵风"
多措并举严查违规使用公车,https://news.sina.com.cn/c/2025-04-12/doc-ineswexc7657558.shtml,2025-04-12 08:52:00,连日来，江苏省淮安市淮阴区纪委监委党风政风监督室积极准备对全区公车使用问题开展集中约谈，这样的集中约谈已是连续第三年。,党员干部
阿联酋航空一航班备降深圳5小时被指“无餐无饮，不准下机”，机场称国际航班备降涉入境问题应航司去沟通，航司最新回应,https://news.sina.com.cn/c/2025-04-12/doc-ineswexa0885534.shtml,2025-04-12 08:49:00,4月10日，有网友发帖称，阿联酋航空的EK382航班备降深圳宝安机场5个小时，“无餐无饮，不准下机”，引发关注。11日，深圳宝安机场、香港机场工作人员告诉记者，,
探访河北三河招牌颜色“禁令”背后,https://news.sina.com.cn/c/2025-04-12/doc-ineswexa0880786.shtml,2025-04-12 08:47:00,近日，有网友发帖称河北省三河市多家商铺更换招牌颜色，红色等底色被“禁用”，一张招牌被刷成绿色的蜜雪冰城照片广泛传播并引发热议。4月8日至10日，人民网《人民直,
陕西榆林严把审理关口 守住案件质量生命线,https://news.sina.com.cn/c/2025-04-12/doc-ineswexf1909451.shtml,2025-04-12 08:42:00,陕西省榆林市纪委监委案件审理室近日会同各监督检查室、审查调查室等相关部室共同举办“审理微讲堂”。在讲堂上，审理人员围绕“蒋某某严重违纪违法案”开展业务讲解与复盘总结...,"审理工作提示,陕西省,榆林市"
买钻戒、改口费、大额转账…… 离婚时彩礼“账单”怎么算？,https://news.sina.com.cn/c/2025-04-12/doc-ineswewy4231625.shtml,2025-04-12 08:23:00,婚前数十万元大额转账、用于购买钻戒对戒的费用和婚礼上的改口费，哪些算彩礼？夫妻离婚时该如何返还？4月11日，西城区人民法院通报了一起涉及彩礼的典型案例...,"彩礼,离婚,结婚"
北京环球影城主题公园4月12日临时闭园,https://news.sina.com.cn/c/2025-04-12/doc-ineswexa0876148.shtml,2025-04-12 08:18:00,4月12日，北京环球影城发布临时闭园通告：北京市气象局发布大风橙色预警，根据相关政府部门要求，为了保障游客和团队成员的安全，北京环球影城主题公园将于2025年4,
《中国纪检监察报》新闻版头条、中央纪委国家监委网站｜贵州强化整体统筹贯通联动,https://news.sina.com.cn/c/2025-04-12/doc-ineswexf1905129.shtml,2025-04-12 08:12:00,近日，贵州省镇宁布依族苗族自治县住房和城乡建设局党组召开专题民主生活会，班子成员围绕该局原党组书记、局长严某某风腐交织问题等作对照检查、检视剖析。,"同治,贵州省,中央纪委"
4月这次强风天气从何而来？专家提醒需重点防范两类风险,https://news.sina.com.cn/c/2025-04-12/doc-ineswexc7651414.shtml,2025-04-12 08:12:00,4月11日至12日，受较强冷空气影响，华北预计将出现历史同期罕见的持续性大风。10日上午，北京市气象台发布近10年来首个大风橙色预警。,"大风,新闻1+1,阵风"
【8点见】历史新高，金饰价格突破1000元,https://news.sina.com.cn/c/2025-04-12/doc-ineswexf1902312.shtml,2025-04-12 08:01:00,来源：央视网央视网消息：每天8点，央视网为您梳理24小时内发生在咱们身边的大小事儿。 ·外交部回应美方称对华145%关税：关税战、贸易战没有赢家，中方不愿打...,
芯片原产地认定规则解读，对业内影响几何,https://news.sina.com.cn/c/2025-04-12/doc-ineswexf1899478.shtml,2025-04-12 07:45:00,来源：第一财经 “现在没有人敢报价，货在天上飘，落地的时候市场可能是另外的价格了。”一家芯片报关公司的负责人在面对芯片原产地认定新规时，发出了这样的感叹。,"芯片,美国,晶圆"
启动最新价格谈判 欧盟或取消中国生产电动汽车反补贴税,https://news.sina.com.cn/zx/2025-04-12/doc-ineswexc7647086.shtml,2025-04-12 07:40:00,本报记者陈茂利北京报道当地时间4月10日，欧盟委员会发言人表示，欧盟和中国已同意研究为中国制造的电动汽车设定最低价格，以取消欧盟于2024年征收的关税。欧盟发言,
打造全国性科技成果对接交流平台 推动科技创新和产业创新深度融合,https://news.sina.com.cn/c/2025-04-12/doc-ineswexf1899054.shtml,2025-04-12 07:36:00,4月11日，河南省“龙子湖科创路演”系列活动首场活动在郑州举行。 副省长宋争辉出席活动并致辞。他指出，“龙子湖科创路演”是全省首个科技成果转化路演中心...,中国科学院
首批乌干达咖啡豆抵豫 豫非经贸合作日益深化,https://news.sina.com.cn/c/2025-04-12/doc-ineswexa0872131.shtml,2025-04-12 07:35:00,4月11日，我省首批乌干达咖啡豆到港开箱仪式在郑州举行。 首批抵豫的19.2吨乌干达咖啡豆，由河南国际合作集团与汇川实业发展（河南）有限公司合作进口...,"河南省,经贸合作,乌干达"
全省渔业安全生产工作会议在宁召开,https://news.sina.com.cn/c/2025-04-12/doc-ineswexc7643891.shtml,2025-04-12 07:22:00,4月10日，全省渔业安全生产暨伏季休渔管理工作会议在南京召开。会上，江苏省“苏渔安”渔业安全监管系统正式上线启用。会议要求，各地要认真做好当前隐患排查和事故防范工作...,"渔业,渔船"
人民日报钟声：美国是多边贸易体制的最大破坏者,https://news.sina.com.cn/c/2025-04-12/doc-ineswewy4219960.shtml,2025-04-12 07:09:00,当地时间4月10日，在世界贸易组织成立30周年纪念活动上，多位与会代表指出，当前全球贸易正面临单边关税壁垒和不确定性加剧的挑战...,"美国是贸易大赢家,关税,美国"
天气实况：最近一小时风力逐渐加强，最大风速出现在门头沟,https://news.sina.com.cn/c/2025-04-12/doc-ineswexf1892498.shtml,2025-04-12 07:03:00,据 @气象北京 消息，受低涡影响，我市4月11日出现大风天气，11日17时至12日06时，全市598个测站中有524个测站（占比88.0%）极大风达7级及以上，359个测站（占比60...,阵风
耗资数千万元新建水库却“闲置”8年，还影响了村民饮用水？官方：系抗旱应急水库，自来水工程已重启,https://news.sina.com.cn/c/2025-04-12/doc-inesvpzp2242448.shtml,2025-04-12 06:44:00,极目新闻记者 舒隆焕 陕西吴起县大树梁水库于2015年10月开工，2017年6月竣工，由于修建水库截断了下游老水坝的水源，破坏了引水渠...,"水库,村民,抗旱"
跳水世界杯加拿大站 中国队夺混团金牌,https://news.sina.com.cn/c/2025-04-12/doc-inesvyra4348763.shtml,2025-04-12 06:29:00,北京时间4月12日，世界泳联跳水世界杯加拿大站混合团体决赛，中国队沿用了墨西哥站夺金阵容，派出王宗源、陈艺文、陈芋汐、程子龙出战，最终他们以478.80分夺得冠军。,"跳水世界杯,中国队,金牌"
大风+强对流+暴雪+沙尘暴 中央气象台今晨四预警齐发,https://news.sina.com.cn/c/2025-04-12/doc-inesvyre0991831.shtml,2025-04-12 06:01:00,中央气象台今日（12日）6时继续发布大风橙色预警、强对流天气黄色预警、暴雪黄色预警和沙尘暴蓝色预警。出行注意防范！,"大风,阵风,中央气象台"
纳斯达克中国金龙指数收盘涨1.73%,https://news.sina.com.cn/c/2025-04-12/doc-inesvuii7870460.shtml,2025-04-12 04:01:00,财联社4月12日电，纳斯达克中国金龙指数收盘涨1.73%。热门中概股涨多跌少，小鹏汽车涨超11%，蔚来涨超7%，百度、网易涨超5%，哔哩哔哩、理想汽车涨超4%，,
北京市强风持续 最大阵风风速达14级,https://news.sina.com.cn/c/2025-04-12/doc-inesvpzp2251464.shtml,2025-04-12 01:14:00,北京市强风持续，截至4月12日1：14，平原地区阵风8~11级，山区局地13级以上；全市最大阵风风速出现在门头沟高山玫瑰园（高山站） 45...,
大风到北京了，最大测到13级风！多家超市今天正常补货，北京市商务局：无需抢购！外卖平台：正推出超时骑手免责,https://news.sina.com.cn/c/2025-04-12/doc-inesvpzh4569074.shtml,2025-04-12 00:59:00,每经编辑 何小桃 受较强冷空气影响，4月11日至13日，我国中东部天气十分复杂，强降温、强雨雪、强对流、大风、沙尘纷纷登场。这股较强冷空气给华北...,"大风,北京市"
纳指涨幅扩大至1%，标普500指数涨0.9%,https://news.sina.com.cn/c/2025-04-12/doc-inesvpzh4572177.shtml,2025-04-12 00:34:00,财联社4月12日电，纳指涨幅扩大至1%，标普500指数涨0.9%，道指涨0.8%。,
北京中心城区最大风力已达10级，山区局地13级,https://news.sina.com.cn/c/2025-04-12/doc-inesvpzk1196512.shtml,2025-04-12 00:30:00,根据北京市气象台的监测，最近1小时（11日23时至12日00时），北京全市阵风普遍达8级以上，山区局地13级。瞬时最大风出现在门头沟高山玫瑰园（高山站），达 38...,"阵风,北京市"
北京今晚强风将持续 12日10时至22时为风力最强时段,https://news.sina.com.cn/c/2025-04-11/doc-inesvitk4685993.shtml,2025-04-11 23:39:00,来源：北京青年报 据北京市气象台最新消息，最近1小时（22-23时）全市阵风普遍达8级以上，山区局地13级；全市最大阵风风速出现在门头沟高山玫瑰园（高山站）39...,
河北张家口、石家庄、保定地区内高速关闭辖区所有站口,https://news.sina.com.cn/c/2025-04-11/doc-inesvitp8090133.shtml,2025-04-11 23:24:00,4月11日23时，记者从河北省公安厅高速公路交通警察总队了解到，目前张家口、保定西部、石家庄西部风力较大，大部分在8级以上，其中张家口怀安、张北、康保、万全、崇礼...,"张家口市,公安厅,石家庄市"
北京风力继续增大！门头沟一地最大阵风13级,https://news.sina.com.cn/c/2025-04-11/doc-inesvitp8076061.shtml,2025-04-11 22:28:00,最近1小时（21~22时），北京延庆、昌平、门头沟、房山、海淀、石景山部分地区阵风8级以上，山区局地13级；全市最大阵风风速出现在门头沟区高山玫瑰园，37...,"阵风,北京市"
局地大风可达12级 河南多家景区闭园赛事延期,https://news.sina.com.cn/c/2025-04-11/doc-inesvitr2358164.shtml,2025-04-11 22:23:00,据河南省气象台消息，受较强冷空气影响，4月11日8时到13日20时，河南省自西北向东南先后转西北或偏北风5到6级，阵风8到9级，其中安阳西部、鹤壁西部、新乡西部、焦作...,"大风,河南省,新乡市"
外媒：中国大量购买巴西大豆,https://news.sina.com.cn/c/2025-04-12/doc-inesvitr2336018.shtml,2025-04-11 22:00:00,来源：参考消息 据新加坡《联合早报》网站4月11日报道，中美贸易战升级影响中国对美国农产品采购，中国大豆商本周转而大量购买巴西大豆。,"巴西大豆,大豆,巴西"
两部门统筹部署中东部地区强风、沙尘、强对流天气等防范应对工作,https://news.sina.com.cn/c/2025-04-12/doc-inesvitk4690942.shtml,2025-04-11 21:22:00,来源：央视网央视网消息：4月11日，针对中东部地区强风、沙尘、强对流等灾害性天气过程，国家防灾减灾救灾委员会办公室、应急管理部密切关注本轮天气过程发展变化...,应急管理部
学习时节丨“中国人民不惹事也不怕事”,https://news.sina.com.cn/c/xl/2025-04-13/doc-inesyytv6228042.shtml,2025-04-11 20:24:00,“中国人民不惹事也不怕事”“我们从来都是在风雨洗礼中成长、在历经考验中壮大”，习近平总书记的这些话，映照出中国披荆斩棘、勇毅前行的坚定步伐。对于中国经济、经济全,
安徽省委常委、常务副省长费高云任合肥市委书记,https://news.sina.com.cn/c/2025-04-11/doc-inesvcmn4754615.shtml,2025-04-11 20:09:00,4月11日晚，合肥市召开全市领导干部会议，宣布安徽省委决定：费高云同志任合肥市委委员、常委、书记。此前，费高云担任安徽省委常委、常务副省长。,"安徽省委,市委书记,领导干部"
大风已进京！周末哪个时段风力最强？,https://news.sina.com.cn/c/2025-04-12/doc-inesvuii7859696.shtml,2025-04-11 19:43:00,预告了多日的大风如期降临。周末两天大风走向将如何变化？请您持续关注最新消息，根据预警信号做好防护。,
郭爱克同志逝世,https://news.sina.com.cn/c/2025-04-11/doc-inesvcmq1408401.shtml,2025-04-11 19:09:00,郭爱克院士治丧工作小组4月11日发布讣告，中国共产党党员、中国科学院院士、国际著名神经科学家和生物物理学家、中国科学院大学教授郭爱克同志，因病医治无效...,
王毅：美国不能任意妄为，历史车轮不能倒退,https://news.sina.com.cn/o/2025-04-11/doc-inesuxcv2506205.shtml,2025-04-11 17:46:00,2025年4月11日，中共中央政治局委员、外交部长王毅在北京会见国际原子能机构总干事格罗西时表示，当前国际局势动荡不安、乱象频出...,"王毅,美国,外交部长"
财政部：加强产权交易机构开展金融机构国有产权交易业务管理,https://news.sina.com.cn/c/2025-04-11/doc-inesvitr2362888.shtml,2025-04-11 17:34:00,来源：央视网财政部办公厅关于加强产权交易机构开展金融机构国有产权交易业务管理有关事项的通知财办金〔2025〕9号各省、自治区、直辖市、计划单列市财政厅（局）...,财政部
一见·今年首次出访，三句话展望东南亚之行,https://news.sina.com.cn/c/xl/2025-04-12/doc-ineswexc7653538.shtml,2025-04-11 17:25:00,4月14日至18日，中共中央总书记、国家主席习近平将对越南、马来西亚、柬埔寨进行国事访问。这是今年中国元首出访开篇之作，也是中央周边工作会议后面向周边的首访。,
习言道｜同世界作对，将孤立自己,https://news.sina.com.cn/c/xl/2025-04-12/doc-inesusvs4937532.shtml,2025-04-11 16:57:00,4月11日上午，国家主席习近平在北京钓鱼台国宾馆会见来华访问的西班牙首相桑切斯。习近平指出——,"习近平,桑切斯,钓鱼台"
江西发布冰雹橙色预警,https://news.sina.com.cn/c/2025-04-11/doc-inesusvu1560656.shtml,2025-04-11 16:17:00,来源：央视网央视网消息：据中央气象台网站消息，江西省气象台2025年04月11日16时17分发布冰雹橙色预警信号：预计未来6小时内，宜春、景德镇...,"江西省,冰雹,橙色预警"
商务部新闻发言人就中方针对美方再次提高对华关税实施反制答记者问,https://news.sina.com.cn/c/2025-04-11/doc-inesusvx2583599.shtml,2025-04-11 16:07:00,记者问：美东时间4月10日，美方公布行政令，进一步提高对中国输美产品加征的“对等关税”。我们注意到，中方已采取了相应关税反制措施。中方对此有何评论？答：美东时间,
商务部新闻发言人就中方在世贸组织追加起诉美进一步提高对华关税措施答记者问,https://news.sina.com.cn/o/2025-04-11/doc-inesusvx2580153.shtml,2025-04-11 16:02:00,新京报讯 据商务部消息，商务部新闻发言人就中方在世贸组织追加起诉美进一步提高对华关税措施答记者问。问：据悉，中国在世贸组织就美国进一步提高所谓“对等关税”追加提起...,
对美所有进口商品加征125%关税,https://news.sina.com.cn/c/2025-04-11/doc-inesusvs4906155.shtml,2025-04-11 15:59:00,【#对美所有进口商品加征125%关税#】#对美所有进口商品关税再提高41%#国务院关税税则委员会关于调整对原产于美国的进口商品加征关税措施的公告税委会公告2025年第6号2025年...,
新华时评·锲而不舍落实中央八项规定精神丨力戒虚功、务求实效,https://news.sina.com.cn/c/2025-04-11/doc-inesusvv8298195.shtml,2025-04-11 15:42:00,深入贯彻中央八项规定精神，各级党员干部必须力戒虚功、务求实效，坚持从实际出发，防止重“形”不重“效”，把作风建设做扎实、做到位。,
中国农发集团创建“三协同”大监督工作体系,https://news.sina.com.cn/c/2025-04-11/doc-inesusvu1517962.shtml,2025-04-11 15:33:00,中国农发集团创建大监督工作体系，构建了组织到位、职责到位、落实到位的立体化、协同性监督网络，把大监督工作有机融入党的领导、嵌入生产经营、贯穿党的建设全过程...,"中国,国务院国资委"
国务院关税税则委员会公布公告调整对原产于美国的进口商品加征关税措施,https://news.sina.com.cn/c/2025-04-11/doc-inesusvs4906494.shtml,2025-04-11 15:15:00,2025年4月10日，美国政府宣布对中国输美商品征收“对等关税”的税率进一步提高至125%。美方对华肆意加征畸高关税，严重违反国际经贸规则...,"国务院,关税,美国"
中央广播电视总台参加第35届中国新闻奖融合报道、应用创新、新媒体新闻专栏初评作品公示,https://news.sina.com.cn/c/2025-04-11/doc-inesvcmt2430250.shtml,2025-04-11 15:14:00,来源：央视网根据中国记协《中国新闻奖评选办法》和中国记协新媒体专业委员会《关于开展第35届中国新闻奖融合报道、应用创新和新媒体新闻专栏作品专项初评工作的通知》相关...,"广播电视总台,中国"
遵义职业技术学院原党委委员、副院长唐小宇被开除党籍和公职,https://news.sina.com.cn/c/2025-04-11/doc-inesusvv8302128.shtml,2025-04-11 15:05:00,据遵义市纪委监委消息：经遵义市委批准，遵义市纪委监委对遵义职业技术学院原党委委员、副院长唐小宇严重违纪违法问题进行了立案审查调查。,遵义市
A股收评：上证指数收涨0.45%，创业板指涨1.36%，芯片股全天领涨,https://news.sina.com.cn/c/2025-04-11/doc-inesunpz2677758.shtml,2025-04-11 15:04:00,4月11日，A股三大指数集体上涨，截至收盘，上证指数收涨0.45%，深证成指收涨0.82%，创业板指收涨1.36%；北证50收涨1.48%。两市成交额约1348,
中方是否会再次提高对美国进口商品关税？外交部回应,https://news.sina.com.cn/c/2025-04-11/doc-inesunpz2668953.shtml,2025-04-11 14:39:00,【环球时报-环球网报道记者索炎琦】外交部发言人林剑主持4月11日例行记者会。会上有外媒记者提问称：白宫现已证实，许多中国输美商品面临高达145%的累计关税。中方,
中国驻菲律宾使馆就一名中国公民在菲遭绑架遇害全力开展工作,https://news.sina.com.cn/c/2025-04-11/doc-inesunpu4992211.shtml,2025-04-11 14:36:00,据“中国驻菲律宾使馆”公众号4月11日消息，日前一名中国公民在菲律宾遭绑架。中国驻菲使馆高度重视，黄溪连大使第一时间作出部署，相关部门全力开展营救工作，指导并协,
外交部回应美方称对华关税达145%,https://news.sina.com.cn/c/2025-04-11/doc-inesunpz2664339.shtml,2025-04-11 14:34:00,外交部发言人林剑：中方已多次阐述在关税问题上的严正立场。关税战、贸易战没有赢家，中方不愿打，但也不怕打。我想强调，如果美方想通过对话谈判解决问题...,
沈鸿雁任国家邮政局副局长 许大纯任中国地质调查局局长,https://news.sina.com.cn/o/2025-04-11/doc-inesunpx8393399.shtml,2025-04-11 14:30:00,新京报讯 据人力资源社会保障部消息，国务院任免国家工作人员。 任命沈鸿雁（女）为国家邮政局副局长；任命许大纯为中国地质调查局局长。,"新京报,国务院,国家邮政局"
习近平会见西班牙首相桑切斯,https://news.sina.com.cn/c/xl/2025-04-11/doc-inesunpu4988488.shtml,2025-04-11 14:28:00,新华社北京4月11日电（记者邵艺博）4月11日上午，国家主席习近平在北京钓鱼台国宾馆会见来华访问的西班牙首相桑切斯。 习近平指出，当前，世界百年变局加速演进...,
新增6家中央企业宣布增持回购,https://news.sina.com.cn/c/2025-04-11/doc-inesunpz2657553.shtml,2025-04-11 14:20:00,国务院国资委全力支持央企控股上市公司不断加大增持回购力度。据不完全统计，继昨日（4月10日）9时以来，截至11日8时，新增6家央企对外积极发声，坚定看好资本市场...,
河南省防灾减灾救灾委员会办公室发布大风和强对流天气风险提示,https://news.sina.com.cn/c/2025-04-11/doc-inesunpz2660030.shtml,2025-04-11 14:03:00,河南省气象台11日8时发布大风实况，预计11日白天，全省阴天间多云，黄河以南大部、濮阳、新乡东部有分散性阵雨、雷阵雨，其中信阳、驻马店南部局地有中雨...,"大风,河南省,强对流"
中国半导体行业协会紧急通知！关税风暴将如何重构行业格局？,https://news.sina.com.cn/c/2025-04-11/doc-inesunpx8386184.shtml,2025-04-11 13:14:00,《科创板日报》4月11日讯（编辑宋子乔）今日上午，中国半导体行业协会发布关于半导体产品“原产地”认定规则的紧急通知。通知指出，根据海关总署的相关规定，“集成电路,
今天提早放学、本周末校园参观暂停，北京大中小学“备战”大风,https://news.sina.com.cn/o/2025-04-11/doc-inesunpu4961476.shtml,2025-04-11 12:55:00,根据气象部门预告，4月11日下午至13日，北京市将出现极端大风强降温天气。“视情况及时调整周五放学时间，师生周末非必要不外出。,北京市
时政微观察丨携手周边国家共创美好未来,https://news.sina.com.cn/c/xl/2025-04-12/doc-inesuhfz8485946.shtml,2025-04-11 12:30:00,4月8日至9日，中央周边工作会议在北京举行。习近平总书记出席会议并发表重要讲话，系统总结新时代以来我国周边工作的成就和经验，科学分析形势...,"命运共同体,总书记,习近平"
国际锐评｜以“中国稳”应对“美国疯”,https://news.sina.com.cn/c/2025-04-11/doc-inesuhfw5087466.shtml,2025-04-11 12:18:00,自北京时间4月10日12时01分起，中国对原产于美国的所有进口商品加征84%关税，以反制美方不断升级的关税霸凌。其他的反制措施包括：在世贸组织争端解决机制下追加,
朱立伦邀15县市长讨论应对美关税，会后声明喊话民进党当局：停止政治内耗、开放陆客,https://news.sina.com.cn/c/2025-04-11/doc-inesuhfw5071697.shtml,2025-04-11 11:55:00,[环球网报道]据台湾联合新闻网4月10日报道，国民党主席朱立伦10日晚邀请15位蓝营县市长举行“县市长联合对策会议”，共商应对美国高额关税，并在会后发表4点声明。,"朱立伦,关税,赖清德"
特朗普支持者、美国大豆协会主席敦促美方停止对华贸易战：豆农生计岌岌可危,https://news.sina.com.cn/c/2025-04-11/doc-inesuhfy1691203.shtml,2025-04-11 11:39:00,[环球网报道]据美国有线电视新闻网（CNN）10日报道，美国总统特朗普支持者、美国大豆协会主席凯莱布·拉格兰接受该媒体采访时，敦促特朗普停止发起与中国的贸易战...,"特朗普,关税,贸易战"
全红婵10米台预赛第一 携手陈芋汐双双晋级决赛,https://news.sina.com.cn/c/2025-04-11/doc-inesuhfw5066731.shtml,2025-04-11 11:29:00,2025跳水世界杯加拿大温莎站女子10米台预赛，全红婵总分404.15排名第一，陈芋汐376.45分排名第二，双双晋级决赛。决赛将于北京时间4月13日凌晨3点进行。,"全红婵,陈芋汐,加拿大"
抓捕现场曝光！国家安全机关破获一起重大间谍案件,https://news.sina.com.cn/c/2025-04-11/doc-inesunpx8391557.shtml,2025-04-11 11:23:00,据国家安全部官方微信公众号消息，近期，国家安全机关破获一起重大间谍案件，犯罪嫌疑人郝某是一名长期潜伏在我核心要害部位的外国间谍。国家安全机关查明，郝某在国外留学,
中国半导体行业协会：“集成电路”原产地按照四位税则号改变原则认定 即流片地认定为原产地,https://news.sina.com.cn/c/2025-04-11/doc-inesuhfw5046028.shtml,2025-04-11 11:11:00,财联社4月11日电，中国半导体行业协会4月11日发布《关于半导体产品“原产地”认定规则的紧急通知》。根据海关总署的相关规定，“集成电路”原产地按照四位税则号改变,
贵州检察机关依法对宋锐涉嫌受贿案提起公诉,https://news.sina.com.cn/c/2025-04-11/doc-inesusvv8310359.shtml,2025-04-11 11:10:00,日前，原贵州省地方金融监督管理局一级巡视员宋锐（正厅级）涉嫌受贿罪一案，经贵州省人民检察院指定管辖，由贵阳市人民检察院依法向贵阳市中级人民法院提起公诉。,"贵阳市,贵州省,受贿罪"
广东检察机关依法对陈奕威涉嫌受贿案提起公诉,https://news.sina.com.cn/c/2025-04-11/doc-inesusvs4907853.shtml,2025-04-11 11:09:00,日前，广东省人力资源和社会保障厅原党组副书记、厅长陈奕威（正厅级）涉嫌受贿罪一案，经广东省人民检察院指定管辖，由肇庆市人民检察院依法向肇庆市中级人民法院提起公诉...,"肇庆市,陈奕威,广东省"
肥东：做实“暖心回访” 激励担当作为,https://news.sina.com.cn/c/2025-04-11/doc-inesuhhc2712061.shtml,2025-04-11 10:42:00,“刚受到处分时，我心里压力很大，总觉得抬不起头，工作也没了干劲，没想到组织并没有放弃我，同我深入地谈心，帮助我放下思想包袱，鼓励我重拾干事创业信心。,
中国中化全力确保钾肥量足价稳 为春耕生产保驾护航,https://news.sina.com.cn/c/2025-04-11/doc-inestzxy5143114.shtml,2025-04-11 10:03:00,近期，随着天气整体转暖，我国春耕春管工作进入关键阶段，中国中化高度重视“保春耕”工作，有序推进化肥保供稳价工作落实。,
服务经济大省挑大梁 南方电网在粤重大项目建设全面启动,https://news.sina.com.cn/c/2025-04-11/doc-inestzyf2809766.shtml,2025-04-11 10:03:00,4月7日，南方电网在粤重大项目建设动员大会在广州举行。今年，南方电网公司将持续保持在粤投资规模千亿元以上，加快广东新增支撑性和保障性电源送出项目...,
中远海运积极服务中国储能装备加速出海,https://news.sina.com.cn/c/2025-04-11/doc-inestzxy5133747.shtml,2025-04-11 10:03:00,在全球能源转型浪潮下，中国储能企业正迎来出海黄金期。近期，中远海运集团完成大型储能装备出口项目，通过创新物流模式和全链条服务升级...,"中国,太仓市,船舶"
兵器工业集团“破冰行动”守护祖国最北河流安全,https://news.sina.com.cn/c/2025-04-11/doc-inestzxy5135619.shtml,2025-04-11 10:03:00,近日，伴随着响亮的爆破声，兵器工业集团江南化工内蒙科大公司顺利完成了漠河防凌破冰项目的爆破作业，有效防范了凌汛灾害的发生...,
国家电投“暖核一号”圆满完成第六个供暖季,https://news.sina.com.cn/c/2025-04-11/doc-inestzyf2808932.shtml,2025-04-11 10:03:00,近日，我国最大核能供热商用示范工程——国家电投“暖核一号”完成第六个供暖季任务，有力保障了山东烟台、威海城区40万居民清洁温暖过冬。,
中国石化与沙特阿美签署合作框架协议,https://news.sina.com.cn/c/2025-04-11/doc-inestzya1766280.shtml,2025-04-11 10:03:00,4月8日，在延布炼厂合资公司成立十周年之际，中国石化与沙特阿美签署《延布炼厂扩建项目合作框架协议》。该项目将依托现有装置，新建180万吨/年乙烯...,
习近平将对越南、马来西亚、柬埔寨进行国事访问,https://news.sina.com.cn/c/xl/2025-04-11/doc-inestzyf2803333.shtml,2025-04-11 10:02:00,外交部发言人宣布： 应越南共产党中央委员会总书记苏林、越南社会主义共和国主席梁强邀请，中共中央总书记、国家主席习近平将于4月14日至15日对越南进行国事访问。,
优化改革方法 增强协同联动 陕西加快推动区域国有企业创新融合发展,https://news.sina.com.cn/c/2025-04-11/doc-inestzxy5142398.shtml,2025-04-11 10:02:00,陕西省国资委围绕国有企业改革深化提升行动的总体目标、根本要求和重点任务，坚持以创新驱动为支撑，以区域协同为抓手，以体制机制改革为保障，持续优化改革方法...,
国家能源集团贵州公司首季绿电交易 同比增长超600%,https://news.sina.com.cn/c/2025-04-11/doc-inestzxy5135113.shtml,2025-04-11 10:02:00,一季度，国家能源集团贵州公司完成绿电交易2.19亿千瓦时，同比增长624%，实现突破性新高，为贵州区域新能源发展注入动能。,"贵州省,新能源"
江苏婚姻登记“异地通办”去年逾10万对,https://news.sina.com.cn/c/2025-04-11/doc-inestzyf2804910.shtml,2025-04-11 10:02:00,国务院近日公布新修订的《婚姻登记条例》，明确国务院民政部门统筹规划、完善全国婚姻基础信息库，进一步提高婚姻登记的便利性，实行婚姻登记“全国通办”...,
小事小节是一面镜子,https://news.sina.com.cn/c/2025-04-11/doc-inestzxy5133783.shtml,2025-04-11 10:02:00,党的历史上，周恩来总理“三付饭费”的故事，传为美谈。1973年，周恩来总理陪法国总统蓬皮杜访问杭州，为感谢工作人员，周总理在离开前请他们吃了顿便饭。,周总理
我为群众办实事｜会“咬人”的排污沟不见了,https://news.sina.com.cn/c/2025-04-11/doc-inestzyf2804842.shtml,2025-04-11 10:02:00,近日，合山市北泗镇中心小学古楼村教学点门前，一条曾经让师生家长“步步惊心”的排污沟彻底变了模样，原本裸露的明沟被盖上了结实的盖板，安全隐患的“利齿”被彻底拔除了。,
预告：第115期“纪委书记面对面”在线访谈将于4月14日播出欢迎收听收看,https://news.sina.com.cn/c/2025-04-11/doc-inestzyc8541492.shtml,2025-04-11 10:02:00,预 告：4月14日将推出《秦风热线》“纪委书记面对面”第115期在线访谈，欢迎收听收看。访谈嘉宾：中共千阳县委常委、县纪委书记、县监委主任 赵少宁主 题: 立足纪检监察职能...,
贵州省2名县处级干部接受纪律审查和监察调查,https://news.sina.com.cn/c/2025-04-11/doc-inestzya1768670.shtml,2025-04-11 10:02:00,贵州贵安发展集团有限公司审计风控部副部长刘克明接受纪律审查和监察调查据贵安新区纪检监察工委消息：贵州贵安发展集团有限公司审计风控部副部长刘克明涉嫌严重违纪违法...,"纪检监察,贵州省,六盘水市"
贪欲膨胀，搞钱色、权色交易！江苏省政协原副主席王昊被公诉,https://news.sina.com.cn/c/2025-04-11/doc-inestzyf2802105.shtml,2025-04-11 10:00:00,正义网记者4月11日从最高人民检察院获悉，江苏省政协原党组成员、副主席王昊涉嫌受贿一案，由国家监察委员会调查终结，经最高人民检察院指定...,
李良生任国家消防救援局党委书记,https://news.sina.com.cn/c/2025-04-11/doc-inestzxy5127721.shtml,2025-04-11 09:55:00,据“中国消防”微信公众号，2025年4月11日上午，中央组织部有关负责同志出席国家消防救援局领导干部会议，宣布中央决定：李良生同志任国家消防救援局党委书记。,
习言道丨习近平：在务实功、求实效上下功夫,https://news.sina.com.cn/c/xl/2025-04-13/doc-inesyqcz6437903.shtml,2025-04-11 09:27:00,要转变工作作风，坚持实事求是，尊重客观规律，把更多力量和资源向基层下沉，在务实功、求实效上下功夫，力戒形式主义、官僚主义。,
学习卡丨做好周边工作，这些原则至关重要！,https://news.sina.com.cn/c/xl/2025-04-12/doc-inestzxy5145695.shtml,2025-04-11 09:13:00,中央周边工作会议8日至9日在北京举行。习近平在重要讲话中强调要聚焦构建周边命运共同体，努力开创周边工作新局面。 周边是我国安身立命之所，发展繁荣之基...,
对华关税升至145%，美股美债齐跌,https://news.sina.com.cn/c/2025-04-11/doc-inesuhfy1655872.shtml,2025-04-11 09:09:00,特朗普一意孤行的关税极限战，让美国市场从狂欢的情绪中痛苦地醒来 文 |《财经》特约撰稿人金焱发自华盛顿 编辑 | 苏琦 根据白宫4月10日发布的一项行政命令...,
许利平：构建周边命运共同体迎来历史性契机,https://news.sina.com.cn/c/2025-04-11/doc-inestzya1771261.shtml,2025-04-11 08:59:00,来源：央视网 4月8日至9日，中央周边工作会议在北京举行。会议强调，要聚焦构建周边命运共同体，努力开创周边工作新局面。在当前国际形势下...,
广安观潮 | 小事小节是一面镜子,https://news.sina.com.cn/c/2025-04-11/doc-inestzyf2821839.shtml,2025-04-11 08:55:00,党的历史上，周恩来总理“三付饭费”的故事，传为美谈。1973年，周恩来总理陪法国总统蓬皮杜访问杭州，为感谢工作人员，周总理在离开前请他们吃了顿便饭。,"广安市,周总理"
湖北检察机关依法对王昊涉嫌受贿案提起公诉,https://news.sina.com.cn/c/2025-04-11/doc-inestzxy5138082.shtml,2025-04-11 08:37:00,江苏省政协原党组成员、副主席王昊涉嫌受贿一案，由国家监察委员会调查终结，经最高人民检察院指定，由湖北省黄石市人民检察院审查起诉。,"王昊,党组成员,人民检察院"
较强冷空气登场！北方大范围风沙来袭 南方将迎今年来最强风雹天气,https://news.sina.com.cn/c/2025-04-11/doc-inestzyf2818795.shtml,2025-04-11 08:28:00,来源：央视网 央视网消息：据中国天气网消息，受较强冷空气影响，今起三天（4月11日至13日），我国中东部天气十分复杂，强降温、强雨雪、强对流、大风、沙尘纷纷登场。,
书香与行走,https://news.sina.com.cn/c/2025-04-11/doc-inestzya1763418.shtml,2025-04-11 08:19:00,一我来自科尔沁大草原，儿时看惯了草原的游牧者。有一年我来到内蒙古扎鲁特旗的香山农场，第一次见到罕山脚下的山地草原，春天来了，漫山的野杏花开了，遍野的春草绿了...,"滦河,草原"
西岭雪山下的守墓人,https://news.sina.com.cn/c/2025-04-11/doc-inestzya1763482.shtml,2025-04-11 08:15:00,修缮后的横山岗红军战斗遗址，无名红军墓静静矗立。修缮后的横山岗红军战斗遗址，无名红军墓静静矗立。西岭雪山，云雾缭绕、山峦绵延...,红军
文化中国行丨用艺术点亮海南乡村,https://news.sina.com.cn/c/2025-04-12/doc-inesxaaq3821949.shtml,2025-04-11 08:04:00,海南日报全媒体记者吴心怡近日，898艺术村棕编手艺人盛玉正坐在工作室里埋头编织，不多时，一只活灵活现的“小青蛇”就在她的手下出现。环顾小小的工作室，展示柜上挤满,
大风橙色预警：华北黄淮等地部分地区有8至10级阵风 局地可达13级,https://news.sina.com.cn/c/2025-04-11/doc-inestzyc8548679.shtml,2025-04-11 07:32:00,来源：央视网 央视网消息：中央气象台4月11日06时继续发布大风橙色预警，预计，新疆东部和南疆盆地、青海北部、甘肃北部和东部、宁夏、陕西中北部...,
明确重点 狠抓落实 推进建设宜居宜业和美乡村,https://news.sina.com.cn/c/2025-04-11/doc-inestzyf2814993.shtml,2025-04-11 07:30:00,4月9日，全省学习运用“千万工程”经验建设宜居宜业和美乡村现场推进会在洛阳召开，总结全省学用“千万工程”经验成果，并安排部署下步工作。,
宁县：容错免责激活干部担当作为“一江春水”,https://news.sina.com.cn/c/2025-04-11/doc-inestvse1824539.shtml,2025-04-11 06:52:00,近日，得知庆阳市宁县纪委监委审核认定了发展低空经济相关容错免责事项后，和盛工业集中区建设办公室副主任马良有了信心。,党员干部
织密“三资”监督网,https://news.sina.com.cn/c/2025-04-11/doc-inestvsa5210519.shtml,2025-04-11 06:52:00,广东省佛山市纪检监察机关在农村集体“三资”领域通过制发纪检监察建议书，推动职能部门整改问题、健全制度，让农村集体“三资”管理更加规范有序。,"农村集体,佛山市,村干部"
平凉：筑牢纪检监察干部家庭廉洁防线,https://news.sina.com.cn/c/2025-04-11/doc-inestvsi2883743.shtml,2025-04-11 06:52:00,"“通过观看警示教育片和参加座谈会，我深刻认识到不仅要当好‘贤内助’，还要当好‘廉内助’,自觉守牢廉洁底线，树立良好家风。”近日，平凉市纪委监委举办“廉心守正·家国同行”干...","纪检监察,平凉市"
广安观潮 | 小事小节是一面镜子,https://news.sina.com.cn/c/2025-04-11/doc-inestvsi2883860.shtml,2025-04-11 06:52:00,党的历史上，周恩来总理“三付饭费”的故事，传为美谈。1973年，周恩来总理陪法国总统蓬皮杜访问杭州，为感谢工作人员，周总理在离开前请他们吃了顿便饭。,广安市
清风为伴产业 | 旅游富民谱新篇,https://news.sina.com.cn/c/2025-04-11/doc-inestvsa5207879.shtml,2025-04-11 06:42:00,赏梯田油菜、走古村古巷……当前，江西省上饶市婺源县迎来旅游旺季，各景区内游客络绎不绝，特色民宿生意火爆。“最近有遇到吃拿卡要行为吗？有没有碰到一些不合理的罚款？,婺源
我说变化 | “大家发愁的事都能说”,https://news.sina.com.cn/c/2025-04-11/doc-inestvsa5207872.shtml,2025-04-11 06:42:00,王庆佰，四川省隆昌市金鹅街道东风村村民。前不久，我参加了土地流转费集中返还现场会，心中的一块石头终于落了地。土地流转费的事情困扰了村里人十多年。,
暴雪蓝色预警：黑龙江西藏等地有大到暴雪 内蒙古局地有大暴雪,https://news.sina.com.cn/c/2025-04-11/doc-inestzyc8548646.shtml,2025-04-11 06:38:00,来源：央视网央视网消息：中央气象台4月11日06时发布暴雪蓝色预警，预计4月11日08时至4月12日08时，内蒙古中东部、黑龙江西部、西藏东北部等地部分地区有大到暴雪，其中...,"暴雪,内蒙古,黑龙江省"
风雨不动安如山,https://news.sina.com.cn/c/2025-04-11/doc-inestzxy5134744.shtml,2025-04-11 06:33:00,历史和实践反复证明，一个政党有了远大理想和崇高追求，就会坚强有力，无坚不摧，无往不胜，就能经受一次次挫折而又一次次奋起；一名干部有了坚定的理想信念，站位就高了...,"林则徐,伊犁"
多个景区关闭、列车停运、赛事延期！北京紧急提醒：非必要不出行！华北将迎“历史同期罕见”大风，南方将现今年以来最强风雹……,https://news.sina.com.cn/c/2025-04-11/doc-inesteuk5540725.shtml,2025-04-11 06:31:00,据@中国气象局 发布，中央气象台4月10日18时发布大风橙色预警，部分地区阵风风力可达12~13级。 风力达到或超过13级意味着什么？根据我国2012年6月发布的《风力等级》国家标...,"大风,景区,风雹"
正风反腐在身边｜黔西南：紧盯重点环节靶向发力 跟进监督护航春耕备耕,https://news.sina.com.cn/c/2025-04-11/doc-inestzyf2814247.shtml,2025-04-11 06:30:00,编者按：群众对发生在身边的腐败和作风问题深恶痛绝，感受尤为深切。按照中央纪委国家监委和省委部署要求，2024年4月起，全省各级纪检监察机关和各级各部门以超常规举措集...,黔西南布依族苗族自治州
中方在世贸组织回击美国“对等关税”的强盗逻辑,https://news.sina.com.cn/c/2025-04-11/doc-inestvsi2878033.shtml,2025-04-11 06:21:00,4月10日，世界贸易组织货物贸易理事会年度首次会议第二天，美国在“其他事项”下增设“对等关税”议题，宣扬其实施所谓“对等关税”的强盗逻辑。,"中国,关税,美国"
国家邮政局：要加强新形势下国际寄递物流体系建设,https://news.sina.com.cn/c/2025-04-10/doc-inessynn5621203.shtml,2025-04-10 21:42:00,4月10日，国家邮政局召开2025年一季度行业运行调度会，总结一季度行业运行情况，分析形势，部署下一阶段工作。会议强调，要提高政治站位，清醒认识当前行业发展面临,
部分地区提前还贷受限，银行住房按揭贷款业务缩水,https://news.sina.com.cn/o/2025-04-10/doc-inessynt3290697.shtml,2025-04-10 21:27:00,越来越多的购房者开始注重降低负债成本。近期，关于“提前还贷受限”的现象引起关注。近年来，随着居民对降低负债成本的需求增加，以及经济环境的变化...,
两部门印发《收费公路政府和社会资本合作新机制操作指南》的通知,https://news.sina.com.cn/c/2025-04-10/doc-inessuev3408459.shtml,2025-04-10 20:27:00,来源：央视网央视网消息：交通运输部办公厅、国家发展改革委办公厅近日联合印发了《收费公路政府和社会资本合作新机制操作指南》。,"操作指南,国家发展改革委,交通运输部"
受强对流天气影响，广铁部分列车调整运行区段或停运,https://news.sina.com.cn/c/2025-04-10/doc-inessuet9064729.shtml,2025-04-10 20:15:00,来源：央视网央视网消息：据@广州铁路 微博消息，根据4月10日中央气象部门最新消息，4月11日晚至12日凌晨，受冷空气及西南暖湿气流共同影响，湘南地区将出现降雨...,"列车,广铁,强对流"
上海合作组织声明,https://news.sina.com.cn/c/2025-04-10/doc-inessueq3059185.shtml,2025-04-10 20:11:00,【#上海合作组织声明#】上海合作组织成员国支持以世贸组织为核心的开放、透明、公正、包容、非歧视的多边贸易体制，致力于促进开放型世界经济发展。,
5月10日起，领结婚证不用户口本了,https://news.sina.com.cn/c/2025-04-10/doc-inessueq3059663.shtml,2025-04-10 20:00:00,新修订《婚姻登记条例》自5月10日起施行 4月9日，新修订的《婚姻登记条例》公布，自2025年5月10日起施行。 条例全文共6章28条，包括“总则”“结婚登记”“离婚登记”“婚姻登记档...,"婚姻登记条例,离婚,户口本"
多家景区临时闭园！北京市教委：各级各类学校视情况调整周五放学时间,https://news.sina.com.cn/c/2025-04-10/doc-inessueq3040338.shtml,2025-04-10 19:23:00,来源：央视网央视网消息：据“北京发布”公众号消息，北京市气象局已发布大风橙色预警信号。为做好极端大风天气应对工作，4月10日，北京市教委发布通知...,"大风,北京市,景区"
青海玉树州玉树市发生3.2级地震，震源深度10千米,https://news.sina.com.cn/c/2025-04-10/doc-inessues2262031.shtml,2025-04-10 19:22:00,来源：央视网央视网消息：中国地震台网正式测定：04月10日19时15分在青海玉树州玉树市（北纬33.33度，东经96.00度）发生3.2级地震，震源深度10千米。,"青海省,地震,震源深度"
心怀热爱 自有万般精彩,https://news.sina.com.cn/c/2025-04-12/doc-inesxaaq3822966.shtml,2025-04-10 18:33:00,请绑定手机号+86|手机号手机号格式错误图形验证码图形验证码错误短信验证码获取验证码短信验证码错误验证码已发送，可能会有延后请耐心等待提交温馨提示：若您的手机号,
国家电影局就电影方面应对美升级对华关税答记者问,https://news.sina.com.cn/c/2025-04-10/doc-inesspws5800031.shtml,2025-04-10 18:12:00,就近期有记者询问美国对华加征关税一事是否会影响到美国电影进口，国家电影局发言人表示，美国政府对中国滥施关税的错误行径，势必会令国内观众对美国影片好感度进一步降低...,"关税,美国"
强对流天气、大风、大雾、沙尘暴 中央气象台继续发布四预警,https://news.sina.com.cn/c/2025-04-10/doc-inesspws3143360.shtml,2025-04-10 18:11:00,来源：央视网央视网消息：中央气象台4月10日18时发布强对流天气、大风、大雾、沙尘暴预警。中央气象台4月10日18时发布强对流天气蓝色预警：预计4月10日20时至11日20时...,"大风,沙尘暴,中央气象台"
新华时评·锲而不舍落实中央八项规定精神丨抓早抓小、防微杜渐,https://news.sina.com.cn/c/2025-04-10/doc-inessueq5731316.shtml,2025-04-10 18:00:00,中央八项规定每一条都聚焦具体问题，深入学习贯彻中央八项规定精神就应该从细微处着手，在日常中抓落实。坚持抓早抓小、防微杜渐...,新华时评
央视网董事长过彤：以“乘数向新”融媒体行动，助力数据要素市场化价值化,https://news.sina.com.cn/c/2025-04-10/doc-inesspws3122279.shtml,2025-04-10 17:24:00,来源：央视网 4月10日，由国家数据局、河北省人民政府主办的2025年“数据要素×”大赛启动仪式在雄安新区举行。作为大赛官方合作媒体，央视网在“全民聚势传播”环节...,央视网
2025年全国出口管制工作会议在京召开,https://news.sina.com.cn/c/2025-04-10/doc-inesspwv9105152.shtml,2025-04-10 17:19:00,4月9—10日，2025年全国出口管制工作会议在北京召开。会议以习近平新时代中国特色社会主义思想为指导，深入贯彻党的二十届三中全会精神，落实全国商务工作会议部署...,
宣城宣州：全链条监督 为工程建设拧紧“廉洁阀”,https://news.sina.com.cn/c/2025-04-10/doc-inesspws5769210.shtml,2025-04-10 17:12:00,“狸桥镇饮用水源地(固城湖)保护及水生态修复一期项目于近日顺利完成招标，该工程建成后，将会极大提升全区饮用水源地规范化建设水平。,宣城市
金价暴涨，创5年来单日最大涨幅！金饰价重回960元/克，大跌大涨来回折腾，回收商都怕了：不敢持金过夜,https://news.sina.com.cn/c/2025-04-10/doc-inesspws5769669.shtml,2025-04-10 17:09:00,4月10日凌晨，国际贵金属期货大幅收涨，COMEX黄金期货涨3.67%报3099.8美元/盎司，创2020年3月以来最大盘中涨幅。 4月10日下午，截至发稿，伦敦金现价格盘中上涨1.28%...,"黄金,金价,美元"
中国国家话剧院关于话剧作品《青蛇》被侵权事宜声明,https://news.sina.com.cn/c/2025-04-10/doc-inesspws3104845.shtml,2025-04-10 16:58:00,,青蛇
今年3月全国受理网络违法和不良信息举报1847.9万件,https://news.sina.com.cn/c/2025-04-10/doc-inesspws5754773.shtml,2025-04-10 16:37:00,来源：央视网央视网消息：据中央网信办举报中心公众号消息，2025年3月，中央网信办举报中心指导全国各级网信举报工作部门、主要网站平台受理网民举报色情、赌博、侵权...,
《律师行业反洗钱工作管理办法（征求意见稿）》公开征求意见,https://news.sina.com.cn/c/2025-04-10/doc-inesspws3110773.shtml,2025-04-10 16:31:00,来源：央视网央视网消息：为贯彻落实反洗钱法、律师法相关要求，提高律师行业反洗钱工作水平，司法部会同中国人民银行研究起草了《律师行业反洗钱工作管理办法（征求意见稿...,司法部
学习问答•加强党的作风建设⑤为什么说中央八项规定是长期有效的铁规矩、硬杠杠？,https://news.sina.com.cn/c/2025-04-10/doc-inesspws3082638.shtml,2025-04-10 16:17:00,来源：中央纪委国家监委网站,"作风建设,中央纪委"
学习问答•加强党的作风建设⑤为什么说中央八项规定是长期有效的铁规矩、硬杠杠？,https://news.sina.com.cn/c/2025-04-10/doc-inesspwv9074708.shtml,2025-04-10 16:15:00,来源：中央纪委国家监委网站,"作风建设,中央纪委"
局地12级！河南发布大风黄色预警,https://news.sina.com.cn/c/2025-04-10/doc-inessiqu5867057.shtml,2025-04-10 16:13:00,河南省气象台2025年4月10日16时发布大风黄色预警：受较强冷空气影响，预计4月11日8时到13日20时，全省自西北向东南先后转西北或偏北风5到6级，阵风8到9级，其中安阳西部...,"大风,黄色预警,河南省"
香港恒生指数收涨2.06% 恒生科技指数涨2.66%,https://news.sina.com.cn/c/2025-04-10/doc-inessiqw2424139.shtml,2025-04-10 16:10:00,来源：财联社财联社4月10日电，香港恒生指数收涨2.06%，恒生科技指数涨2.66%。药明合联涨超9%，联想集团涨超7%，金山云、比亚迪电子涨超6%，小鹏汽车、理想汽车涨超4%...,
美财长称西班牙和中国走得更近无异于“割喉咙” ，中方驳斥,https://news.sina.com.cn/c/2025-04-10/doc-inessiqx9195046.shtml,2025-04-10 16:03:00,中国外交部发言人林剑4月10日主持例行记者会。 会上，西班牙埃菲社记者提问：美国财长贝森特说，西班牙和中国走得更近“无异于割自己的喉咙”。中方对此有何回应？,"西班牙,中国"
检察机关依法分别对薛维栋、刘小威、汤辉、和春明提起公诉,https://news.sina.com.cn/c/2025-04-10/doc-inessiqu5863998.shtml,2025-04-10 16:01:00,来源：央视网央视网消息：据最高检消息，检察机关依法分别对薛维栋、刘小威、汤辉、和春明提起公诉，详情如下：山西检察机关依法对薛维栋涉嫌受贿案提起公诉日前...,"人民检察院,检察机关,受贿罪"
美国对华加征125%关税，多部门重磅发声：关税战、贸易战没有赢家，中方不愿打，但也不怕打,https://news.sina.com.cn/c/2025-04-10/doc-inesspwv9112908.shtml,2025-04-10 16:00:00,来源：上观新闻针对美国方面近期加征的霸凌关税，4月10日，外交部、商务部发言人在记者会上重磅发声，阐明立场。国务院关税税则委员会发布公告，开始执行对美加征关税...,
关税125%又怎样！A股用逆势反攻回应了！,https://news.sina.com.cn/c/2025-04-10/doc-inessiqu5855057.shtml,2025-04-10 15:44:00,美东时间2025年4月9日，特朗普突然宣布将中国商品关税从原本的104%提升至125%，同时宣布对寻求谈判的超75个国家和地区暂停加征关税。,"A股,资本市场,特朗普"
外交部：美方真想谈就拿出平等尊重互惠态度,https://news.sina.com.cn/c/2025-04-10/doc-inessiqx9181369.shtml,2025-04-10 15:38:00,#中方绝不接受美方霸道霸凌行径#【外交部：#美方真想谈就拿出平等尊重互惠态度#】今天的外交部例行记者会上，在回答中美是否会就关税商谈的问题时，外交部发言人林剑表示...,
商务部：自贸试验区内有关特殊监管区域现行保税政策维持不变,https://news.sina.com.cn/c/2025-04-10/doc-inessiqu3190135.shtml,2025-04-10 15:37:00,在今天（4月10日）举行的商务部例行新闻发布会上，有记者提问“来自美国的产品，通过自由贸易试验区进入中国市场，是否能不受今年新增关税的影响？”商务部新闻发言人表,
北京：大风橙色预警！师生周末非必要不外出,https://news.sina.com.cn/c/2025-04-10/doc-inessiqx9180432.shtml,2025-04-10 15:31:00,来源：央视网央视网消息：据“首都教育”公众号消息，日前，北京市气象局已发布大风橙色预警信号。4月11日17时北京市延庆、昌平、门头沟、房山开始出现大风天气...,
商务部回应奉陪到底包含哪些措施,https://news.sina.com.cn/c/2025-04-10/doc-inessiqu3187884.shtml,2025-04-10 15:28:00,来源：日月谭天【#商务部回应奉陪到底包含哪些措施#】商务部新闻发言人何咏前：中方立场我已多次重申，讲得很清楚了。我们不惹事，也不怕事。,
周末大风到底有多强？核心影响时段何时至？四问北方大风天气,https://news.sina.com.cn/c/2025-04-10/doc-inessiqu5843445.shtml,2025-04-10 15:26:00,明天（4月11日）起，随着新一股较强冷空气东移南下，我国中东部地区天气复杂，其中，北方将出现大范围大风沙尘天气，华北地区需警惕历史同期罕见持续性大风。,"大风,华北"
商务部：中国人民和世界人民的正当发展权利不容剥夺,https://news.sina.com.cn/c/2025-04-10/doc-inessiqu3184637.shtml,2025-04-10 15:18:00,今天（4月10日）15时，商务部召开例行新闻发布会。 商务部新闻发言人表示，中方不惹事也不怕事，中国人民和世界人民的正当发展权利不容剥夺...,"商务部,新闻发布会,中国"
外交部回应美对华征收125%关税,https://news.sina.com.cn/c/2025-04-10/doc-inessiqw2393270.shtml,2025-04-10 15:17:00,来源：日月谭天 [#外交部回应美对华征收125%关税#]外交部发言人林剑：美方出于一己之私，将关税作为极限施压、谋取私利的武器，严重侵犯各国的正当权益...,
商务部回应中方是否就关税问题与美展开谈判,https://news.sina.com.cn/c/2025-04-10/doc-inessiqw2390219.shtml,2025-04-10 15:15:00,财联社4月10日电，商务部新闻发言人何咏前：中方的立场是明确的、一贯的。谈，大门敞开，但对话必须在相互尊重的基础上以平等方式进行；打，中方也将奉陪到底。,
河南省政府新任免一批干部,https://news.sina.com.cn/c/2025-04-10/doc-inessiqx9164111.shtml,2025-04-10 15:09:00,,河南省
商务部：中国外贸有信心、有底气应对各种风险挑战,https://news.sina.com.cn/c/2025-04-10/doc-inessiqu5836573.shtml,2025-04-10 15:08:00,今天（4月10日）15时，商务部召开例行新闻发布会。商务部新闻发言人介绍，我们将坚定不移办好自己的事，以中国的确定性对冲外部环境的不确定性。我们将帮助出口遇阻的,
商务部：将帮助外贸企业扩宽内销渠道,https://news.sina.com.cn/c/2025-04-10/doc-inessiqu3174411.shtml,2025-04-10 15:05:00,今天（4月10日）15时，商务部召开例行新闻发布会。商务部新闻发言人表示，近期，美国以各种借口宣布对包括中国在内的所有贸易伙伴滥施关税，严重侵犯中方企业正当权益...,"商务部,新闻发布会"
突破1.5万亿元！我国广告产业收入快速增长,https://news.sina.com.cn/c/2025-04-10/doc-inessiqu3179244.shtml,2025-04-10 15:04:00,来源：央视网央视网消息：据“市说新语”公众号消息，4月10日，市场监管总局公布数据显示，2024年，全国事业单位和规模以上企业广告业务收入首次突破1.5万亿元，达15464...,互联网广告
商务部：面对美国霸凌关税 中国将坚定不移推进高水平对外开放,https://news.sina.com.cn/c/2025-04-10/doc-inessiqu5832638.shtml,2025-04-10 15:04:00,今天（4月10日）15时，商务部召开例行新闻发布会。商务部新闻发言人表示，近期，美国以各种借口宣布对包括中国在内的所有贸易伙伴滥施关税，严重侵犯中方企业正当权益...,
第137届广交会即将举行，这些亮点值得期待,https://news.sina.com.cn/c/2025-04-10/doc-inessiqu3179770.shtml,2025-04-10 15:02:00,第137届中国进出口商品交易会（广交会）将于4月15日至5月5日在广州分三期举办，本届广交会有哪些亮点值得期待？商务部9日召开专题新闻发布会，就相关情况进行介绍。,"广交会,广州市"
纪法百科丨违反政治纪律的行为：传播有严重政治问题的资料,https://news.sina.com.cn/c/2025-04-10/doc-inessiqu3171244.shtml,2025-04-10 14:57:00,基本释义制作、贩卖、传播，私自携带、寄递或者阅看、浏览、收听有严重政治问题的资料属于违反政治纪律的行为。《中国共产党纪律处分条例》第五十二条分三款对此作出规定。...,
夫妻整容换脸潜逃10年，逛动物园时双双被抓！丈夫削骨改脸型，妻子隆鼻、定制双眼皮，整容前后对比照曝光,https://news.sina.com.cn/c/2025-04-10/doc-inessiqw2369279.shtml,2025-04-10 14:28:00,整容换脸、变换身份，一对夫妻涉嫌诈骗潜逃十年，近日在徐州睢宁落网。清明假期期间，睢宁县公安局刑警大队对九顶山动物园开展例行巡查，一名男性游客引起了民警的注意，虽,
正告美方：逼迫世界各国打电话认输的野蛮人，永远不要指望等到中国的电话,https://news.sina.com.cn/c/2025-04-10/doc-inesschw3280809.shtml,2025-04-10 13:57:00,外交部驻港公署网站4月10日消息，4月9日，外交部驻港公署发言人就美国对华加征严重不合理关税致信《南华早报》，阐明中方严正立场。,
消息称黄仁勋出席海湖庄园晚宴后 白宫改变限制英伟达向中国出口AI芯片H20计划,https://news.sina.com.cn/c/2025-04-10/doc-inesschw5935449.shtml,2025-04-10 13:38:00,财联社4月10日电，路透社9日援引美国全国公共广播电台（NPR）题为“海湖庄园晚宴后，特朗普政府放弃打击英伟达AI芯片H20”的报道称，两名消息人士告诉NPR，,
西藏日喀则市定日县发生3.1级地震，震源深度10千米,https://news.sina.com.cn/c/2025-04-10/doc-inesschw3275663.shtml,2025-04-10 13:22:00,来源：央视网央视网消息：中国地震台网正式测定：04月10日13时12分在西藏日喀则市定日县（北纬28.67度，东经86.62度）发生3.1级地震，震源深度10千米。,"西藏,地震,震源深度"
马正勇任广东省副省长,https://news.sina.com.cn/c/2025-04-10/doc-inesschw3256278.shtml,2025-04-10 12:39:00,据南方+客户端消息，4月10日，广东省十四届人大常委会第十七次会议经表决，决定任命马正勇为广东省人民政府副省长。 官方简历显示，马正勇现任广东省政府副省长...,"马正勇,广东省,宁夏"
局地阵风10级！明起强冷空气携风雨来袭,https://news.sina.com.cn/c/2025-04-10/doc-inesschw3274383.shtml,2025-04-10 12:33:00,新一轮冷空气即将发货，预计明天傍晚开始大举影响河南，将携风带雨的来“串门”，雨水登台强对流“加戏”。明天黄河以南大部有阵雨、雷阵雨，东南部有中到大雨...,"阵风,多云,冷空气"
新疆克孜勒苏州阿图什市发生3.1级地震，震源深度19千米,https://news.sina.com.cn/c/2025-04-10/doc-inesschw5934439.shtml,2025-04-10 12:20:00,来源：央视网央视网消息：中国地震台网正式测定：04月10日12时09分在新疆克孜勒苏州阿图什市（北纬40.23度，东经77.67度）发生3.1级地震，震源深度19千米。,"新疆,苏州市,震源深度"
全球聚焦中美“谁先眨眼”，答案显而易见,https://news.sina.com.cn/c/2025-04-10/doc-inesschw5909698.shtml,2025-04-10 12:20:00,4月9日，针对美国104%的关税加征一事，外交部发言人林剑表示，对这种霸道霸凌行径，中方坚决反对，绝不接受。直新闻：陈先生，针对美国104%的关税加征，中方予以,
蓝媒热评丨关税战下，“即买即退”是中国经济自信的大国底气,https://news.sina.com.cn/c/2025-04-10/doc-inesschy2481765.shtml,2025-04-10 12:15:00,在特朗普政府掀起全球关税战硝烟的当口，国家税务总局宣布全面推广离境退税“即买即退”政策，这一举措看似“小而美”，实则暗藏大格局。“即买即退”说白了就是境外旅客在,
中国对美加征84%关税正式生效！欧盟反制美国，法财长：“有分寸且极其强硬”！美媒：特朗普关税政策重创美六代战机计划,https://news.sina.com.cn/c/2025-04-10/doc-inesschw3245126.shtml,2025-04-10 12:07:00,作为对美国总统特朗普所谓“对等关税”的回应，北京时间4月10日12时01分，中国对原产于美国的所有进口商品，在现行适用关税税率基础上加征84％关税正式生效。而据,
今天12时1分起，对美加征84%关税！,https://news.sina.com.cn/c/2025-04-10/doc-inesschr5339824.shtml,2025-04-10 12:04:00,据海关总署4月9日公告，自今日12时01分起，对原产于美国的所有进口商品，在现行适用关税税率基础上加征84%关税。 海关总署公告2025年第58号...,
钟南山提醒：久坐或可致突然死亡！,https://news.sina.com.cn/c/2025-04-10/doc-inesschr5346296.shtml,2025-04-10 11:53:00,近日钟南山在国家老年大学开学第一课里表示全国每年都有50至60万的老年人突然死亡现在最不注意的就是肺梗塞很多老年人常常躺着不动下肢就会出现血栓血栓一掉就会跑到肺,新冠肺炎
A股午评：三大指数集体反弹，创业板半日涨2.40%，全市场近5000只个股上涨,https://news.sina.com.cn/c/2025-04-10/doc-inesrwyy3360917.shtml,2025-04-10 11:34:00,4月10日，A股三大指数集体反弹，截至午盘，沪指涨0.93%，深成指涨2.19%，创业板指涨2.40%，北证50指数涨5.28%。全市场半日成交额11454亿元,
广西南宁：多措并举提升干部队伍专业能力,https://news.sina.com.cn/c/2025-04-10/doc-inesrwyy3359683.shtml,2025-04-10 11:32:00,“这几天的实战式教学，让我们对谈话突破、笔录制作、证据收集、定性量纪等工作有了切身感受，解决了疑点难点问题，培训内容具有很强的针对性。,"纪检监察,广西,南宁市"
山东一猴园假山内群猴追逐拖拽橘猫？动物园方发布情况说明,https://news.sina.com.cn/c/2025-04-10/doc-inesrwyy6017286.shtml,2025-04-10 11:29:00,临邑人民公园欢乐世界官微发布《关于动物园区内有猫误入猴馆的情况说明》，近日某视频平台网传一条临邑动物园猕猴馆舍有橘猫误入的视频，视频中多只猕猴对一只误入猴馆的橘,
国家卫健委发布通知 做好体重管理门诊设置与管理工作,https://news.sina.com.cn/c/2025-04-10/doc-inesrwyv2235052.shtml,2025-04-10 11:27:00,来源：央视网央视网消息：国家卫生健康委发布《关于做好体重管理门诊设置与管理工作的通知》，通知提到，鼓励有条件的三级综合医院、儿童医院...,"通知,卫健委,新冠肺炎"
阵风12级！天津双橙色预警！周六这场演出延期,https://news.sina.com.cn/c/2025-04-10/doc-inesrwyy6018899.shtml,2025-04-10 11:25:00,刚刚天津市气象台发布陆地大风橙色预警信号受强冷空气影响，预计11日夜间天津地区将有西北风5-6级，阵风8-9级，12日白天到前半夜有西北风6-7级，阵风10-1,
“9岁女孩被老师砸伤案”二审宣判：维持原判,https://news.sina.com.cn/c/2025-04-10/doc-inesrwyt5452155.shtml,2025-04-10 11:14:00,来源：央视网央视网消息：据湖南省长沙市中级人民法院微信公众号“长沙中院”消息，4月10日，湖南省长沙市中级人民法院依法对宋雨明故意伤害案二审宣判，裁定驳回上诉...,长沙市
长沙9岁女孩被老师砸伤头骨案二审维持原判：判处被告人有期徒刑五年,https://news.sina.com.cn/c/2025-04-10/doc-inesrwyy3351537.shtml,2025-04-10 11:14:00,4月10日，湖南省长沙市中级人民法院依法对宋雨明故意伤害案二审宣判，裁定驳回上诉，维持原判。长沙市岳麓区人民法院一审认定：2023年9月6日16时许，宋雨明开展,
画里有话｜送医上门暖民心,https://news.sina.com.cn/c/2025-04-10/doc-inesrwyy6008540.shtml,2025-04-10 11:12:00,4月8日，在新疆喀什地区，上海德达心血管医院医学影像专家为巴楚县的儿童进行筛查。4月8日，在新疆喀什地区，上海德达心血管医院心血管病专家刘建实（左）为巴楚县的儿童进...,"医疗资源,新疆,上海市"
自觉强党性正作风守纪律,https://news.sina.com.cn/c/2025-04-10/doc-inesrwyy6008510.shtml,2025-04-10 11:12:00,当前，深入贯彻中央八项规定精神学习教育正在全党开展。这是对党员干部思想理论的一次再教育、再武装，是对纪律作风的一次再检阅、再提升。,党员干部
廉语清风｜克勤小物成大事,https://news.sina.com.cn/c/2025-04-10/doc-inesrwyy3349722.shtml,2025-04-10 11:12:00,任何一件大事的顺利完成，表面看似偶然，其实是各种小事积累到一定程度的必然结果，要想成就大事，就要把小事做好。元代大儒许衡有言：“克勤小物，而后尽于大事”...,党员干部
访谈预告丨如何让“四月不飞雪”？河南杨柳飞絮防控办法指南来了,https://news.sina.com.cn/c/2025-04-10/doc-inessiqw2365610.shtml,2025-04-10 11:10:00,暮春时节，飞絮再起。随着杨、柳树进入成熟期，杨柳飞絮问题逐渐凸显出来。河南省《杨柳飞絮综合防控技术规程》于今年1月9日正式施行...,"河南省,杨童舒"
6户中央企业外部董事职务变动,https://news.sina.com.cn/c/2025-04-10/doc-inesrwyy5994602.shtml,2025-04-10 10:42:00,中国航空工业集团有限公司经研究，聘任郑文敏为中国航空工业集团有限公司外部董事，张建恒不再担任中国航空工业集团有限公司外部董事职务。,
北京发布大风橙色预警：12日06时至22时为风力最强时段,https://news.sina.com.cn/c/2025-04-10/doc-inesrwyy6004418.shtml,2025-04-10 10:33:00,来源：央视网央视网消息：北京市4月10日10时30分发布大风橙色预警：预计，11日17时北京市延庆、昌平、门头沟、房山开始出现大风天气，20时前后影响城区...,"阵风,大风,北京市"
中央气象台：华北将出现历史同期罕见持续性大风，南方将出现今年以来最强风雹天气,https://news.sina.com.cn/c/2025-04-10/doc-inesrwyy5988258.shtml,2025-04-10 10:22:00,中央气象台消息，气象监测显示，昨日（4月9日），湖南北部和东南部、江西中南部、福建中部、浙江中部、广西东北部、广东北部等地部分地区出现大雨或暴雨，湖南永州、广西,
2025年1至3月全省查处违反中央八项规定精神问题1313起,https://news.sina.com.cn/c/2025-04-10/doc-inessiqu3176033.shtml,2025-04-10 10:15:00,4月10日，甘肃省纪委监委公布了2025年1至3月全省查处违反中央八项规定精神问题汇总情况。全省查处违反中央八项规定精神问题1313起，批评教育和处理2059人...,
拟83亿元收购新潮传媒100%股权，分众传媒大涨近8%,https://news.sina.com.cn/c/2025-04-10/doc-inesrwyy3324313.shtml,2025-04-10 10:14:00,据公告，本次交易完成后，新潮传媒将成为公司全资子公司。经交易各方初步协商，本次交易标的公司100%股权预估值为83亿元。,"分众传媒,传媒"
广东省肇庆市政协原副主席、原肇庆医学高等专科学校校长李力强被取消相应退休待遇,https://news.sina.com.cn/c/2025-04-10/doc-inesrwyt5454506.shtml,2025-04-10 10:04:00,来源：央视网央视网消息：中央纪委国家监委网站通报，据广东省纪委监委消息：经广东省委批准，广东省监委对肇庆市政协原副主席、原肇庆医学高等专科学校校长李力强严重违法...,
王波被公诉！曾因特别重大煤矿事故被通报,https://news.sina.com.cn/c/2025-04-10/doc-inesrwyy6002498.shtml,2025-04-10 10:00:00,正义网记者4月10日从最高人民检察院获悉，内蒙古自治区人大常委会原党组副书记、副主任王波涉嫌受贿一案，由国家监察委员会调查终结，经最高人民检察院依法指定，由湖北,
湖北检察机关依法对王波涉嫌受贿案提起公诉,https://news.sina.com.cn/c/2025-04-10/doc-inesrwyy3327866.shtml,2025-04-10 10:00:00,来源：央视网央视网消息：据最高检消息，内蒙古自治区人大常委会原党组副书记、副主任王波涉嫌受贿一案，由国家监察委员会调查终结，经最高人民检察院依法指定...,"赤峰市,王波,宜昌市"
挖到宝了！我国发现提纯度超99.995%高纯石英矿,https://news.sina.com.cn/c/2025-04-10/doc-inesrwyy5972529.shtml,2025-04-10 10:00:00,记者今天（10日）从自然资源部获悉，《新发现矿种公告》近日发布，其中确定了一个新矿种——高纯石英矿。它的出现，将改变此前高度依赖进口的局面...,自然资源部
非法收受他人财物数额特别巨大 王波被提起公诉,https://news.sina.com.cn/c/2025-04-10/doc-inesrwyy5971354.shtml,2025-04-10 09:59:00,记者今天（10日）从最高人民检察院获悉，内蒙古自治区人大常委会原党组副书记、副主任王波涉嫌受贿一案，由国家监察委员会调查终结，经最高人民检察院依法指定，由湖北省,
自然资源部：高纯石英矿成中国第174号矿种,https://news.sina.com.cn/c/2025-04-10/doc-inesrwyy3353206.shtml,2025-04-10 09:58:00,来源：央视网央视网消息：自然资源部10日发布公告：经国务院批准，高纯石英矿正式成为我国新矿种，这也是我国第174号矿种。新发现矿种公告...,"央视网,国务院,新疆"
《福建省深化内外贸一体化发展实施方案（征求意见稿）》公开征求意见,https://news.sina.com.cn/c/2025-04-10/doc-inesrwyy5970314.shtml,2025-04-10 09:58:00,福建省商务厅官网消息，为推动福建省外贸企业拓展国内市场，《福建省深化内外贸一体化发展实施方案（征求意见稿）》公开征求意见。其中提到，融入全国统一大市场。打破地方,
访谈预告丨河南燃气新规落地，居民生活将有哪些新变化？,https://news.sina.com.cn/c/2025-04-10/doc-inessiqu5812256.shtml,2025-04-10 09:48:00,家里的燃气设备是否“超期服役”？老旧小区燃气管道该如何更新改造？在我们的日常生活中，燃气扮演着不可或缺的角色。《河南省燃气管理条例》（以下简称《条例》）自4月1日起...,"河南省,条例"
应急管理部启动2025年化工园区安全整治提升专家指导服务,https://news.sina.com.cn/c/2025-04-10/doc-inesrwyy5970231.shtml,2025-04-10 09:39:00,来源：央视网央视网消息：据应急管理部消息，为认真落实《化工和危险化学品安全生产治本攻坚三年行动方案（2024—2026年）》部署，深入推动化工园区重大安全风险防控措施落...,应急管理部
国家统计局：2025年3月份CPI同比降幅收窄，核心CPI回升,https://news.sina.com.cn/c/2025-04-10/doc-inesrsta6079450.shtml,2025-04-10 09:32:00,国家统计局消息，3月份，居民消费价格指数（CPI）环比下降0.4%，同比下降0.1%，降幅明显收窄；工业生产者出厂价格指数（PPI）环比下降0.4%，同比下降2,
2025年3月份工业生产者出厂价格同比下降2.5%,https://news.sina.com.cn/c/2025-04-10/doc-inesrwyt5392826.shtml,2025-04-10 09:31:00,国家统计局消息，2025年3月份，全国工业生产者出厂价格同比下降2.5%，环比下降0.4%；工业生产者购进价格同比下降2.4%，环比下降0.2%。一季度，工业生,
2025年3月份居民消费价格同比下降0.1%,https://news.sina.com.cn/c/2025-04-10/doc-inesrsta6078718.shtml,2025-04-10 09:31:00,国家统计局消息，2025年3月份，全国居民消费价格同比下降0.1%。其中，城市下降0.1%，农村下降0.3%；食品价格下降1.4%，非食品价格上涨0.2%；消费,
国家统计局：2025年3月份CPI同比降幅收窄 核心CPI回升,https://news.sina.com.cn/c/2025-04-10/doc-inesrwyv2181684.shtml,2025-04-10 09:31:00,来源：央视网央视网消息：国家统计局城市司首席统计师董莉娟解读2025年3月份CPI和PPI数据，详情如下： 3月份，居民消费价格指数（CPI）环比下降0.4%，同比下降0.1%...,"CPI,行业价格,PPI"
A股指数集体高开 创业板指涨超3%,https://news.sina.com.cn/c/2025-04-10/doc-inesrssx2293483.shtml,2025-04-10 09:27:00,"Ifyouarethewebmaster,configurerelatedparametersontheWAFconsoletoallowyourrequest",
A股开盘：三大指数集体高开，创业板指涨3.35%，无线耳机、CPO概念、苹果概念概念股走强,https://news.sina.com.cn/c/2025-04-10/doc-inesrsta6076362.shtml,2025-04-10 09:27:00,4月10日早间，A股开盘，上证指数涨1.29%，深证成指涨2.29%，创业板指涨3.35%，北证50涨2.04%。AIPC、3D摄像头、无线耳机、CPO概念、苹,
恒指涨2.69% 比亚迪电子涨近14%,https://news.sina.com.cn/c/2025-04-10/doc-inesrsta6075173.shtml,2025-04-10 09:22:00,恒生指数开盘涨2.69%，恒生科技指数涨3.96%，比亚迪电子涨近14%，小米集团涨近7%。苹果概念股、医药股、资源股涨幅居前。举报,
香港恒生指数开盘涨2.69%，恒生科技指数涨3.96%,https://news.sina.com.cn/c/2025-04-10/doc-inesrsta6072885.shtml,2025-04-10 09:21:00,财联社4月10日电，香港恒生指数开盘涨2.69%，恒生科技指数涨3.96%。,
有的放矢优方法 奋力攻坚求实效 浙江有序推进国资国企改革不断深化,https://news.sina.com.cn/c/2025-04-10/doc-inesrsta6064950.shtml,2025-04-10 09:12:00,浙江国资国企贯彻落实党的二十届三中全会对深化国资国企改革作出的重大部署，把好方向、守正创新，不断优化改革方法，统筹推进国资国企改革，截至2024年11月底...,
海南：购买新建自住住房单方缴存住房公积金最高贷款基准额度由70万调整至80万,https://news.sina.com.cn/c/2025-04-10/doc-inesrsta6064609.shtml,2025-04-10 09:11:00,海南发布关于调整优化住房公积金个人住房贷款有关政策的通知。通知提出，购买新建自住住房的，单方缴存住房公积金最高贷款基准额度由70万元调整至80万元，夫妻双方缴存,
较强冷空气明起来袭华北等地风力强劲 东北地区内蒙古将有强雨雪,https://news.sina.com.cn/c/2025-04-10/doc-inesrsta3412040.shtml,2025-04-10 09:08:00,来源：央视网央视网消息：据中国天气网，明天（4月11日）起，较强冷空气将影响中东部大部地区，气温下降6℃至10℃，部分地区降幅可达12℃至16℃。,"中东部,内蒙古,华北"
续签巴拿马港口合约时违规？李嘉诚旗下公司回应十点内容,https://news.sina.com.cn/c/2025-04-10/doc-inesrssx2282563.shtml,2025-04-10 09:05:00,巴拿马港口公司方面此次回应共有十点内容，包括其与巴拿马政府在合约、投资、税务豁免、经济贡献等多个方面的关系 文|《财经》特派记者 焦建 编辑|苏琦...,"港口,长和"
明起降温！华北等地风力强劲 东北地区内蒙古将有强雨雪,https://news.sina.com.cn/c/2025-04-10/doc-inesrsta6060018.shtml,2025-04-10 09:02:00,明天（4月11日）起，较强冷空气将影响中东部大部地区，气温下降6℃至10℃，部分地区降幅可达12℃至16℃。降温的同时，华北等地大风显著，阵风8至10级，局地或可达11级以上。,"内蒙古,中东部,华北"
官宣！2025年国家女排集训名单公布，赵勇任主帅,https://news.sina.com.cn/c/2025-04-10/doc-inesrssx2275674.shtml,2025-04-10 09:00:00,点击查看原图4月10日，中国排球协会公布2025年国家女排集训名单。赵勇被选聘为新一届国家女排主教练。3月中旬，中国排协发布公告，公开选聘新一届国家女排主教练。,
首张“食品配料天然度认证”证书 填补国内食品配料领域天然性评价空白,https://news.sina.com.cn/c/2025-04-10/doc-inesrssv5499692.shtml,2025-04-10 08:59:00,近日，中国质量认证中心为昆山市绿渊香料有限公司颁发了我国食品行业首张“食品配料天然度认证”证书，填补了国内食品配料领域天然性评价的空白。,"食品,消费者"
不负春光 中林集团拼出木材销售“首季红”,https://news.sina.com.cn/c/2025-04-10/doc-inesrsta6055918.shtml,2025-04-10 08:59:00,划定采伐区域、建立隔离带、佩戴安全装备、甄别合格木材、剥锯集材装车……伴随着机器轰鸣，中林集团广西林业投资发展公司国储林基地的一棵棵数木变成了“原材料”...,"广西,季红"
中国石化川西气田累产气超20亿方,https://news.sina.com.cn/c/2025-04-10/doc-inesrsta6055857.shtml,2025-04-10 08:59:00,近日，中国石化川西气田自去年3月全面建成投产以来累计生产天然气超20亿立方米，生产硫黄超12万吨。中国石化西南油气分公司围绕产量目标，直面“新人、新井、新装置...,中国石化
中国中车集团智慧冷链化身铁骨“护花使者”,https://news.sina.com.cn/c/2025-04-10/doc-inesrssv5499633.shtml,2025-04-10 08:59:00,春暖花开之时，一场跨越万水千山的“浪漫接力”正在悄然上演。中国中车集团旗下中车石家庄公司，针对鲜花物流的独特需求，打造了一套先进的智能冷链系统。,"中国中车,仓储,智能"
我为群众办事实｜夜巡河堤护民生安全,https://news.sina.com.cn/c/2025-04-10/doc-inesrsta6053220.shtml,2025-04-10 08:52:00,夜幕降临，柳城县大埔河堤上散步的居民络绎不绝。“现在我们散步踏实多了。”居民纷纷点赞河堤经整改后给大家带来的便利。  环绕柳城县城的大埔河堤是有名的“网红步道”...,"巡察,安全隐患,水利局"
柳州：靶向监督 助力解决群众“用水难”,https://news.sina.com.cn/c/2025-04-10/doc-inesrssv5496459.shtml,2025-04-10 08:52:00,“现在村里接上了自来水，我们再也不用为用水犯愁了！”在柳州市柳北区长塘镇青茅村，村民曾召琼拿着洗菜盆走到水龙头前，轻轻一拧，清澈的自来水就“哗哗”流出来。,柳州市
桂林：发挥派驻监督探头作用 推动财政投资评审廉洁高效,https://news.sina.com.cn/c/2025-04-10/doc-inesrsta3394444.shtml,2025-04-10 08:52:00,“4家中标及候选公司存在涉嫌行贿记录。”近日，桂林市纪委监委“室组”联动，通过案件监督管理系统、行贿人信息库等信息化平台，对2025-2026年度市本级财政投资评审服务框架协...,桂林市
贯彻落实中央纪委四次全会精神 增强基层干部群众获得感,https://news.sina.com.cn/c/2025-04-10/doc-inesrsta3401040.shtml,2025-04-10 08:47:00,连日来，浙江省杭州市钱塘区纪委监委以“室组地”联动形式，组织干部下沉一线，向镇街村社全面了解为基层减负政策落地情况，严防拍照留痕...,"基层干部,中央纪委,全会"
广安观潮 | 自觉强党性正作风守纪律,https://news.sina.com.cn/c/2025-04-10/doc-inesrsta3401011.shtml,2025-04-10 08:45:00,当前，深入贯彻中央八项规定精神学习教育正在全党开展。这是对党员干部思想理论的一次再教育、再武装，是对纪律作风的一次再检阅、再提升。,"党员干部,广安市"
中信证券：房地产新周期开启的信号已经出现,https://news.sina.com.cn/c/2025-04-10/doc-inesrsta3397358.shtml,2025-04-10 08:44:00,中信证券研报认为，房地产新周期开启的信号已经出现，但房价止跌还需政策临门一脚。相信2025年4月—5月是政策前置的关键窗口期，主要的可能政策包括进一步降低居民购,
镜观·回响｜路畅货通心相近 构建周边命运共同体,https://news.sina.com.cn/c/xl/2025-04-10/doc-inesrssv5485690.shtml,2025-04-10 08:29:00,4月8日至9日，中央周边工作会议在北京举行。中共中央总书记、国家主席、中央军委主席习近平出席会议并发表重要讲话强调：,
习言道｜事关周边工作，中央最新部署,https://news.sina.com.cn/c/xl/2025-04-10/doc-inesrsta6040912.shtml,2025-04-10 08:25:00,,
习语 | “我们从来都是在风雨洗礼中成长、在历经考验中壮大”,https://news.sina.com.cn/c/xl/2025-04-10/doc-inesrssx2258014.shtml,2025-04-10 08:24:00,“中国人民不惹事也不怕事”，“我们从来都是在风雨洗礼中成长、在历经考验中壮大”，当此之时，重温这些话，更觉振奋和笃定。,
北京地铁：从运营开始到10点时间段内，2号线列车有所延误,https://news.sina.com.cn/o/2025-04-10/doc-inesrsta3382130.shtml,2025-04-10 08:23:00,新京报讯北京地铁服务小程序发布延误告知：4月10日星期四，从运营开始到10点时间段内，2号线列车有所延误。,北京地铁
“右眼几乎失明，手部截肢”！男孩在家做实验被炸伤最新情况,https://news.sina.com.cn/c/2025-04-10/doc-inesrsta3383527.shtml,2025-04-10 08:23:00,近日 广东省广州市荔湾区15岁男孩 在家做实验被炸伤一事 引发社会关注 有网友称事发楼栋“整栋楼震了一下” 据南方都市报报道 4月8日 受伤男孩的父亲黄先生称...,救护车
湖北检察机关依法对王波涉嫌受贿案提起公诉,https://news.sina.com.cn/c/2025-04-10/doc-inesrwyy5973264.shtml,2025-04-10 08:22:00,内蒙古自治区人大常委会原党组副书记、副主任王波涉嫌受贿一案，由国家监察委员会调查终结，经最高人民检察院依法指定，由湖北省宜昌市人民检察院审查起诉。,"赤峰市,王波,宜昌市"
商务部部长王文涛与东盟轮值主席国、马来西亚贸工部长扎夫鲁视频通话,https://news.sina.com.cn/c/2025-04-10/doc-inesrssx2266064.shtml,2025-04-10 08:22:00,4月9日，商务部部长王文涛与东盟轮值主席国、马来西亚贸工部长扎夫鲁视频通话，双方围绕加强中马和中国—东盟经贸合作、共同应对美加征所谓“对等关税”等问题深入坦诚交,
商务部部长：中方愿与包括东盟在内的贸易伙伴一道，加强沟通协调,https://news.sina.com.cn/o/2025-04-10/doc-inesrssx2256375.shtml,2025-04-10 08:20:00,新京报讯 据商务部消息，4月9日，商务部部长王文涛与东盟轮值主席国、马来西亚贸工部长扎夫鲁视频通话，双方围绕加强中马和中国—东盟经贸合作...,"东盟,贸易伙伴,美国"
国安机关提醒：智能家居暗藏泄密风险，你的音箱或正“监听”,https://news.sina.com.cn/c/2025-04-10/doc-inesrsta3379860.shtml,2025-04-10 08:15:00,随着人工智能和物联网技术的普及，智能门锁、扫地机器人、智能全屋温控等智能家居逐渐普及，已经融入现代社会工作生活的方方面面，显著提升了人们的生活质量。,"智能家居,智能家居设备,音箱"
什么叫“奉陪到底”？,https://news.sina.com.cn/c/2025-04-10/doc-inesrsta6037718.shtml,2025-04-10 08:04:00,面对美对华滥施关税，中方已根据国际法基本原则和法律法规，采取必要反制措施。 就在4月9日晚，中方再次新增多项对美反制措施： 自4月10日12时01分起...,"中国,中美,美国"
商务部部长王文涛与欧盟委员会贸易和经济安全委员谢夫乔维奇举行视频会谈,https://news.sina.com.cn/c/2025-04-10/doc-inesrsta6033782.shtml,2025-04-10 08:03:00,4月8日下午，商务部部长王文涛与欧盟委员会贸易和经济安全委员谢夫乔维奇举行视频会谈，双方围绕加强中欧经贸合作、应对美加征所谓“对等关税”等问题深入坦诚交换意见。,
张掖：对症下药靶向施教  警示教育入脑入心,https://news.sina.com.cn/c/2025-04-10/doc-inesrssv5473956.shtml,2025-04-10 08:02:00,“曾经的‘身边人’因私欲膨胀致底线失守，变成今天的‘案中人’，令人震惊，发人深省……”近日，张掖市纪委监委督促卫生健康系统召开警示教育大会并观看警示教育片...,
加强中欧经贸合作、应对美加征关税 这场会谈释放重要信号,https://news.sina.com.cn/c/2025-04-10/doc-inesrsta6038302.shtml,2025-04-10 08:00:00,4月8日下午，商务部部长王文涛与欧盟委员会贸易和经济安全委员谢夫乔维奇举行视频会谈，双方围绕加强中欧经贸合作、应对美加征所谓“对等关税”等问题深入坦诚交换意见。,"关税,世贸组织,中国"
持续深化整治形式主义 增强基层干部群众获得感,https://news.sina.com.cn/c/2025-04-10/doc-inesrssx2244807.shtml,2025-04-10 07:52:00,连日来，浙江省杭州市钱塘区纪委监委以“室组地”联动形式，组织干部下沉一线，向镇街村社全面了解为基层减负政策落地情况，严防拍照留痕...,基层干部
洛杉矶奥运会设置36个大项，将产生351枚金牌,https://news.sina.com.cn/o/2025-04-10/doc-inesrssv5465514.shtml,2025-04-10 07:38:00,据人民日报消息，北京时间4月10日凌晨，国际奥委会执委会正式通过了2028洛杉矶奥运会的初步项目设置和运动员席位分配。洛杉矶奥运会共将设置36个大项...,"洛杉矶奥运会,金牌,攀岩"
2025“苏青银龄行动”老年志愿者开始招募,https://news.sina.com.cn/c/2025-04-10/doc-inesrsta6024450.shtml,2025-04-10 07:32:00,记者从省民政厅获悉，2025年“苏青银龄行动”志愿服务项目正式启动，面向社会公开招募约30名援助青海的老年志愿者。项目招募对象为年龄在60周岁（女性55周岁）至70周岁之间...,"青海省,志愿者,民政厅"
深度关注 | 美国在全球制造巨大混乱,https://news.sina.com.cn/c/2025-04-10/doc-inesrnkx5586171.shtml,2025-04-10 07:12:00,纽约股市三大股指4月8日下跌。截至当天收盘，道琼斯工业平均指数比前一交易日下跌320.01点，跌幅为0.84%；标准普尔500种股票指数下跌79.48点，跌幅为1...,"美国,墨西哥"
免费办理，不再需要户口本，5月10日起婚姻登记手续简化了,https://news.sina.com.cn/c/2025-04-10/doc-inesrnme6148582.shtml,2025-04-10 07:03:00,修订后的《婚姻登记条例》（以下简称《条例》）日前公布，自2025年5月10日起施行。《条例》修订的主要内容一是增加婚姻家庭服务工作内容，二是实行婚姻登记“全国通办”...,"户口本,条例,离婚"
广安观潮 | 自觉强党性正作风守纪律,https://news.sina.com.cn/c/2025-04-10/doc-inesrnme3489466.shtml,2025-04-10 07:02:00,当前，深入贯彻中央八项规定精神学习教育正在全党开展。这是对党员干部思想理论的一次再教育、再武装，是对纪律作风的一次再检阅、再提升。,
监督故事 | 300亩蔬菜“喝上”及时水,https://news.sina.com.cn/c/2025-04-10/doc-inesrnme6148230.shtml,2025-04-10 07:02:00,天刚蒙蒙亮，天水市武山县洛门镇文家寺村种植农户孙某就来到自家菜地，打开水阀，看着源源不断流出的渠水，孙某悬着的心终于放了下来。,
毕节：“送教下乡”让警示教育延伸至基层一线,https://news.sina.com.cn/c/2025-04-10/doc-inesrnme6148739.shtml,2025-04-10 06:54:00,“尚某在担任宣慰社区党支部副书记期间，挪用群众摊位租金用于个人开支，最终受到党内严重警告处分……”近日，在毕节市纳雍县董地乡街上村的广场上...,毕节市
经济日报头版：经济全球化是人类社会发展必经之路,https://news.sina.com.cn/c/2025-04-10/doc-inesrnkx5579964.shtml,2025-04-10 06:53:00,郭言/经济日报 近期，美国以各种借口对包括中国在内的所有贸易伙伴滥施关税，严重冲击全球经济秩序稳定，严重破坏经济全球化健康发展。,经济日报
人民日报钟声：中美经贸关系互利共赢的本质不容歪曲,https://news.sina.com.cn/c/2025-04-10/doc-inesrnkz2354498.shtml,2025-04-10 06:52:00,4月9日，中国国务院新闻办公室发布《关于中美经贸关系若干问题的中方立场》白皮书，澄清中美经贸关系事实，系统阐释中方对相关问题的政策立场。,"中美,关税,人民日报"
影响有限！这一板块拉升近10%！基金经理：后续或有更好投资机会,https://news.sina.com.cn/c/2025-04-10/doc-inesrnme6144047.shtml,2025-04-10 06:44:00,创新药主题基金扎堆跻身业绩排名前列。 今年以来，创新药板块迎来强势反弹，港股创新药指数年内涨幅一度超过35%，成为今年投资回报最大的主题之一。,"特朗普,美国,基金经理"
纳指涨超12%，苹果重回全球“市值第一”，特斯拉涨22.69%市值增加近1.2万亿元！黄金、原油大涨,https://news.sina.com.cn/c/2025-04-10/doc-inesrnme6143063.shtml,2025-04-10 06:36:00,美东时间周三，美股三大指数收盘集体大涨，纳指涨12.16%，标普500指数涨9.52%，道指上涨近3000点，涨幅7.87%。大型科技股大幅走高，特斯拉涨超22%，英伟达涨超18%...,
免费办理 不再需要户口本 5月10日起婚姻登记手续简化了,https://news.sina.com.cn/c/2025-04-10/doc-inesrnme3471708.shtml,2025-04-10 05:30:00,修订后的《婚姻登记条例》（以下简称《条例》）日前公布，自2025年5月10日起施行。《条例》修订的主要内容一是增加婚姻家庭服务工作内容，二是实行婚姻登记“全国通办”...,"条例,户口本,离婚"
纳斯达克中国金龙指数收盘涨4.53%,https://news.sina.com.cn/c/2025-04-10/doc-inesrhch6252026.shtml,2025-04-10 04:01:00,财联社4月10日电，纳斯达克中国金龙指数收盘涨4.53%。,
所谓“对等关税”是“开错方、吃错药” 中方在世贸组织发言引发广泛呼应,https://news.sina.com.cn/c/2025-04-10/doc-inesrhch3586850.shtml,2025-04-10 00:21:00,世界贸易组织当地时间9日在瑞士日内瓦召开货物贸易理事会年度首次会议。中方主动设置议题，对美国“对等关税”措施及其恶劣影响表达严重关切...,"关税,世贸组织,中国"
我们不惹事，也不怕事,https://news.sina.com.cn/c/2025-04-10/doc-inesqvpn6468313.shtml,2025-04-10 00:02:00,来源：央视网 美国对全球滥施关税的“余震”还在继续，全球经济遭遇“黑色星期一”。 4月7日至8日，数十家上市企业发布增持相关公告，坚定看好中国资本市场发展前景。,"关税,中国制造的世界,美国"
海关总署：4月10日12时01分起，执行对原产于美国的进口商品加征84%关税,https://news.sina.com.cn/c/2025-04-09/doc-inesqvpi2612663.shtml,2025-04-09 23:10:00,海关总署4月9日发文称，根据《国务院关税税则委员会关于对原产于美国的进口商品加征关税的公告》（税委会公告2025年第4号）、《国务院关税税则委员会关于调整对原产,
北京市气象台发布重要天气提示信息,https://news.sina.com.cn/c/2025-04-09/doc-inesqvpn3803181.shtml,2025-04-09 22:49:00,受冷涡加强东移南下影响，11日下午至13日我市将出现一次极端大风、强降温天气过程。10日白天冷涡将在蒙古国生成，沿西北-东南方向于11日夜间移至北京，随后加强并,
极端大风➕强降温！明天上午北京将提前发布大风橙色预警信号,https://news.sina.com.cn/c/2025-04-09/doc-inesqvpn3789639.shtml,2025-04-09 22:42:00,北京市气象台9日夜间介绍，受冷涡加强东移南下影响，11日下午至13日本市将出现一次极端大风、强降温天气过程。北京市气象台首席预报员雷蕾介绍，10日白天冷涡将在蒙,
教育部发布2025年第1号留学预警,https://news.sina.com.cn/c/2025-04-09/doc-inesqvpn6440894.shtml,2025-04-09 22:21:00,近日，美国俄亥俄州通过有关高等教育法案，其中包含涉华消极条款，对中美高校教育交流合作施加限制。教育部提醒广大留学人员，近期选择赴美有关州学习时做好安全风险评估，,
12部门印发《促进健康消费专项行动方案》,https://news.sina.com.cn/c/2025-04-09/doc-inesqvpn3779960.shtml,2025-04-09 22:08:00,商务部网站4月9日消息，商务部、国家卫生健康委等12部门印发《促进健康消费专项行动方案》。促进健康消费专项行动方案为贯彻落实党中央、国务院关于大力发展健康消费的,
这7人，成总理座谈会“座上宾”,https://news.sina.com.cn/c/2025-04-09/doc-inesqrfq6568469.shtml,2025-04-09 22:05:00,澎湃新闻记者 岳怀让 新华社消息，中共中央政治局常委、国务院总理李强4月9日下午主持召开经济形势专家和企业家座谈会，听取对当前经济形势和下一步经济工作的意见建议。,"机器人,企业家,张斌"
文化和旅游部对赴美中国游客发布风险提示,https://news.sina.com.cn/c/2025-04-09/doc-inesqrfi5945891.shtml,2025-04-09 21:57:00,新京报讯 据文旅部消息，近期，由于中美经贸关系恶化以及美国内安全形势，文化和旅游部提示中国游客充分评估赴美旅游风险，谨慎前往。,文化和旅游部
3天800亿！A股回购增持力度持续加强,https://news.sina.com.cn/c/2025-04-09/doc-inesqrfi5929593.shtml,2025-04-09 21:22:00,财联社4月9日电，据财联社记者初步统计，截至目前的三个交易日内，111家上市公司抛出回购预案或发布股东提议回购公告，拟回购金额上限416.7亿元；67家上市公司,
学习新语｜集中精力办好自己的事,https://news.sina.com.cn/c/xl/2025-04-09/doc-inesqrfq6537840.shtml,2025-04-09 20:47:00,策划/制作：李丽洋、陈舒、胡碧霞新华社出品,
心相近|习近平主席的小客人来华圆梦,https://news.sina.com.cn/c/xl/2025-04-09/doc-inesqrfq6537632.shtml,2025-04-09 20:47:00,新华社北京4月9日电 心相近|习近平主席的小客人来华圆梦 新华社记者王雅晨 温新年 宋瑞 春和景明，山花烂漫，蜿蜒的居庸关长城随着山峦的曲线起起伏伏。,
中央周边工作会议在北京举行 习近平发表重要讲话,https://news.sina.com.cn/c/xl/2025-04-09/doc-inesqrfq3877054.shtml,2025-04-09 20:43:00,中央周边工作会议在北京举行 习近平发表重要讲话 李强主持 赵乐际王沪宁蔡奇丁薛祥李希韩正出席会议 4月8日至9日，中央周边工作会议在北京举行。,
河北隆化养老院火灾致20人死亡，居民：都是火苗黑烟,https://news.sina.com.cn/c/2025-04-09/doc-inesqrfi5917287.shtml,2025-04-09 20:28:00,界面新闻记者|蔡星卓界面新闻编辑|刘海川据央视新闻2025年4月9日上午11时消息，2025年4月8日21时48分，河北隆化县一老年公寓发生火情。消防、应急、公,
中央首次召开这一重要会议，有新判断,https://news.sina.com.cn/c/2025-04-10/doc-inesrsta3370242.shtml,2025-04-09 20:17:00,撰文丨余晖4月8日至9日，中央周边工作会议在北京举行。中共中央总书记、国家主席、中央军委主席习近平出席会议并发表重要讲话。中共中央政治局常委李强、赵乐际、王沪宁,
五部门联手！事关校园食品安全和膳食经费管理,https://news.sina.com.cn/c/2025-04-09/doc-inesqrfq6528210.shtml,2025-04-09 20:10:00,来源：央视网央视网消息：据“市说新语”公众号消息，近日，市场监管总局、教育部、公安部、财政部、国家卫生健康委联合印发《关于常态化开展春...,
“烧毁300辆失控1000辆！”交警评云南玉溪高速：全国最危险的路段,https://news.sina.com.cn/c/2025-04-10/doc-inesrsta3380956.shtml,2025-04-09 19:50:00,近日，有网友发帖称，在云南普洱到玉溪的一段高速上，每公里有十个警示牌。该网友发布了16张警示牌的照片，有25个不同内容的警示牌。牌上分别写着“货车易起火路段，已,
拉清单！中方制裁美国实体,https://news.sina.com.cn/c/2025-04-09/doc-inesqrfq6505098.shtml,2025-04-09 19:43:00,据商务部网站4月9日消息，中方将护盾人工智能公司等6家美国企业列入不可靠实体清单，将12家美国实体列入出口管制管控名单。不可靠实体清单工作机制公 告2025年...,"商务部,中国,美国"
李强：根据形势需要及时推出新的增量政策 以有力有效的政策应对外部环境的不确定性,https://news.sina.com.cn/c/xl/2025-04-09/doc-inesqkxs3972936.shtml,2025-04-09 19:40:00,财联社4月9日电，中共中央政治局常委、国务院总理李强4月9日下午主持召开经济形势专家和企业家座谈会，听取对当前经济形势和下一步经济工作的意见建议。座谈会上，张斌,
甘肃甘南州迭部县发生3.0级地震，震源深度9千米,https://news.sina.com.cn/c/2025-04-09/doc-inesqrfq3847093.shtml,2025-04-09 19:36:00,来源：央视网央视网消息：中国地震台网正式测定：04月09日19时29分在甘肃甘南州迭部县（北纬34.01度，东经103.72度）发生3.0级地震，震源深度9千米。,
对美加征84%关税！中方坚决反制再出“组合拳”,https://news.sina.com.cn/c/2025-04-09/doc-inesqkxs3971776.shtml,2025-04-09 19:36:00,美国东部时间4月8日，美方将此前宣布的对中国输美产品加征34%所谓“对等关税”，进一步提高50%至84%。中方对原产于美国的所有进口商品再加征50%关税国务院关,
甘肃甘南州迭部县附近发生3.0级左右地震,https://news.sina.com.cn/c/2025-04-09/doc-inesqkxm6014676.shtml,2025-04-09 19:32:00,中国地震台网自动测定：04月09日19时29分在甘肃甘南州迭部县附近（北纬34.05度，东经103.69度）发生3.0级左右地震，最终结果以正式速报为准。,
北京市国资委：国有股东按市场化原则适时增持股票 具备条件的上市公司有计划实施股票回购,https://news.sina.com.cn/c/2025-04-09/doc-inesqkxs3969937.shtml,2025-04-09 19:29:00,财联社4月9日电，近日，北京市国资委召开市管企业控股上市公司座谈会，坚定维护资本市场稳定，全力推动上市公司高质量发展。会议指出，各企业要加强上市资源的评估、筛选,
高速开车睡觉，谁制造了“全民智驾”幻觉？,https://news.sina.com.cn/c/2025-04-10/doc-inesrssx2250243.shtml,2025-04-09 19:20:00,一种最新的高速提醒标语近期出现了。“前方施工，关闭智能辅助驾驶”“智能驾驶只是辅助，高速开车仍需专注”“辅助驾驶有风险，高速行车需谨慎”⋯⋯清明假期，高速公路大,
中国海警局新闻发言人就菲向非法“坐滩”仁爱礁军舰运补发表谈话,https://news.sina.com.cn/c/2025-04-09/doc-inesqkxp2783391.shtml,2025-04-09 19:13:00,财联社4月9日电，中国海警局新闻发言人刘德军表示，4月9日，经中方允许，菲律宾派1艘民船对其非法“坐滩”仁爱礁军舰运送生活物资，中国海警对菲船只询问确认并全程监,
中国海警局新闻发言人就菲向非法“坐滩”仁爱礁军舰运补发表谈话,https://news.sina.com.cn/c/2025-04-09/doc-inesqrfq3847367.shtml,2025-04-09 19:12:00,来源：央视网央视网消息：中国海警局新闻发言人刘德军表示，4月9日，经中方允许，菲律宾派1艘民船对其非法“坐滩”仁爱礁军舰运送生活物资...,
商务部新闻发言人就将12家美国实体列入出口管制管控名单答记者问,https://news.sina.com.cn/c/2025-04-09/doc-inesqkxp2782613.shtml,2025-04-09 19:11:00,财联社4月9日电，商务部新闻发言人就将12家美国实体列入出口管制管控名单答记者问。问：2025年4月9日，商务部宣布将12家美国实体列入出口管制管控名单，请问有,
中国制裁6家涉台军售美国企业 商务部回应,https://news.sina.com.cn/c/2025-04-09/doc-inesqkxp2782333.shtml,2025-04-09 19:09:00,财联社4月9日电，商务部表示，近年来，护盾人工智能公司、内华达山脉公司等6家公司不顾中方强烈反对，或参与对台军售，或与台开展所谓军事技术合作，严重损害中国国家主,
商务部将12家美国实体列入出口管制管控名单,https://news.sina.com.cn/c/2025-04-09/doc-inesqkxp2781837.shtml,2025-04-09 19:07:00,美国东部时间4月8日，商务部今日发布公告，将12家美国实体列入出口管制管控名单，禁止向其出口两用物项：1.美国光子公司（AmericanPhotonics）2.,
商务部：中方在世贸组织争端解决机制下起诉美方最新加征关税措施,https://news.sina.com.cn/c/2025-04-09/doc-inesqkxp2781164.shtml,2025-04-09 19:01:00,财联社4月9日电，商务部新闻发言人就中方在世贸组织追加起诉美升级对华关税措施答记者问。问：据悉，中国在世贸组织就美国对华产品进一步加征50%关税追加提起诉讼。能,
强硬反制！对原产于美国的所有进口商品再加征50%关税,https://news.sina.com.cn/c/2025-04-09/doc-inesqkxs6622597.shtml,2025-04-09 19:00:00,美国东部时间4月8日，美方将此前宣布的对中国输美产品加征34%所谓“对等关税”，进一步提高50%至84%。国务院关税税则委员会今天发布公告，自4月10日12时0,
铺就乡村振兴“幸福路”,https://news.sina.com.cn/c/2025-04-09/doc-inesqkxp2763677.shtml,2025-04-09 18:22:00,傍晚时分，忻城县新圩乡隆礼村弄丁屯返村的车辆多了起来，今天是赶集日，一辆辆摩托车、三轮车满载而归。“这个会车道真是修到我们心坎上了，现在出门方便多了！,
三次进村入户督导 推动守好一汪清泉,https://news.sina.com.cn/c/2025-04-09/doc-inesqkxs6610892.shtml,2025-04-09 18:22:00,3月28日，来宾市兴宾区纪委监委调研督导组来到高安乡高连村，走进村民冯丽萍家开展“回头看”。冯丽萍正在用自来水洗菜，看着熟人到来，赶忙放下手中的活迎了上来。,
进一步建立健全各类监督贯通协调制度机制,https://news.sina.com.cn/c/2025-04-09/doc-inesqkxs3948448.shtml,2025-04-09 18:22:00,健全有效的制度机制是促进各类监督贯通协调、提升监督效能的重要保障。然而，调研中记者发现，某地虽然出台了纪检监察监督与审计监督等多类监督贯通协同的相关工作办法...,"建立健全,纪检监察"
家风故事丨追忆父亲 守则育人,https://news.sina.com.cn/c/2025-04-09/doc-inesqkxm5990650.shtml,2025-04-09 18:22:00,清明前的雨总是下得缠绵。望着窗外被雨水洗得发亮的树叶，听着沙沙的雨声，父亲对我的谆谆教导仿佛又回荡在我的耳边。四年了，父亲离开我已经四年了。,
蹊跷的转账记录,https://news.sina.com.cn/c/2025-04-09/doc-inesqkxm5989917.shtml,2025-04-09 18:22:00,“在办案过程中，我们要像去年查办高某某一案那样保持敏感，深挖细查每一个细节。”近日，岑溪市纪委监委驻市财政局纪检监察组黄组长与组员进行案件复盘总结时...,纪检
回访教育显温度，使犯错干部重燃热情,https://news.sina.com.cn/c/2025-04-09/doc-inesqkxm5989149.shtml,2025-04-09 18:22:00,“刚被处分的时候，觉得自己政治生涯止步于此了，对工作也失去了动力，一度想就这样浑浑噩噩地过下去，但组织没有因为我犯了错就放弃对我的关心和教育，帮助我解开了心结...,党员干部
冲上热搜！微信会增加“已读”功能？腾讯最新回应,https://news.sina.com.cn/c/2025-04-09/doc-inesqkxs3943291.shtml,2025-04-09 18:12:00,4月9日，“腾讯客服回应微信开通已读功能”话题冲上微博热搜。近日，多名网友讨论社交软件“已读显示”及“访客记录”功能，有网友反对微信开通，认为会暴露阅读状态...,"微信,腾讯,腾讯客服"
大雾黄色预警：湖南、江西、广西等地局地有强浓雾,https://news.sina.com.cn/c/2025-04-09/doc-inesqrfq6506225.shtml,2025-04-09 18:08:00,来源：央视网央视网消息：中央气象台4月9日18时继续发布大雾黄色预警：预计，4月9日夜间至10日白天，黄海南部偏南海域、东海西部海域、长江口及杭州湾附近海域...,
“提升退役士兵技能培训针对性实效性研究”课题申报评审结果公示,https://news.sina.com.cn/c/2025-04-09/doc-inesqkxm5984898.shtml,2025-04-09 18:07:00,按照有关程序，现将退役军人事务部2025年“提升退役士兵技能培训针对性实效性研究”部级课题申报评审结果（拟承研单位及课题负责人）公示如下：,退役军人事务部
商务部新闻发言人就美方发布TikTok延期行政令答记者问,https://news.sina.com.cn/c/2025-04-09/doc-inesqkxs3948592.shtml,2025-04-09 18:01:00,来源：央视网央视网消息：商务部新闻发言人就美方发布TikTok延期行政令答记者问，详情如下：问：据悉，美方发布TikTok延期行政令，延期75天，暂不实施美相关法律。,"商务部,TikTok,美国"
交通运输部办公厅修订印发《交通强国建设试点工作管理办法》,https://news.sina.com.cn/c/2025-04-09/doc-inesqkxp2760156.shtml,2025-04-09 18:01:00,来源：央视网央视网消息：近日，交通运输部办公厅修订印发《交通强国建设试点工作管理办法》(简称《办法》)，规范工作流程，加强评估管理，优化验收评价，提升试点质效。,"交通运输部,办法"
商务部回应美方发布TikTok延期行政令：反对强取豪夺的做法,https://news.sina.com.cn/c/2025-04-09/doc-inesqkxm5980222.shtml,2025-04-09 18:00:00,财联社4月9日电，有记者问：据悉，美方发布TikTok延期行政令，延期75天，暂不实施美相关法律。请问商务部有何评论。商务部答：中方注意到相关情况。中方重申，中,
“境内办事、境外收钱”的李勇，敛财近30年,https://news.sina.com.cn/c/2025-04-09/doc-inesqerp6104508.shtml,2025-04-09 17:33:00,编辑丨余晖2025年4月9日，湖北省襄阳市中级人民法院一审公开开庭审理了中国海洋石油集团有限公司原党组副书记、总经理李勇受贿一案。襄阳市人民检察院起诉指控：19,
四川自贡“7·17”火灾致16人遇难，32名公职人员被追责问责,https://news.sina.com.cn/c/2025-04-09/doc-inesqeru4057675.shtml,2025-04-09 17:17:00,四川自贡九鼎大楼重大火灾事故相关责任人被严肃查处公安机关对19名涉案人员立案侦查纪检监察机关严肃追责问责32名公职人员四川自贡九鼎大楼“7·17”重大火灾事故发,
新修订《婚姻登记条例》自5月10日起施行,https://news.sina.com.cn/c/2025-04-09/doc-inesqerr2866235.shtml,2025-04-09 17:01:00,4月9日，新修订的《婚姻登记条例》公布，自2025年5月10日起施行。条例全文共6章28条，包括“总则”“结婚登记”“离婚登记”“婚姻登记档案管理”“法律责任”,
落马女厅官罗璇被捕！曾主动交代问题,https://news.sina.com.cn/c/2025-04-09/doc-inesqkxm5999399.shtml,2025-04-09 16:58:00,编辑丨余晖据最高检4月9日消息，江西省萍乡市委原常委、市政府原副市长罗璇（副厅级）涉嫌贪污、受贿一案，由江西省监察委员会调查终结，移送检察机关审查起诉。经江西省,
国防部奉劝菲方“倚外闹海”得不偿失,https://news.sina.com.cn/c/2025-04-09/doc-inesqeru4034957.shtml,2025-04-09 16:25:00,来源：央视网央视网消息：4月9日下午，国防部新闻发言人张晓刚大校就近期涉军问题发布消息。记者：据报道，美防长访问菲律宾重申落实《美菲共同防御条约》承诺...,"国防部,中国,南海"
新华时评·锲而不舍落实中央八项规定精神丨走好群众路线这条党的生命线,https://news.sina.com.cn/c/2025-04-09/doc-inesqerp6073182.shtml,2025-04-09 16:20:00,群众路线是党的生命线和根本工作路线。坚持党的群众路线，始终保持党同人民群众的血肉联系，是全党落实中央八项规定精神、推进作风建设的“必修课”。,
国防部：民进党当局“以武拒统”自取灭亡,https://news.sina.com.cn/c/2025-04-09/doc-inesqeru4023163.shtml,2025-04-09 16:13:00,据@国防部发布，4月9日下午，国防部新闻发言人张晓刚大校就近期涉军问题发布消息。记者：据报道，台湾方面已从美国接收首架F-16V战机，后续还有65架将于2026,
港股收评：恒生指数收涨0.68%，恒生科技指数涨2.64%，科技股延续涨势,https://news.sina.com.cn/c/2025-04-09/doc-inesqerr2841126.shtml,2025-04-09 16:12:00,4月9日，港股收盘，恒生指数涨0.68%，恒生科技指数涨2.64%，南向资金净买入超355亿港元创新高。科技股延续涨势，半导体、军工、硬件设备表现亮眼，中芯国际,
中国救援队伍完成缅甸地震救援任务平安回国,https://news.sina.com.cn/c/2025-04-09/doc-inesqeru4022754.shtml,2025-04-09 16:09:00,4月9日下午，赴缅甸开展地震救援的中国救援队、中国国际救援队、中国香港特区救援队圆满完成国际救援任务，乘坐4架中国空军运-20飞机飞抵北京首都国际机场。,"缅甸,救援队,香港"
美方将“阻止大陆夺取台湾”作为主要优先事项？国防部回应,https://news.sina.com.cn/c/2025-04-09/doc-inesqerp6097954.shtml,2025-04-09 16:08:00,4月9日下午，国防部新闻发言人张晓刚大校就近期涉军问题发布消息。记者：据美媒披露，美防长签署秘密内部指导备忘录，将中国视作“唯一步步紧逼的威胁”，将“阻止大陆夺,
国防部：美把中国当作威胁是严重的战略误判,https://news.sina.com.cn/c/2025-04-09/doc-inesqerr2837255.shtml,2025-04-09 16:06:00,据@国防部发布，4月9日下午，国防部新闻发言人张晓刚大校就近期涉军问题发布消息。记者：据美媒披露，美防长签署秘密内部指导备忘录，将中国视作“唯一步步紧逼的威胁”,
国防部：敦促有关国家不要把亚太地区当成地缘博弈的“狩猎场”,https://news.sina.com.cn/c/2025-04-09/doc-inesqeru4029951.shtml,2025-04-09 16:03:00,来源：央视网央视网消息：4月9日下午，国防部新闻发言人张晓刚大校就近期涉军问题发布消息。有记者问，据报道，美防长访日时称，“武士之国”日本在“应对中国‘侵略’中不可或...,"国防部,亚太地区,日本"
检察机关依法分别对张谦、张高社、王志远、罗璇、刘传河决定逮捕,https://news.sina.com.cn/c/2025-04-09/doc-inesqeru4022401.shtml,2025-04-09 16:00:00,来源：央视网央视网消息：据最高检消息，检察机关依法分别对张谦、张高社、王志远、罗璇、刘传河决定逮捕，详情如下：青海省人民检察院依法对张谦决定逮捕青海省委政法委原...,"青海省,人民检察院,张谦"
连续反弹超4500家收涨，今天A股韧性尽显,https://news.sina.com.cn/c/2025-04-09/doc-inesqkxp2756966.shtml,2025-04-09 15:59:00,每经记者：赵云每经编辑：肖芮冬4月9日，市场全天触底反弹，沪指领涨，北证50指数涨超10%。截至收盘，沪指涨1.31%，深成指涨1.22%，创业板指涨0.98%,
“万绿丛中一片红”！A股低开高走放量大涨，超4500只股票上涨，北证指数爆拉超10%，南向资金净买入超320亿港元,https://news.sina.com.cn/c/2025-04-09/doc-inesqeru6671763.shtml,2025-04-09 15:52:00,4月9日，全球市场避险情绪急剧升温。亚太市场方面，韩国KOSPI指数收盘下跌1.74%，日经225种股票平均价格指数收盘大跌3.93%，台湾加权指数收盘跌近6%,
今年3月全国54城开通运营城市轨道交通线路326条 完成客运量28.8亿人次,https://news.sina.com.cn/c/2025-04-09/doc-inesqerr2836512.shtml,2025-04-09 15:50:00,来源：央视网央视网消息：据交通运输部消息，2025年3月，31个省（自治区、直辖市）和新疆生产建设兵团共有54个城市开通运营城市轨道交通线路326条，运营里程10975.8公里...,轨道交通
增值税发票数据显示：一季度我国高质量发展成效明显 呈现六方面亮点,https://news.sina.com.cn/c/2025-04-09/doc-inesqeru6673219.shtml,2025-04-09 15:40:00,来源：央视网央视网消息：据国家税务总局消息，税收数据是重要的经济数据，能直接反映经济运行情况。近日，国家税务总局发布的增值税发票数据显示，2025年一季度...,"增值税发票,高质量发展,国家税务总局"
欧盟可以在中美“贸易战”中发挥什么作用？外交部回应,https://news.sina.com.cn/c/2025-04-09/doc-inesqeru4004726.shtml,2025-04-09 15:39:00,财联社4月9日电，外交部发言人林剑4月9日主持例行记者会。埃菲社提问，西班牙首相桑切斯正在访问中国，而现在中美贸易战还在持续。中方认为西班牙和欧盟可以在缓解这种,
商务部：中国外贸韧性不减 进出口实现平稳开局,https://news.sina.com.cn/c/2025-04-09/doc-inesqeru4010838.shtml,2025-04-09 15:39:00,在今天下午召开的商务部专题新闻发布会上，相关负责人表示，今年以来，中国外贸发展面临的风险挑战明显增多，但广大外贸企业勇于开拓创新...,"商务部,中国外贸,进出口"
特朗普称中国非常渴望达成关税协议，情况是否属实？外交部回应,https://news.sina.com.cn/c/2025-04-09/doc-inesqeru4002527.shtml,2025-04-09 15:36:00,【环球时报-环球网报道 记者白云怡】在9日的外交部例行记者会上，有媒体提问称，中国将采取哪些措施反制美国加征的关税？美国总统特朗普称，中国非常渴望达成协议...,"特朗普,关税,中国"
中方利用欺骗性手段试图雇佣美国政府前雇员？外交部回应,https://news.sina.com.cn/c/2025-04-09/doc-inesqerr2821823.shtml,2025-04-09 15:32:00,财联社4月9日电，外交部发言人林剑4月9日主持例行记者会。有外媒记者提问，美国反情报中心称，中方利用欺骗性的手段来试图雇佣美国政府前雇员。中方对此有何回应？“我,
特朗普称中国非常渴望达成协议 中方回应,https://news.sina.com.cn/c/2025-04-09/doc-inesqerr2820579.shtml,2025-04-09 15:29:00,财联社4月9日电，外交部发言人林剑4月9日主持例行记者会。法新社记者提问，发言人刚才表示中方将采取坚决行动应对美方今日生效的新关税措施。您能否给出具体说明，中国,
外交部：美加征港口费用损人害己,https://news.sina.com.cn/c/2025-04-09/doc-inesqeru6672169.shtml,2025-04-09 15:26:00,4月9日，外交部发言人林剑主持例行记者会。有记者就美国加征港口费提问。林剑表示，征收港口费，对货物的装卸设备加征关税等措施，损人害己。既推高了全球的海运成本，扰,
外交部回应日本2025年版外交蓝皮书涉华内容,https://news.sina.com.cn/c/2025-04-09/doc-inesqerp6044893.shtml,2025-04-09 15:25:00,财联社4月9日电，外交部4月9日下午举行例行记者会。记者：日本政府4月8日发布2025年版《外交蓝皮书》，文件将中日关系定位为日最重要的双边关系之一，称将继续同,
商务部肖露：中国将与更多贸易伙伴携手合作 为全球贸易增长注入稳定力量,https://news.sina.com.cn/c/2025-04-09/doc-inesqerr2818533.shtml,2025-04-09 15:24:00,财联社4月9日电，商务部对外贸易司副司长肖露4月9日在新闻发布会上表示，中国外贸有信心有底气面对各种风险挑战。肖露表示，信心主要来自外贸稳固基本盘、充沛新动能以,
外交部回应美防长抹黑破坏中国巴拿马合作言论,https://news.sina.com.cn/c/2025-04-09/doc-inespyiw6782733.shtml,2025-04-09 15:19:00,财联社4月9日电，外交部4月9日下午举行例行记者会。有记者就美防长赫格塞思访问巴拿马期间的涉华言论提问。外交部发言人林剑：美国的高级官员恶意攻击中国，抹黑、破坏,
国防部：美防长搞政治作秀必遭世人反对和历史嘲讽,https://news.sina.com.cn/c/2025-04-09/doc-inesqerp6043775.shtml,2025-04-09 15:19:00,4月9日下午，国防部新闻发言人张晓刚大校就近期涉军问题发布消息。 有记者问，据报道，美防长访日时，赞美硫磺岛战役中日军的“勇敢精神”，相关言论在美国内引发质疑。,
全文发布｜《关于中美经贸关系若干问题的中方立场》,https://news.sina.com.cn/c/2025-04-09/doc-inesqeru3995082.shtml,2025-04-09 15:13:00,新华社北京4月9日电 国务院新闻办公室9日发布《关于中美经贸关系若干问题的中方立场》白皮书。全文如下： 关于中美经贸关系若干问题的中方立场 （2025年4月）...,
“国家队”持续出手增持 今日股市收盘全线飘红,https://news.sina.com.cn/c/2025-04-09/doc-inesqeru6658947.shtml,2025-04-09 15:13:00,今日收盘，上证指数（000001）涨1.31%，深证成指（399001）涨1.22%，北证50（899050）涨10.27%，创业板指（399006）涨0.98%，科创综指（000680）涨3.78%。,"资本市场,上证指数"
美方认为巨额贸易逆差让美国“吃亏” 商务部回应,https://news.sina.com.cn/c/2025-04-09/doc-inespyit2942684.shtml,2025-04-09 15:08:00,财联社4月9日电，商务部有关负责人就《关于中美经贸关系若干问题的中方立场》白皮书答记者问。美方认为巨额贸易逆差让美国“吃亏”，请问中方对此有何评论？答：中美货物,
商务部：如果美方执意进一步升级经贸限制措施，中方奉陪到底,https://news.sina.com.cn/c/2025-04-09/doc-inespyiw4120776.shtml,2025-04-09 15:06:00,"Ifyouarethewebmaster,configurerelatedparametersontheWAFconsoletoallowyourrequest",
外交部回应美对华104%关税：将继续采取坚决有力的措施，维护自身的正当权益,https://news.sina.com.cn/c/2025-04-09/doc-inespyit2943015.shtml,2025-04-09 15:03:00,【#外交部回应美对华104%关税#：将继续采取坚决有力的措施，维护自身的正当权益】4月9日下午，外交部举行例行记者会。有记者就美国对华征收104%关税进行提问。,
商务部：对于美方单边主义、霸凌主义限制措施，中方坚决反对,https://news.sina.com.cn/c/2025-04-09/doc-inespyiw4113328.shtml,2025-04-09 15:03:00,财联社4月9日电，商务部有关负责人就《关于中美经贸关系若干问题的中方立场》白皮书答记者问。近期，美方在以芬太尼为由先后两次对华加征合计20%关税的基础上，又对华,
A股收评：三大指数全线上涨，北证50涨超10%，两市成交额近1.7万亿，超4500股飘红,https://news.sina.com.cn/c/2025-04-09/doc-inespyiw4111697.shtml,2025-04-09 15:03:00,4月9日，A股三大指数集体上涨，截至收盘，上证指数收涨1.31%，深证成指收涨1.22%，创业板指收涨0.98%；北证50收涨10.27%。两市成交额约1699,
国务院新闻办公室发布《关于中美经贸关系若干问题的中方立场》白皮书,https://news.sina.com.cn/c/2025-04-09/doc-inespyit2934103.shtml,2025-04-09 15:01:00,国务院新闻办公室4月9日发布《关于中美经贸关系若干问题的中方立场》白皮书，澄清中美经贸关系事实，阐明中方对相关问题的政策立场。白皮书除前言、结束语外共分为六个部,
国防部：中国军队愿与印方共同维护好边境地区和平安宁,https://news.sina.com.cn/c/2025-04-09/doc-inespyiw4117085.shtml,2025-04-09 15:01:00,4月9日下午，国防部新闻发言人张晓刚大校就近期涉军问题发布消息。 有记者问，据报道，国家主席习近平近日同印度总统互致贺电，双方一致同意推动双边关系健康稳定发展。,
如何看待美国单边加征关税做法 商务部：美方只会自食恶果,https://news.sina.com.cn/c/2025-04-09/doc-inesqeru4000130.shtml,2025-04-09 15:00:00,商务部有关负责人就《关于中美经贸关系若干问题的中方立场》白皮书回答记者提问。 问：中方如何看待美国对包括中国在内的贸易伙伴单边加征关税的做法？,"关税,商务部,美国"
国防部奉劝菲方 “倚外闹海”得不偿失,https://news.sina.com.cn/c/2025-04-09/doc-inesqerr2818394.shtml,2025-04-09 15:00:00,据报道，美防长访问菲律宾，重申落实《美菲共同防御条约》承诺，共同应对“中国威胁”，期间菲美日位南海开展联合巡航，近日美方还批准向菲出售F-16战机。,
耿爽：战争发生在欧洲大陆，欧洲当然要为和平发挥作用,https://news.sina.com.cn/c/2025-04-09/doc-inespyiw4109463.shtml,2025-04-09 14:57:00,4月8日，中国常驻联合国代表团网站发布中国常驻联合国代表团临时代办耿爽在安理会审议乌克兰人道问题时的发言，全文如下：,
我驻普吉领办提醒中国游客宋干节期间注意交通安全,https://news.sina.com.cn/c/2025-04-09/doc-inespyir6165379.shtml,2025-04-09 14:45:00,来源：央视网央视网消息：据中华人民共和国驻宋卡总领事馆官网消息，近日，一名中国公民在甲米府兰达岛骑行摩托车发生交通事故，因伤势过重抢救无效身亡。,
我国电商物流活跃度进一步提升,https://news.sina.com.cn/c/2025-04-09/doc-inespyiw6762501.shtml,2025-04-09 14:32:00,中国物流与采购联合会4月8日公布，3月份中国电商物流指数为110点，较上月上升1.1点。分项指数中，总业务量指数回升明显，其中，西部地区回升幅度最大。,"央视网,电商物流,中国物流"
关键时刻“国家队”出手，坚定看好中国资本市场,https://news.sina.com.cn/c/2025-04-09/doc-inespyit2929727.shtml,2025-04-09 14:30:00,重磅政策出台、类“平准基金”发力、央企增持……在外部环境严峻复杂、市场情绪不稳的关键时刻，“国家队”出手力挺资本市场，带来真金白银的支持，注入实实在在的信心与力量。,"资本市场,股票,ETF"
中央周边工作会议在北京举行 习近平发表重要讲话,https://news.sina.com.cn/c/xl/2025-04-09/doc-inespyiw4090360.shtml,2025-04-09 14:09:00,原标题：中央周边工作会议在北京举行 习近平发表重要讲话 李强主持 赵乐际王沪宁蔡奇丁薛祥李希韩正出席会议 新华社北京4月9日电 中央周边工作会议4月8日至9日在北京举行。...,
杨立军已任中国航天党组成员、副总经理,https://news.sina.com.cn/c/2025-04-09/doc-inespyir6138592.shtml,2025-04-09 14:03:00,中国航天科技集团有限公司（以下简称“中国航天”）官网近日更新“领导成员”栏目显示，杨立军已任中国航天党组成员、副总经理。,"党组成员,中国航天科技集团,北京航空航天大学"
“景德镇一家三口被撞身亡案”即将开庭，逝者家属拒绝谅解,https://news.sina.com.cn/c/2025-04-09/doc-inespyiw4086587.shtml,2025-04-09 13:59:00,来源：顶端新闻 2024年10月，江西景德镇发生一起交通事故，致一家三口被撞身亡。 近日，遇难者家属胡女士告诉顶端新闻记者，她的律师已经收到景德镇中级人民法院通知...,
深成指、创业板指双双涨逾1%,https://news.sina.com.cn/c/2025-04-09/doc-inespyiw4080882.shtml,2025-04-09 13:41:00,深成指、创业板指午后拉升，双双涨逾1%，早盘均一度跌超3%。军工、免税店、半导体、零售、房地产等方向涨幅居前，沪深京三市上涨个股近4200只。,
中国节能宣布增持,https://news.sina.com.cn/c/2025-04-09/doc-inespyiw6733576.shtml,2025-04-09 13:16:00,来源：财联社 财联社4月9日电，从中国节能环保集团有限公司获悉，目前中国节能正组织多家成员单位研究利用回购增持专项贷和自有资金实施上市公司增持、回购计划...,
宁夏大学41岁教授李海波因病去世：曾入选全球前2%顶尖科学家榜单,https://news.sina.com.cn/c/2025-04-09/doc-inespyiw6751126.shtml,2025-04-09 13:14:00,【#宁夏大学41岁教授李海波因病去世#：曾入选全球前2%顶尖科学家榜单】4月8日，有网友发帖称，宁夏大学李海波教授凌晨去世，4月9日，宁夏大学一老师证实李海波因,
成都警方：男子驾车冲卡拒检致辅警受伤，已刑拘,https://news.sina.com.cn/c/2025-04-09/doc-inespyit2892128.shtml,2025-04-09 13:03:00,4月9日，成都金堂县公安局发布警情通报：4月8日10时许，我局交警大队民警陈某带领辅警曾某等人在赵镇迎宾大道二段依法开展道路交通执法检查时...,
河北隆化县一老年公寓发生火灾致20人遇难，国务院安委会挂牌督办,https://news.sina.com.cn/c/2025-04-09/doc-inesptzy4198115.shtml,2025-04-09 12:51:00,4月9日，国务院安全生产委员会发布向河北省人民政府发布重大生产安全事故查处挂牌督办通知书。通知书称，2025年4月8日，河北省承德市隆化县国恩老年公寓发生重大火灾事故...,
外交部驻港公署发言人正告美方：继续推动涉港恶法只会遭受迎头痛击,https://news.sina.com.cn/c/2025-04-09/doc-inespyir6127728.shtml,2025-04-09 12:37:00,来源：央视网央视网消息：据外交部驻港公署消息，针对美国个别政客再次推动有关法案，诋毁香港自治和法治，叫嚣取消香港驻美经贸办事处有关待遇甚至关闭办事处...,"香港,外交部,中国"
新版电视剧《红楼梦》“刘姥姥”扮演者叶琳瑯去世，享年93岁,https://news.sina.com.cn/zx/2025-04-09/doc-inesptzt6237192.shtml,2025-04-09 12:23:00,据长影集团，长春电影制片厂演员叶琳瑯于4月8日23时在长春去世，终年93岁。叶琳瑯告别仪式将于4月10日在长春市殡仪馆一号厅举行。,
玉渊谭天：对美二十多项反制合理合情合法,https://news.sina.com.cn/c/2025-04-09/doc-inesptzt6237345.shtml,2025-04-09 12:19:00,美对华加征关税已经超过100%。中国人不喜欢施压和威胁，我们不惹事，也不怕事。消息人士告诉谭主，中方针对美威胁升级对华关税的回应，有两个信息点格外值得关注。第一,
河北隆化老年公寓火灾致20人遇难，知情人：火是从楼上着的,https://news.sina.com.cn/c/2025-04-09/doc-inesptzy4188523.shtml,2025-04-09 12:17:00,4月8日晚，河北隆化县一老年公寓发生火情，致20人不幸遇难的消息引发关注。据央视新闻报道，目前，公寓相关负责人已被公安机关控制，事故原因调查、家属安抚等工作正在,
玉渊谭天：对美二十多项反制合理合情合法,https://news.sina.com.cn/zx/2025-04-09/doc-inesptzy4183486.shtml,2025-04-09 12:07:00,来源：玉渊谭天 美对华加征关税已经超过100%。中国人不喜欢施压和威胁，我们不惹事，也不怕事。消息人士告诉谭主，中方针对美威胁升级对华关税的回应...,
交通运输部、财政部遴选支持第二批公路水路交通基础设施数字化转型升级区域,https://news.sina.com.cn/c/2025-04-09/doc-inesptzy4186024.shtml,2025-04-09 12:02:00,来源：央视网央视网消息：据交通运输部消息，近日，交通运输部、财政部采用竞争性评审方式，遴选产生第二批给予资金支持的公路水路交通基础设施数字化转型升级区域，天津...,"交通运输部,基础设施,财政部"
河北一养老院发生火灾致20人死亡，事发养老院平时封闭管理,https://news.sina.com.cn/c/2025-04-09/doc-inesptzv3003736.shtml,2025-04-09 11:59:00,据新华社消息，记者从河北省承德市有关部门了解到，4月8日21时许，河北省承德市隆化县一养老院发生火灾。据初步统计，截至9日凌晨3时，火灾共造成20人死亡。4月9,
A股午评：上证指数午盘涨0.24%，创业板指涨0.61%，军工、农业、半导体板块涨幅居前,https://news.sina.com.cn/c/2025-04-09/doc-inesptzv3003752.shtml,2025-04-09 11:41:00,4月9日，A股三大指数早盘低开高走，截至午盘，沪指涨0.24%，深成指涨0.56%，创业板指涨0.61%，北证50指数涨6.88%。全市场半日成交额11217亿,
起火致20人死亡的承德养老院曾获评河北省一级养老机构，民政局称当前第一任务是“先救活人”,https://news.sina.com.cn/c/2025-04-09/doc-inesptzy4172662.shtml,2025-04-09 11:30:00,极目新闻记者 詹钘 肖名远 新华社消息，4月8日21时许，河北省承德市隆化县一养老院发生火灾。据初步统计，截至9日凌晨3时，火灾共造成20人死亡。,
承德隆化一养老院火灾致20人死亡，事发养老院成立才9年,https://news.sina.com.cn/c/2025-04-09/doc-inesptzy4167585.shtml,2025-04-09 11:16:00,极目新闻记者 姚赟 詹钘 杜光然 余渊 据新华社石家庄4月9日电，4月8日21时许，河北省承德市隆化县一养老院发生火灾。据初步统计，截至9日凌晨3时，火灾共造成20人死亡。,
外媒爆：被业界反对后，美国正考虑放宽拟对进入美港口中国船只征收的“停靠费”,https://news.sina.com.cn/c/2025-04-09/doc-inesptzy4166629.shtml,2025-04-09 11:16:00,[环球网报道]据路透社8日独家报道，六名消息人士透露，在收到来自业界大量负面反馈和反对声音后，美国特朗普政府正在考虑放宽拟对进入美国港口的中国船只征收的“停靠费”。,
中国驻缅甸大使馆：缅甸强震已造成中国公民6死13伤,https://news.sina.com.cn/c/2025-04-09/doc-inesptzy6819809.shtml,2025-04-09 11:16:00,中国驻缅甸大使馆确认，截至北京时间4月9日11时，缅甸强震已造成中国公民6死13伤。（新华社）,
北京今年上半年小客车指标相关资格审核结果公布,https://news.sina.com.cn/c/2025-04-09/doc-inesptzy6821181.shtml,2025-04-09 11:13:00,来源：央视网央视网消息：据北京市交通委员会网站消息，按照《<北京市小客车数量调控暂行规定>实施细则》(2025年修订)规定，2025年上半年单位、个人、家庭申请人...,北京市
河北隆化县一老年公寓发生火灾致20人遇难 公寓负责人已被控制,https://news.sina.com.cn/c/2025-04-09/doc-inesptzt6207195.shtml,2025-04-09 11:09:00,4月8日21时48分，河北隆化县一老年公寓发生火情。消防、应急、公安、卫健等部门第一时间赶赴现场开展救援。23时左右，现场明火被扑灭。事故造成20人不幸遇难，1,
市场监管总局：2025年2月中国企业信用指数小幅上升,https://news.sina.com.cn/c/2025-04-09/doc-inesptzy6816704.shtml,2025-04-09 11:03:00,来源：央视网央视网消息：据市场监管总局消息，2025年2月，中国企业信用指数为160.73。随着各项宏观政策继续发力显效，企业信用水平向新向好态势明显。,"信用,央视网,中国企业"
上海地铁通报4号线南浦大桥站水管局部漏水：漏水已止住，运营未受影响,https://news.sina.com.cn/c/2025-04-09/doc-inesptzy4157937.shtml,2025-04-09 10:18:00,来源：央视网央视网消息：@上海地铁shmetro 微博发布运营情况说明称，4月9日上午8时10分许，4号线南浦大桥站往塘桥方向站台，第一节列车候车位置上方水管局部漏水...,"站台,列车,积水"
国家队领衔买入超千亿，准备了多少弹药？,https://news.sina.com.cn/c/2025-04-09/doc-inesptzv2984855.shtml,2025-04-09 10:12:00,这场由顶层设计主导、多部委协同、央地国企联动、跨产业共振的稳市举措，正在重塑市场预期 文|《财经》记者 黄慧玲 编辑|杨秀红 时隔六年，关税战卷土重来。,
离岸人民币“破7.4”又回弹，“对等关税”下的汇市怎么走,https://news.sina.com.cn/c/2025-04-09/doc-inesppua6924702.shtml,2025-04-09 10:06:00,北京商报讯（记者刘四红）北京时间4月9日，外汇市场上人民币汇率波动显著，引人关注。北京商报记者注意到，当日离岸人民币对美元汇率走势跌宕，盘中一度突破7.40关口,
4月9日起，厦金“小三通”客运航线将调整航道,https://news.sina.com.cn/c/2025-04-09/doc-inesppua6919084.shtml,2025-04-09 10:03:00,来源：央视网央视网消息：据厦门海事局消息，4月9日起，厦金“小三通”客船航行的金通航道实施新的航路规划，JT11#浮至JT15#浮之间航段由原折线航道调整为顺直航道...,"厦门市,客运航线"
台湾宜兰县发生4.6级地震，震源深度33千米,https://news.sina.com.cn/c/2025-04-09/doc-inespptx3083195.shtml,2025-04-09 10:00:00,来源：央视网央视网消息：中国地震台网正式测定：04月09日09时53分在台湾宜兰县（北纬24.67度，东经121.66度）发生4.6级地震，震源深度33千米。,"台湾省,地震,震源深度"
准确把握协助引导推动功能定位,https://news.sina.com.cn/c/2025-04-09/doc-inesppua4241667.shtml,2025-04-09 09:42:00,在辽宁省盖州市，“辰州清风小队”的威力家喻户晓。这支由纪委监委牵头，18家职能部门和27个乡镇办事处等单位骨干力量组成的监督检查组...,
33岁爱女离世，梁振英今晨发声：走得很突然，没留下只言片语，安详地躺在床上,https://news.sina.com.cn/c/2025-04-09/doc-inespptx3067721.shtml,2025-04-09 09:41:00,据香港媒体4月9日报道，香港特别行政区前行政长官梁振英的次女梁齐昕，于8日晚上被发现在筲箕湾一服务式住宅单位内昏迷。救护员赶至现场时，她已离世，终年33岁。,
港股开盘：恒生指数开盘跌3.14%，恒生科技指数跌4.26%，医药股、消费股跌幅居前,https://news.sina.com.cn/c/2025-04-09/doc-inespptv6278374.shtml,2025-04-09 09:23:00,4月9日，港股开盘，恒生指数低开3.14%，恒生科技指数低开4.26%。医药股、消费股跌幅居前。药明生物跌超8%，蔚来、哔哩哔哩跌超6%。,
阜阳颍泉：“一案一评”抓质效 闭环管理促提升,https://news.sina.com.cn/c/2025-04-09/doc-inesppua4224332.shtml,2025-04-09 09:22:00,“从案件质量评查结果来看，个别案件存在证据链闭合不严谨、文书格式不规范等问题，需进一步强化程序意识和证据意识……”在阜阳市颍泉区纪委监委案件质量评查通报会上...,阜阳市
坚定信心谋改革 凝聚力量抓落实 北京奋力谱写国资国企改革发展新篇章,https://news.sina.com.cn/c/2025-04-09/doc-inesppua6872401.shtml,2025-04-09 09:10:00,北京市国资国企全力推进国有企业改革深化提升行动，提前完成70%以上主体任务，市管企业资产规模保持增长态势，2024年1-11月实现营收1.89万亿元，利润总额1479亿元...,"改革发展,北京市,改革任务"
郑州一女子被企业家丈夫家暴最新进展：已要回孩子抚养权,https://news.sina.com.cn/c/2025-04-09/doc-inesppua6866113.shtml,2025-04-09 08:54:00,来源：大皖新闻 大皖新闻讯 日前，大皖新闻独家报道了郑州一女子称被企业家丈夫长期家暴，离婚后要不回抚养权一事，引发广泛关注。,"李萍,郑州市,法院"
香港前特首梁振英次女猝逝 终年33岁,https://news.sina.com.cn/zx/2025-04-09/doc-inesppua6862839.shtml,2025-04-09 08:53:00,香港前特首梁振英的次女梁齐昕4月8日晚在香港筲箕湾一间服务式公寓内被发现昏迷，救护人员接获报案后赶到现场，经检查后确认她已不治，享年33岁。,
中国船舶外高桥造船首艘风帆助推油船出坞,https://news.sina.com.cn/c/2025-04-09/doc-inespptv6258862.shtml,2025-04-09 08:50:00,近日，中国船舶上海外高桥造船有限公司建造的11.4万吨阿芙拉型成品油船顺利出坞，这也是该公司建造的首艘风帆助推油船。,上海市
兵器工业内蒙古一机集团一季度经营发展实现“开门红”,https://news.sina.com.cn/c/2025-04-09/doc-inespptv6258712.shtml,2025-04-09 08:49:00,科研现场繁忙有序、生产车间机器轰鸣、市场开拓热度攀升……一季度，兵器工业内蒙古一机集团经营发展实现“开门红”。点燃新引擎 激活新动力一季度...,"智能化,内蒙古"
我国首个海陆一体海上风电柔直送出工程——阳江三山岛海上风电柔直输电工程全面开工,https://news.sina.com.cn/c/2025-04-09/doc-inesppua4202621.shtml,2025-04-09 08:49:00,4月7日，从南方电网获悉，阳江三山岛海上风电柔直输电工程全面开工，这是全国首个由电网企业统一规划和建设的海上风电配套送出工程...,"阳江市,海陆"
中国中车集团时速200公里智能城际动车组正式下线,https://news.sina.com.cn/c/2025-04-09/doc-inespptx3033051.shtml,2025-04-09 08:49:00,近日，时速200公里智能城际动车组在中国中车集团旗下中车长客股份公司下线，即将在郑开、郑机城际铁路运营，届时将有更多旅客体验到智能舒适的出行服务。,"智能,中国中车"
贯彻落实中央纪委四次全会精神,https://news.sina.com.cn/c/2025-04-09/doc-inesppua6858456.shtml,2025-04-09 08:42:00,日前，广东省深圳市纪委监委印发2025年聚焦高质量发展首批重点监督清单，明确对探索数字化智能化改革、完善加快推动战略性新兴产业发展壮大机制等45项重点改革事项开展项目...,"中央纪委,全会"
打通提振消费政策落实堵点,https://news.sina.com.cn/c/2025-04-09/doc-inesppua6858433.shtml,2025-04-09 08:42:00,聚焦重点任务关键环节压实责任打通提振消费政策落实堵点近日，中共中央办公厅、国务院办公厅印发《提振消费专项行动方案》（以下简称《方案》）...,"纪检,提振消费专项行动方案,国家发展改革委"
广西：扎紧同题共答制度“笼子”,https://news.sina.com.cn/c/2025-04-09/doc-inespptv6252549.shtml,2025-04-09 08:34:00,加强多方监督主体贯通协调，离不开协同联动、顺畅高效的工作机制。近年来，广西壮族自治区纪委监委进一步统一思想、提高站位，从完善制度机制入手...,"自治区,纪检监察,广西"
全国铁路4月9日实行新的货物列车运行图,https://news.sina.com.cn/c/2025-04-09/doc-inesppua6884145.shtml,2025-04-09 08:33:00,来源：央视网央视网消息：据“中国铁路”公众号消息，4月9日18时起，全国铁路实行新的货物列车运行图。调图后，快运班列及大宗直达货物列车数量进一步增加...,铁路
江苏交通综合执法“护企十二条”激发民企活力,https://news.sina.com.cn/c/2025-04-09/doc-inespine4322489.shtml,2025-04-09 08:22:00,民营企业是交通运输行业的主力军。为了进一步激发经营主体活力，江苏省交通综合执法局印发《深化严格规范公正文明执法保护交通运输民营企业合法权益十二条措施》（以下简称...,"交通运输,江苏省,民营企业"
三大证券报头版刊文聚焦稳市举措：中国版平准基金横空出世，合力托举A股价值中枢,https://news.sina.com.cn/c/2025-04-09/doc-inespine6979016.shtml,2025-04-09 08:14:00,[写在前面]4月7日至8日，中央汇金、中国诚通、中国国新、中国电科等相继宣布增持！尤其是中央汇金首次明确了自己是资本市场上的“国家队”，发挥着类“平准基金”作用。,
聚焦重点任务关键环节压实责任 打通提振消费政策落实堵点,https://news.sina.com.cn/c/2025-04-09/doc-inespimz3149635.shtml,2025-04-09 08:13:00,近日，中共中央办公厅、国务院办公厅印发《提振消费专项行动方案》（以下简称《方案》），要求各地区各部门结合实际认真贯彻落实。,"纪检,提振消费专项行动方案,国家发展改革委"
二十届中央第五轮巡视对象公布,https://news.sina.com.cn/c/2025-04-09/doc-inespine4318083.shtml,2025-04-09 08:13:00,经党中央批准，二十届中央第五轮巡视将对河北省、山西省、内蒙古自治区、吉林省、浙江省、安徽省、江西省、河南省、湖北省、湖南省、海南省、四川省、云南省、甘肃省...,"党中央,巡视对象,武汉市"
山西省组织专家鉴定“世纪婴儿”千千去世事件，母亲：结果符合预期，希望医院道歉,https://news.sina.com.cn/c/2025-04-09/doc-inesnnhq4741749.shtml,2025-04-09 08:07:00,极目新闻记者 肖名远 “世纪婴儿”解岳千（千千）3月9日在山西长治市不幸去世，年仅25岁，医院被指救援不力。4月8日，千千的母亲告诉极目新闻记者...,"医院,长治市,山西省"
美防长称将从“中国影响”下夺回巴拿马运河，我使馆驳斥,https://news.sina.com.cn/c/2025-04-09/doc-inespimx6369482.shtml,2025-04-09 07:55:00,[文/观察者网 刘程辉]美国再次炒作巴拿马运河话题。当地时间4月8日，美国国防部长赫格塞思在访问巴拿马时继续向这个中美洲国家施压...,
A股史上最强“稳市组合拳”，脉络清晰了！,https://news.sina.com.cn/c/2025-04-09/doc-inespine6969436.shtml,2025-04-09 07:47:00,财联社4月9日讯（记者闫军）特朗普关税导致全球风险资产剧烈波动，A股与港股同样受到波及，在关键时间节点，稳市组合拳出场。这次稳市的清晰脉络在于，国家各部委联合行,
全省信访工作法治化推进会召开,https://news.sina.com.cn/c/2025-04-09/doc-inespimx6360785.shtml,2025-04-09 07:42:00,4月8日，全省信访工作法治化推进会在宁召开，总结盘点一季度工作，专题部署信访工作法治化提升行动。省信访工作联席会议召集人出席会议并讲话。,
江苏着力建设儿童友好型城市 5项经验入选国家范本,https://news.sina.com.cn/c/2025-04-09/doc-inespine4301694.shtml,2025-04-09 07:33:00,近日，国家发改委等三部门联合印发儿童友好城市建设经验举措清单，江苏5项经验做法入选。这一系列扎实举措让儿童优先发展理念融入城市基因，为基层治理写下温暖注脚。,
去年全省生物医药集群营收利润均居全国第一,https://news.sina.com.cn/c/2025-04-09/doc-inespine6959556.shtml,2025-04-09 07:32:00,省工信厅、中国药科大学日前在南京江北新区共同举办智能药学产教融合创新发展大会暨生物医药集群产才对接专场活动，记者从会上获悉，去年...,
我省将开展47个新职业评价服务,https://news.sina.com.cn/c/2025-04-09/doc-inespine6969444.shtml,2025-04-09 07:32:00,省人社厅、省科技厅、省工信厅等7个部门4月8日联合发布数字孪生应用技术员、商务数据分析师、乡村建设工匠等47个今年技能人才评价技术资源快速响应重点开发项目。,测试员
三堂会审 | 准确认定共同受贿犯罪数额及既未遂形态,https://news.sina.com.cn/c/2025-04-09/doc-inespine4299216.shtml,2025-04-09 07:22:00,特邀嘉宾王祖顺 宜昌市纪委监委案件审理室主任雷 凯 兴山县纪委副书记、监委副主任刘 蓉 枝江市人民检察院第一检察部副主任黎秀玲 枝江市人民法院安福寺法庭庭长编者按本案...,
护航重大改革举措落地见效,https://news.sina.com.cn/c/2025-04-09/doc-inespine4301777.shtml,2025-04-09 07:22:00,日前，广东省深圳市纪委监委印发2025年聚焦高质量发展首批重点监督清单，明确对探索数字化智能化改革、完善加快推动战略性新兴产业发展壮大机制等45项重点改革事项开展项目...,
为他人谋利后接受宴请和旅游活动安排如何定性,https://news.sina.com.cn/c/2025-04-09/doc-inespimx6351579.shtml,2025-04-09 07:22:00,二十届中央纪委四次全会强调，一体推进正风反腐，强化系统观念，树立整体思维，把准由风及腐的利益链，深挖细查不正之风背后的请托办事、利益输送等腐败问题。,
二十届中央第五轮巡视对象公布,https://news.sina.com.cn/c/2025-04-09/doc-inespine4296213.shtml,2025-04-09 07:22:00,经党中央批准，二十届中央第五轮巡视将对河北省、山西省、内蒙古自治区、吉林省、浙江省、安徽省、江西省、河南省、湖北省、湖南省、海南省、四川省、云南省、甘肃省...,
跨省卖墓地，河北涿州公墓违规经营背后,https://news.sina.com.cn/c/2025-04-09/doc-inespptx3065180.shtml,2025-04-09 07:20:00,违规买卖的墓地使用权或不受保护“同样的预算，在涿州能选到靠水岸的‘福位’，在北京只能挤在边角。”父亲离世后，家住北京西城区的李玥，并未选择将父亲安葬在北京的墓地,
“85后”国企原董事长：花近百万买的宝马车不敢开，罩起来放地下室,https://news.sina.com.cn/c/2025-04-09/doc-inespimx6342791.shtml,2025-04-09 07:10:00,“我用了将近100万元，购买了一台宝马车，后来担心案发，又不敢开，平时也将宝马车放在自家楼下的地下停车场，还专门买了一个罩子把车罩住。。。。。。,
从“群里吼”到“实地走”定西整治“指尖上的形式主义” 为干部松绑减负,https://news.sina.com.cn/c/2025-04-09/doc-inespimz3122001.shtml,2025-04-09 07:02:00,“现在明显感觉会少了、加班少了、工作群消息也少了，与之相反的是干部下乡多了、入户多了、陪家人的时间也多了。”谈起基层减负带来的变化，定西市漳县武当乡乡长杨凯认为...,
打通提振消费政策落实堵点,https://news.sina.com.cn/c/2025-04-09/doc-inespimz3116613.shtml,2025-04-09 07:02:00,近日，中共中央办公厅、国务院办公厅印发《提振消费专项行动方案》（以下简称《方案》），要求各地区各部门结合实际认真贯彻落实。,
点亮万家安心灯,https://news.sina.com.cn/c/2025-04-09/doc-inespimz3122014.shtml,2025-04-09 07:02:00,暮色四合，华灯初上，浙江省江山市廿八都镇枫溪村炉峰小区渐次亮起温暖的黄色灯光。得益于“临时用电转正难”问题专项整治，这个曾经晚上只能使用临时电的小村庄告别了用电难...,
古浪：用好处分决定“一张纸” 上好警示教育 “现场课”,https://news.sina.com.cn/c/2025-04-09/doc-inespimz3121585.shtml,2025-04-09 07:02:00,“董某某身为中共党员，违反国家法律法规……根据《中国共产党纪律处分条例》相关规定，决定给予其党内严重警告处分。”近日，武威市古浪县土门镇纪委在三关村党员大会上...,
清风为伴产业兴 | 金果子托起致富梦,https://news.sina.com.cn/c/2025-04-09/doc-inespine6952714.shtml,2025-04-09 07:02:00,春光明媚，在山东省莱阳市照旺庄镇西陶漳村万亩梨园，梨农们正抢抓有利时机，做好保暖、施肥，为提高坐果率而忙碌着。莱阳因梨而享有“中国梨乡”的美誉。,
《中国纪检监察报》新闻版头条、中央纪委国家监委网站｜严把起草制发、跟踪监督、评估质效关口 贵州用好纪检监察建议有力武器,https://news.sina.com.cn/c/2025-04-09/doc-inesppua6860157.shtml,2025-04-09 06:47:00,近日，贵州省黄平县纪委监委到县农业农村局对监察建议整改落实情况开展“回头看”，该局相关负责人介绍：“收到监察建议后，我们立即围绕列出的问题和建议研究整改...,
黔西南：首期“加油黔行 清风讲堂”开讲,https://news.sina.com.cn/c/2025-04-09/doc-inespine6956555.shtml,2025-04-09 06:33:00,近日，黔西南州纪委监委“加油黔行  清风讲堂”第一讲开讲，来自州委巡察机构，州纪委监委派驻(派出)机构、内设机构，州管国有企事业单位纪检监察机构等单位负责同志70余人参...,
二十届中央第五轮巡视对象公布,https://news.sina.com.cn/c/2025-04-09/doc-inespine6962120.shtml,2025-04-09 06:18:00,经党中央批准，二十届中央第五轮巡视将对河北省、山西省、内蒙古自治区、吉林省、浙江省、安徽省、江西省、河南省、湖北省、湖南省、海南省、四川省、云南省、甘肃省...,
大雾黄色预警：山东广西等5省区部分地区有大雾 局地有强浓雾,https://news.sina.com.cn/c/2025-04-09/doc-inesppua4227444.shtml,2025-04-09 06:02:00,来源：央视网央视网消息：中央气象台4月9日06时继续发布大雾黄色预警：预计，4日白天至夜间，黄海南部偏南海域、东海北部海域、长江口及杭州湾附近海域...,"大雾,山东省,广西"
A股：回购、增持！“信心”名单不断加长,https://news.sina.com.cn/c/2025-04-09/doc-inespine6946155.shtml,2025-04-09 05:36:00,百余家公司 宣布回购增持计划 多家保险企业 加大资本市场投资力度 坚定看好中国资本市场发展前景 “信心”名单不断加长 国家电网宣布股份回购计划 国家电网8日宣布...,
纳斯达克中国金龙指数收跌超5% 爱奇艺跌超12%,https://news.sina.com.cn/c/2025-04-09/doc-inespceh4395272.shtml,2025-04-09 04:01:00,财联社4月9日电，纳斯达克中国金龙指数收跌5.05%。热门中概股集体下挫，爱奇艺跌超12%，理想汽车跌8%，小鹏汽车跌超7%，蔚来、阿里巴巴、拼多多跌超6%，哔,
四川泸州一面包车撞向民房致5死8伤 司机操作不当超载运行,https://news.sina.com.cn/c/2025-04-09/doc-inespine6939850.shtml,2025-04-09 00:19:00,记者从泸州市公安局江阳区分局获悉，4月8日6时55分许，泸州市江阳区X006（泰二路）K10+720米处发生一起交通事故。许某（男，64岁）驾驶一辆面包车（核载,
股票暴跌账面价值蒸发七八位数？继张昀甯之后，她也回应了,https://news.sina.com.cn/c/2025-04-09/doc-inespine4297887.shtml,2025-04-08 23:04:00,来源：新闻晨报 这两天全球股市巨震 多位艺人表示股票暴跌 4月8日，据台媒报道，近期台股绿油油一片，股民哀鸿遍野，贾静雯被问到现在脸是否也绿绿的？,
江苏着力培育专精特新上市企业,https://news.sina.com.cn/c/2025-04-08/doc-inesnnhh0278258.shtml,2025-04-08 22:12:00,为深入推进江苏专精特新企业培育三年行动计划，因地制宜发展新质生产力，日前，省工信厅印发《江苏省专精特新企业上市培育三年行动方案（2025-2027）》...,江苏省
长和港口交易再生变，巴拿马会收回经营权吗？,https://news.sina.com.cn/c/2025-04-09/doc-inespimz3143414.shtml,2025-04-08 21:50:00,贸易战的升级正在使长和出售巴拿马运河等海外港口业务的复杂程度上升。 除了长和和贝莱德两家各自领域的巨无霸公司，两家公司所在地政府与运河所在国家均无法置身事外。,
三名女大学生葬身车祸，谁的错？,https://news.sina.com.cn/c/2025-04-09/doc-inespine6945195.shtml,2025-04-08 21:31:00,3月29日晚间，一辆小米SU7以116公里/小时的速度在高速路上行驶，路遇道路施工，车辆需要改道行驶，但因变道不及时最终以97公里/小时的速度与水泥护栏发生碰撞,
中间价突破7.2，人民币后续走势如何,https://news.sina.com.cn/o/2025-04-08/doc-inesnnhi6692389.shtml,2025-04-08 21:08:00,离岸人民币突破7.35关口。 4月8日，人民币对美元汇率中间价报7.2038，较前一交易日调贬58个点。值得一提的是，这是近年来人民币中间价首次突破7.2...,"美元,人民币,离岸人民币"
中国中化全力护航春耕生产,https://news.sina.com.cn/c/2025-04-08/doc-inesnnhm3464776.shtml,2025-04-08 21:00:00,眼下正是春耕备耕的关键时期。中国中化以“抢农时、战春耕”的奋进姿态，全力保障春耕用种生产供应，开展春季农业生产技术服务，为全年粮食生产开好局、起好步。,中国
冶金地质总局启动2025年新疆勘探会战 加快助力新疆矿业高质量发展,https://news.sina.com.cn/c/2025-04-08/doc-inesnnhh0252880.shtml,2025-04-08 21:00:00,近日，冶金地质总局在新疆精河县启动2025年新疆勘探会战，全面部署在疆重点工作，进一步推动新疆矿业高质量发展。近年来，冶金地质总局作为国家地勘行业的“国家队”和新一轮...,新疆
长征六号运载火箭成功发射天平三号A星02星,https://news.sina.com.cn/c/2025-04-08/doc-inesnfym6816909.shtml,2025-04-08 21:00:00,4月3日，长征六号运载火箭在太原卫星发射中心点火起飞，随后将天平三号A星02星顺利送入预定轨道，发射任务取得圆满成功。,"运载火箭,长征六号,火箭"
破冰之旅！中国中检护航几内亚高品位铁矿资源进入中国市场,https://news.sina.com.cn/c/2025-04-08/doc-inesnnhq4697288.shtml,2025-04-08 21:00:00,近日，中国中检非洲区域所属西非公司完成几内亚首船CPAE级铁精粉装港发运检验业务，全力助推几内亚高品位铁矿资源进入中国市场。,铁矿
中国物流集团以数字物流护航粮食运输新生态,https://news.sina.com.cn/c/2025-04-08/doc-inesnnhq4697272.shtml,2025-04-08 21:00:00,四月伊始，新肇站铁路货场，一袋袋玉米粒正“躺在”移动式输送机皮带上，运进火车车厢后再由工作人员接手整齐码放。地处黑龙江、吉林两省交界的新肇站是“北粮南运”的重要节点...,粮食安全
三峡船闸累计货运量突破22亿吨,https://news.sina.com.cn/c/2025-04-08/doc-inesnnhq4703669.shtml,2025-04-08 21:00:00,近日，从中国三峡集团获悉，三峡船闸自2003年6月18日向社会船舶开放通航以来，截至2025年3月28日，累计运行21.2万闸次，通过船舶106.5万艘次，旅客1228.2万人次...,船舶
中国石化携手宁德时代打造万座换电站,https://news.sina.com.cn/c/2025-04-08/doc-inesnnhm3463859.shtml,2025-04-08 21:00:00,近日，中国石化与宁德时代在北京签署产业与资本合作框架协议。根据协议，双方将全面深化长期战略合作关系，以“产业合作+资本合作”的方式...,"中国石化,换电站,宁德时代"
中国移动搭建起横跨1655公里的“数字丝绸之路”,https://news.sina.com.cn/c/2025-04-08/doc-inesnnhh0247138.shtml,2025-04-08 21:00:00,回望电信普遍服务十年间，陇原大地已发生翻天覆地的变化，敦煌飞天的“3D重生”与“神州”探月工程遥望星河，“东数西算”的算力脉动与钢铁长龙在河西走廊交响共鸣...,"甘肃省,草原"
二十届中央第五轮巡视对象公布,https://news.sina.com.cn/c/2025-04-08/doc-inesnfys4816166.shtml,2025-04-08 20:35:00,经党中央批准，二十届中央第五轮巡视将对河北省、山西省、内蒙古自治区、吉林省、浙江省、安徽省、江西省、河南省、湖北省、湖南省、海南省、四川省、云南省、甘肃省...,"党中央,中央纪委,巡视对象"
学习知行·中国式现代化丨悠悠运河 时代新景,https://news.sina.com.cn/c/xl/2025-04-08/doc-inesnfyp3568302.shtml,2025-04-08 20:23:00,一条古运河，两岸皆人家。浙东运河，西起浙江杭州，流经绍兴，东至宁波，是中国大运河南端、海上丝绸之路南起始端，在中国和世界内河航运史上有着独特地位。,
【新思想引领新征程】发展新质生产力 农业现代化步伐加快,https://news.sina.com.cn/c/xl/2025-04-08/doc-inesnfyk0349886.shtml,2025-04-08 20:22:00,央视网消息（新闻联播）：习近平总书记强调，发展现代农业，建设农业强国，必须依靠科技进步，让科技为农业现代化插上腾飞的翅膀。,
李强同欧盟委员会主席冯德莱恩通电话,https://news.sina.com.cn/c/xl/2025-04-08/doc-inesnfys4796790.shtml,2025-04-08 19:51:00,国务院总理李强4月8日下午同欧盟委员会主席冯德莱恩通电话。李强表示，当前，中欧关系呈现稳中向好势头。今年是中欧建交50周年，双方关系发展面临重要机遇。,
纪委披露：为在官场更进一步，局长被两名政治骗子玩弄于股掌之间,https://news.sina.com.cn/c/2025-04-08/doc-inesnfyp3564696.shtml,2025-04-08 19:46:00,4月8日，四川省纪委监委网站刊载《以案为镜丨沉迷“升迁梦”终成“阶下囚”》，剖析甘孜州巴塘县水利局原党委书记、局长朱扎的贪腐细节。朱扎，男，藏族，1976年5月,
上交所召开证券经营机构座谈会,https://news.sina.com.cn/c/2025-04-08/doc-inesnfyp3536459.shtml,2025-04-08 19:17:00,为深入贯彻落实党的二十届三中全会、中央经济工作会议和全国两会精神，深入学习领会“稳住楼市股市，防范化解重点领域风险和外部冲击”的重要要求，4月8日上海证券交易所,
李强同欧盟委员会主席通电话,https://news.sina.com.cn/c/xl/2025-04-08/doc-inesnfym6759406.shtml,2025-04-08 19:09:00,李强同欧盟委员会主席通电话。（央视新闻）,
二十届中央第五轮巡视对象公布,https://news.sina.com.cn/c/2025-04-08/doc-inesnfys4798477.shtml,2025-04-08 19:05:00,经党中央批准，二十届中央第五轮巡视将对河北省、山西省、内蒙古自治区、吉林省、浙江省、安徽省、江西省、河南省、湖北省、湖南省、海南省、四川省、云南省、甘肃省...,"党中央,巡视对象,云南省"
二十届中央第五轮巡视对象公布,https://news.sina.com.cn/c/2025-04-08/doc-inesnfys4771276.shtml,2025-04-08 19:00:00,经党中央批准，二十届中央第五轮巡视将对河北省、山西省、内蒙古自治区、吉林省、浙江省、安徽省、江西省、河南省、湖北省、湖南省、海南省、四川省、云南省、甘肃省、宁夏,
大雾黄色预警：山东、河北局地有能见度不足500米的浓雾,https://news.sina.com.cn/c/2025-04-08/doc-inesnfys4788341.shtml,2025-04-08 18:25:00,来源：央视网央视网消息：中央气象台4月8日18时发布大雾黄色预警：预计，4月8日夜间至9日上午，黄海南部海域、东海大部海域、江苏沿岸海域、长江口及杭州湾附近海域...,"大雾,浓雾,河北省"
陕西咸阳发生一起交通事故致5死3伤，交警通报,https://news.sina.com.cn/c/2025-04-08/doc-inesmzsr3641956.shtml,2025-04-08 18:15:00,陕西省咸阳市公安局交警支队通报，4月1日5时36分许，脱某某驾驶陕A2J88R号小型普通客车沿福银高速西安方向行驶至1764公里+450米处，车辆右前侧与前方同,
中国地震局开展河北唐山市迁安市3.7级地震应急处置工作,https://news.sina.com.cn/c/2025-04-08/doc-inesmzsn0432363.shtml,2025-04-08 18:01:00,来源：央视网央视网消息：据中国地震局公众号消息，中国地震台网正式测定，4月8日16时19分，在河北唐山市迁安市（北纬39.99度，东经118.86度）发生3.7级地震...,"地震局,唐山市,地震"
学习问答•加强党的作风建设④ 如何理解八项规定一子落地，作风建设满盘皆活？,https://news.sina.com.cn/c/2025-04-08/doc-inesnfym6785183.shtml,2025-04-08 17:09:00,来源：中央纪委国家监委网站,"作风建设,中央纪委"
现任、前任，同日被查,https://news.sina.com.cn/c/2025-04-08/doc-inesmzsr3615471.shtml,2025-04-08 16:50:00,广西壮族自治区纪委监委4月8日公布两则反腐消息：广西建设职业技术学院党委副书记、院长吴昆涉嫌严重违纪违法，目前正接受自治区纪委监委纪律审查和监察调查。广西建设职,
新华时评·锲而不舍落实中央八项规定精神丨作风问题根本上是党性问题,https://news.sina.com.cn/c/2025-04-08/doc-inesnfyp3571086.shtml,2025-04-08 16:47:00,当前全党上下正在开展深入贯彻中央八项规定精神学习教育。中央八项规定是改进作风的第一步，是作为共产党人应该做到的基本要求。作风问题根本上是党性问题。,
河北唐山市迁安市发生3.7级地震，震源深度10千米,https://news.sina.com.cn/c/2025-04-08/doc-inesmvkr6955192.shtml,2025-04-08 16:25:00,中国地震台网正式测定：04月08日16时19分在河北唐山市迁安市（北纬39.99度，东经118.86度）发生3.7级地震，震源深度10千米。,
天水市麦积区政协原副主席闫金川接受纪律审查和监察调查,https://news.sina.com.cn/c/2025-04-08/doc-inesmvkq0525006.shtml,2025-04-08 16:23:00,据天水市纪委监委消息：天水市麦积区政协原副主席闫金川涉嫌严重违纪违法，目前正接受天水市纪委监委纪律审查和监察调查。,"天水市,甘肃省"
中国电子坚定看好中国资本市场  加快推进高水平科技自立自强,https://news.sina.com.cn/c/2025-04-08/doc-inesmvkq0521077.shtml,2025-04-08 16:10:00,中国电子基于对我国经济长期向好的信心，坚定看好中国资本市场发展前景，着力推进高水平科技自立自强，打造国家网信事业战略科技力量，通过加快回购、增持...,
中国华能启动增持,https://news.sina.com.cn/c/2025-04-08/doc-inesmvkq0521024.shtml,2025-04-08 16:10:00,中国华能集团有限公司基于对中国经济长期平稳向好的坚定信心，持续积极履行控股股东责任，坚决支持控股上市公司在全面绿色转型发展中紧抓机遇，加快发展...,
学习问答•加强党的作风建设④ 如何理解八项规定一子落地，作风建设满盘皆活？,https://news.sina.com.cn/c/2025-04-08/doc-inesnfyp3559770.shtml,2025-04-08 15:49:00,来源：中央纪委国家监委网站,"作风建设,中央纪委"
国家标准委发布《标准数字化标准体系建设指南》,https://news.sina.com.cn/c/2025-04-08/doc-inesmvkt3720035.shtml,2025-04-08 15:34:00,来源：央视网央视网消息：据“市说新语”公众号消息，为贯彻落实《国家标准化发展纲要》，近日，国家标准委发布《标准数字化标准体系建设指南》（以下简称《体系建设指南》）...,"国家标准委,体系建设指南"
学习问答•加强党的作风建设④ 如何理解八项规定一子落地，作风建设满盘皆活？,https://news.sina.com.cn/c/2025-04-08/doc-inesmvkw4963889.shtml,2025-04-08 15:19:00,,作风建设
“国家队”出手增持 今日股市收盘全线飘红,https://news.sina.com.cn/c/2025-04-08/doc-inesmvkw4958494.shtml,2025-04-08 15:16:00,今日收盘，上证指数(000001)涨1.58%，深证成指(399001)涨0.64%，创业板指(399006)涨1.83%。反关税概念股持续发酵，农业股方向领涨,
美副总统用词“中国乡巴佬”，外交部：无知又缺乏礼貌，令人诧异也感到悲哀,https://news.sina.com.cn/c/2025-04-08/doc-inesmvkt3700179.shtml,2025-04-08 15:12:00,[环球时报-环球网报道 记者 邢晓婧]8日，外交部发言人林剑主持例行记者会。有记者提问，近日，美国副总统万斯在接受媒体采访时谈及特朗普政府对华贸易政策时...,
毛奇受贿案一审宣判,https://news.sina.com.cn/c/2025-04-08/doc-inesmvkw4945731.shtml,2025-04-08 15:02:00,来源：北京青年报【#毛奇受贿案一审宣判#】 2025年4月8日，新余市中级人民法院一审公开宣判万年县委原书记毛奇受贿案，以被告人毛奇犯受贿罪，判处有期徒刑十年六个月...,
有中国博主建议对美国农产品和好莱坞电影设限进行关税反击，外交部回应,https://news.sina.com.cn/c/2025-04-08/doc-inesmvkr6913694.shtml,2025-04-08 14:42:00,[环球时报-环球网报道 记者 邢晓婧]8日，外交部发言人林剑主持例行记者会。 彭博社记者提问，我们注意到几位有影响力的中国博主发布了相同的一系列措施...,
国务院国资委：全力支持央企控股上市公司不断加大增持回购力度,https://news.sina.com.cn/c/2025-04-08/doc-inesmvkw4933244.shtml,2025-04-08 14:29:00,国务院国资委8日表示，将全力支持推动中央企业及其控股上市公司主动作为，不断加大增持回购力度，切实维护全体股东权益，持续巩固市场对上市公司的信心...,"国务院国资委,央企,上市公司"
外交部回应美副总统涉华言论：听到这位副总统说出这样无知又缺乏礼貌的话，令人诧异，也感到悲哀,https://news.sina.com.cn/c/2025-04-08/doc-inesmvkr6909437.shtml,2025-04-08 14:26:00,来源：日月谭天  [外交部回应美副总统涉华言论：听到这位副总统说出这样无知又缺乏礼貌的话，令人诧异，也感到悲哀] 4月8日下午，外交部举行例行记者会...,
国家发展改革委主任郑栅洁主持召开座谈会，听取民营企业对当前宏观经济形势的意见建议,https://news.sina.com.cn/c/2025-04-08/doc-inesmray5059195.shtml,2025-04-08 14:08:00,为深入贯彻习近平总书记在民营企业座谈会上的重要讲话精神，全面落实党中央、国务院决策部署，2025年4月8日早晨，国家发展改革委主任郑栅洁主持召开座谈会...,
清明假期全国揽投快递包裹超28亿件,https://news.sina.com.cn/c/2025-04-08/doc-inesnfyk0369719.shtml,2025-04-08 14:07:00,国家邮政局监测数据显示，4月4日至6日（清明节假期期间），全国共揽收和投递快递包裹超28亿件。这是记者7日从国家邮政局获得的消息。,国家邮政局
外交部回应美方威胁升级对华关税,https://news.sina.com.cn/c/2025-04-08/doc-inesmray5060621.shtml,2025-04-08 14:06:00,来源：日月谭天 [外交部回应美方威胁升级对华关税：中方对此强烈谴责、坚决反对。如果美方执意打关税战、贸易战，中方必将奉陪到底。,
国务院国资委：全力支持央企控股上市公司不断加大增持回购力度,https://news.sina.com.cn/o/2025-04-08/doc-inesmray5054900.shtml,2025-04-08 13:56:00,[国务院国资委：全力支持央企控股上市公司不断加大增持回购力度]国务院国资委8日表示，将全力支持推动中央企业及其控股上市公司主动作为，不断加大增持回购力度...,"国务院国资委,央企"
中国华能：增持,https://news.sina.com.cn/c/2025-04-08/doc-inesmkuu0701501.shtml,2025-04-08 11:56:00,#关键时刻国家队出手##中国华能宣布增持#[中国华能：增持]#央企增持中国股票资产# 中国华能集团有限公司8日宣布，基于对中国经济长期平稳向好的坚定信心...,"中国华能,股票"
轻松“扫货”！重庆首个市内免税店要来了,https://news.sina.com.cn/c/2025-04-08/doc-inesmkux3889525.shtml,2025-04-08 11:38:00,不用再匆忙赶去机场免税店“扫货”，只要持有有效入境记录，在重庆市区就能轻松选购免税商品。按照财政部、商务部、文化和旅游部、海关总署、税务总局联合发布的《关于完善,
A股午评： 上证指数半日涨0.91%，创业板指涨1.78%，农业、大消费板块集体走强,https://news.sina.com.cn/c/2025-04-08/doc-inesmkuv7113562.shtml,2025-04-08 11:33:00,4月8日，A股三大指数早盘集体反弹，截至午盘，上证指数涨0.91%，深证成指涨0.42%，创业板指涨1.78%；北证50涨3.83%。沪深两市成交额约10263,
“招商系”7家上市公司：坚定信心 提速回购,https://news.sina.com.cn/c/2025-04-08/doc-inesmkuu0693512.shtml,2025-04-08 11:33:00,招商局集团旗下7家上市公司招商蛇口、招商港口、招商轮船、招商公路、中国外运、辽港股份、招商积余，4月8日盘前集体发布公告，基于对公司未来发展前景的坚定信心及内在价...,"招商局集团,上市公司,招商公路"
中国电科坚定看好资本市场，增持回购旗下上市公司股票,https://news.sina.com.cn/c/2025-04-08/doc-inesmkuu0693419.shtml,2025-04-08 11:32:00,中国电科基于对我国经济长期向好的坚定信心，积极履行对资本市场承诺，已完成增持回购旗下上市公司股票超过20亿元。中国电科将继续践行“大国重器”使命责任...,"中国电科,股票,资本市场"
中国诚通增持中国股票资产,https://news.sina.com.cn/c/2025-04-08/doc-inesmkuu0693402.shtml,2025-04-08 11:32:00,4月7日，中国诚通旗下诚通金控和诚旸投资增持交易型开放式指数基金（ETF）和中央企业股票，坚决维护资本市场平稳运行。中国诚通作为国务院国资委资本运营平台...,"中国诚通,股票,国务院国资委"
对美关税反制，我们得到一些最新消息,https://news.sina.com.cn/c/2025-04-08/doc-inesmkuu0700080.shtml,2025-04-08 11:30:00,事态，让人很气愤。美东时间4月7日，美方威胁进一步对华加征50%关税。今天（4月8日）上午8时48分，商务部新闻发言人明确表态，“如果美方升级关税措施落地，中方,
信息壁垒如何破——探索搭建统一的监督信息平台,https://news.sina.com.cn/c/2025-04-08/doc-inesmkuu0689672.shtml,2025-04-08 11:23:00,各类监督贯通协调，离不开信息的流动与共享。各类监督主体掌握的大量信息，集中体现为丰富的数据资源，数据贯通是凝聚监督合力、提高监督水平的有效路径。,"统一,信息平台,纪检监察"
廉语清风 | 斧不止则薪多,https://news.sina.com.cn/c/2025-04-08/doc-inesmkuu0689646.shtml,2025-04-08 11:23:00,《汉书·枚乘传》载，“泰山之霤穿石，殚极之绠断干。水非石之钻，索非木之锯，渐靡使之然也。”意思是泰山上的细流能穿透岩石，拉到尽头的井绳可以磨烂井梁。,徐霞客
福耀科技大学领导班子亮相,https://news.sina.com.cn/c/2025-04-08/doc-inesmkva5132143.shtml,2025-04-08 10:54:00,近日，福建福耀科技大学（下文简称“福耀科技大学”）官网更新学校领导页面，该校现任领导正式亮相，分别是校长王树国，福州市福耀高等研究院党委书记宋姬芳，副校长徐飞、,
官方披露：女厅官任上被查，源于一条生活奢靡问题线索,https://news.sina.com.cn/c/2025-04-08/doc-inesmkux3861792.shtml,2025-04-08 10:19:00,来源：北京青年报 据《中国纪检监察报》4月8日报道，四川省经济和信息化厅原党组成员、机关党委书记周海琦案件得以严肃查处，源于一条关于其生活奢靡的问题线索。,"四川省,党组成员"
中国版平准基金来了，释放稳市强信号！,https://news.sina.com.cn/c/2025-04-08/doc-inesmkuu0663821.shtml,2025-04-08 10:17:00,今天一早，中国人民银行和中央汇金公司重磅发声。中央汇金明确了自己是资本市场上的“国家队”，发挥着类“平准基金”作用。央行表示，必要时向中央汇金公司提供充足的再贷,
新华保险 ：加大权益类底仓资产配置、国家战略性新兴产业股权投资力度,https://news.sina.com.cn/c/2025-04-08/doc-inesmkuu0667476.shtml,2025-04-08 10:16:00,新华保险今天（4月8日）表示，作为一家国有大型金融企业和重要机构投资者，坚定看好中国经济、看好中国资本市场。公司将认真落实国家关于推动中长期资金入市和国家金融监,
中字头个股集体拉升 中国中车逼近涨停,https://news.sina.com.cn/c/2025-04-08/doc-inesmkux3852600.shtml,2025-04-08 10:06:00,财联社4月8日电，中国中车逼近涨停，中铁装配、中纺标、中粮科工涨超10%，中储股份此前涨停，中国通号、中船汉光、中金辐照、中国国贸等涨超5%。,
李家超：美国滥施关税是霸凌野蛮的行径，香港将从7方面入手应对挑战,https://news.sina.com.cn/o/2025-04-08/doc-inesmkuu0656027.shtml,2025-04-08 10:03:00,据大湾区之声消息，香港特区行政长官李家超今日（8日）表示，美国滥施关税是霸凌野蛮的行径，特区政府将从七个方面入手应对挑战。包括：,
中国煤炭科工利用科技创新让废弃矿坑“披绿生金”,https://news.sina.com.cn/c/2025-04-08/doc-inesmkux3840438.shtml,2025-04-08 09:49:00,春风吹拂，暖意融融。在辽宁阜新，昔日被称为“城市伤疤”的海州露天矿正蜕变成为市民休闲的“生态地标”。曾经的矿坑边坡塌陷如今铺设了平整的环坑步道，两侧景观树木成行...,
优化方式方法 提升综合效能 河南以改革实绩实效助推国企高质量发展,https://news.sina.com.cn/c/2025-04-08/doc-inesmenx7191771.shtml,2025-04-08 09:41:00,国有企业改革深化提升行动实施以来，河南省国资委把握正确改革方法，纵深推进改革，取得积极成效。截至2024年11月底，改革任务总体完成进度82.8%...,河南省
河南山东安徽交界一带需警惕强对流天气 西北地区多大风沙尘,https://news.sina.com.cn/c/2025-04-08/doc-inesmkva5096086.shtml,2025-04-08 09:41:00,来源：央视网央视网消息：据中央气象台，河南山东安徽交界一带需警惕强对流天气，西北地区多大风沙尘。 气象监测显示，昨日，全国大部地区降水稀少...,
创业板指涨幅扩大至3%，沪指涨0.25%，深成指涨0.7%,https://news.sina.com.cn/c/2025-04-08/doc-inesmenx7188993.shtml,2025-04-08 09:35:00,财联社4月8日电，创业板指涨幅扩大至3%，沪指涨0.25%，深成指涨0.7%。半导体、军工、医疗器械等方向涨幅居前，沪深京三市上涨个股近3100只。,
A股开盘：三大指数涨跌不一，上证指数低开0.07%，创业板指高开1.68%,https://news.sina.com.cn/c/2025-04-08/doc-inesmenz3957018.shtml,2025-04-08 09:27:00,4月8日，A股开盘，上证指数低开0.07%，深证成指低开0.08%，创业板指高开1.68%。智慧农业、光刻机、CRO、半导体概念股走强；机器人、消费电子、充电桩,
港股开盘：恒生指数高开1.66%，恒生科技指数高开3.31%，机器人概念股、消费股涨幅居前,https://news.sina.com.cn/c/2025-04-08/doc-inesmenx7179639.shtml,2025-04-08 09:22:00,4月8日，港股开盘，恒生指数开盘涨1.66%，恒生科技指数涨3.31%，小米集团涨近6%，阿里巴巴涨超4%。机器人概念股、消费股涨幅居前。,
中央汇金公司：坚定看好资本市场发展前景,https://news.sina.com.cn/c/2025-04-08/doc-inesmkuu0653044.shtml,2025-04-08 09:05:00,来源：央视网 央视网消息：4月8日，中央汇金公司有关负责人就2025年4月7日公告答记者问。问：中央汇金公司在维护资本市场稳定中的定位和作用是什么？,"资本市场,中央汇金公司,央视网"
柳州：清风护航小米粉“嗦”出大产业,https://news.sina.com.cn/c/2025-04-08/doc-inesmepe5185923.shtml,2025-04-08 09:03:00,近日，广西川香坊食品有限公司的生产车间里，轰鸣作响的磨浆机高速运转，不一会儿，雪白的米浆便从磨浆机出口处缓缓流出，经过除渣、过滤、均质等步骤...,柳州市
家风故事丨父亲的言传身教,https://news.sina.com.cn/c/2025-04-08/doc-inesmenx7167811.shtml,2025-04-08 09:03:00,父亲在县农业农村局从事农业技术指导工作已经39年，退休后，仍一直活跃在田间地头，义务为村里的种植农户答疑解惑，他常说：“这是我的本职工作。,马铃薯
60 天，“邮”梦必圆！,https://news.sina.com.cn/c/2025-04-08/doc-inesmepe5206447.shtml,2025-04-08 09:03:00,,
今起可查！河南省2025年统一考试录用、遴选公务员笔试成绩公布,https://news.sina.com.cn/c/2025-04-08/doc-inesmenw0737522.shtml,2025-04-08 09:03:00,4月8日上午，河南省人事考试中心发布提醒，河南省2025年统一考试录用、遴选公务员笔试成绩公布，今天上午9:00起，考生可登录河南省人事考试中心官网(www.hnrsks.com...,
中俄伊今日会晤,https://news.sina.com.cn/c/2025-04-08/doc-inesmkuv7092094.shtml,2025-04-08 09:00:00,据俄罗斯卫星社4月7日报道，俄罗斯外交部发言人扎哈罗娃4月7日向卫星社表示，俄罗斯、中国和伊朗三方将于4月8日在莫斯科就伊核问题进行磋商。她说：“（磋商）将于明,
开盘前，重磅发声！中央汇金：该出手时将果断出手，央行：必要时提供充足支持,https://news.sina.com.cn/c/2025-04-08/doc-inesmenz3945659.shtml,2025-04-08 08:59:00,4月7日，A股市场遭遇大幅调整，中央汇金、中国诚通、中国国新等纷纷出手增持中国股票资产，坚决维护资本市场平稳运行。开盘前，中央汇金再度重磅发声！中央汇金：该出手,
全国最大单机陆上风电机组——赤峰克旗兴龙20万千瓦风电项目全容量并网,https://news.sina.com.cn/c/2025-04-08/doc-inesmenw0730935.shtml,2025-04-08 08:55:00,近日，中国能建所属辽宁院设计的全国最大单机陆上风电机组——赤峰克旗兴龙20万千瓦风电项目实现全容量并网。该项目位于内蒙古赤峰市克什克腾旗，总装机容量200兆瓦...,"赤峰市,风电项目"
商务部新闻发言人就美方威胁升级对华关税发表谈话,https://news.sina.com.cn/zx/2025-04-08/doc-inesmenx7163848.shtml,2025-04-08 08:55:00,中方注意到，美东时间4月7日，美方威胁进一步对华加征50%关税，中方对此坚决反对。如果美方升级关税措施落地，中方将坚决采取反制措施维护自身权益。,
中国电子探索AI应用场景多元化布局,https://news.sina.com.cn/c/2025-04-08/doc-inesmepe5180809.shtml,2025-04-08 08:55:00,当前，中国电子持续提升技术能力，抢抓发展机遇，积极探索“AI+”应用在金融、政务、医疗等场景多元化布局，为推动行业智能化转型提供有力支撑。,"中国电子,AI,应用场景"
中国一汽红旗品牌一季度销量突破10.91万辆 新能源车型成为增长引擎,https://news.sina.com.cn/c/2025-04-08/doc-inesmenw0730768.shtml,2025-04-08 08:55:00,近日，从中国一汽获悉，1至3月，中国一汽旗下民族汽车品牌“红旗”销量突破10.91万辆，同比增长8.8%。其中，红旗新能源产品销量突破2.2万辆，同比提升43.8%...,"红旗,新能源,中国一汽"
下船台、入长江！我国首艘集成式大型压裂船顺利入水,https://news.sina.com.cn/c/2025-04-08/doc-inesmenw0730741.shtml,2025-04-08 08:55:00,近日，我国首艘集成式大型压裂船“海洋石油696”从船厂船台缓缓滑入长江，标志着压裂船结束船台建造实现机械完工，进入下水调试新阶段。,长江
中国三峡集团一季度新能源发电量创新高,https://news.sina.com.cn/c/2025-04-08/doc-inesmenw0730706.shtml,2025-04-08 08:55:00,一季度，三峡集团新能源业务交出亮眼成绩单：总发电量达250.69亿千瓦时‌，同比增长16%，单日最大发电量达到3.82亿千瓦时，均创历史新高，为经济高质量发展提供坚强保障。,"中国,新能源"
国家队出手！多方重磅发声,https://news.sina.com.cn/c/2025-04-08/doc-inesmenx7167764.shtml,2025-04-08 08:54:00,4月7日至4月8日凌晨，“国家队”纷纷表示坚定看好中国股市，中央汇金、中国诚通、中国国新和中国电科等，相继宣布增持！中国国新：增持！4月7日晚11时许，记者从中,
“招商系”7家上市公司：坚定信心 提速回购,https://news.sina.com.cn/c/2025-04-08/doc-inesmenx7162132.shtml,2025-04-08 08:51:00,招商局集团旗下7家上市公司招商蛇口、招商港口、招商轮船、招商公路、中国外运、辽港股份、招商积余，4月8日盘前集体发布公告，基于对公司未来发展前景的坚定信心及内在,
习近平总书记关切事｜创新有道，大显身手——民营经济高质量发展观察之一,https://news.sina.com.cn/c/xl/2025-04-08/doc-inesmenx7161765.shtml,2025-04-08 08:50:00,民营经济是推进中国式现代化的生力军，是高质量发展的重要基础。 2月17日，习近平总书记出席民营企业座谈会并发表重要讲话时强调：“新时代新征程民营经济发展前景广阔...,
评论 | 树牢为民造福政绩观,https://news.sina.com.cn/c/2025-04-08/doc-inesmenz3955432.shtml,2025-04-08 08:49:00,日前，河南省纪委监委公开通报6起违反中央八项规定精神典型问题，其中包括宁陵县委原常委、宣传部长，县政府原副县长王东霞搞劳民伤财的“形象工程”问题。,"领导干部,党员"
中国人民银行新闻发言人就支持中央汇金公司稳定资本市场答记者问,https://news.sina.com.cn/zx/2025-04-08/doc-inesmenz3934525.shtml,2025-04-08 08:46:00,问：4月7日，中央汇金公司发布公告，将持续加大增持ETF规模和力度。请问中国人民银行怎么看？ 答：中国人民银行坚定支持中央汇金公司加大力度增持股票市场指数基金...,
央行：在必要时向中央汇金公司提供充足的再贷款支持,https://news.sina.com.cn/c/2025-04-08/doc-inesmenw0728707.shtml,2025-04-08 08:45:00,中国人民银行新闻发言人就支持中央汇金公司稳定资本市场答记者问。 问：4月7日，中央汇金公司发布公告，将持续加大增持ETF规模和力度。请问中国人民银行怎么看？,"中央汇金公司,中国人民银行,央行"
金融监管总局：提高保险资金投资股市比例,https://news.sina.com.cn/c/2025-04-08/doc-inesmenw0723180.shtml,2025-04-08 08:35:00,记者8日从国家金融监督管理总局获悉，《关于调整保险资金权益类资产监管比例有关事项的通知》（以下简称《通知》）近日印发，优化保险资金比例监管政策...,
开盘前 中央汇金重磅发声,https://news.sina.com.cn/c/2025-04-08/doc-inesmenx7158252.shtml,2025-04-08 08:32:00,4月8日，中央汇金公司有关负责人就2025年4月7日公告答记者问。 问：中央汇金公司在维护资本市场稳定中的定位和作用是什么？ 答：中央汇金投资有限责任公司（以下简称中央汇...,"资本市场,中央汇金公司,A股"
如何看待当前A股配置价值？中央汇金公司答问,https://news.sina.com.cn/zx/2025-04-08/doc-inesmepe5172972.shtml,2025-04-08 08:30:00,"问:中央汇金公司在维护资本市场稳定中的定位和作用是什么?答:中央汇金投资有限责任公司(以下简称中央汇金公司)是国有独资公司,目前是二十多家金",
宠物猫狗可坐高铁了！铁路12306推出“宠物托运”功能,https://news.sina.com.cn/c/2025-04-08/doc-inesmepe5166600.shtml,2025-04-08 08:04:00,记者从中铁快运股份有限公司（下称“中铁快运”）获悉，4月8日起，铁路部门将在京沪高铁部分车次试点“隔离运输、人宠分开、专人看护”的高铁宠物托运服务...,"托运,高铁,隔离"
图片新闻-广西纪检监察网,https://news.sina.com.cn/c/2025-04-08/doc-inesmenw0713936.shtml,2025-04-08 08:03:00,广西壮族自治区河池市纪委监委把重点项目列入监督清单，成立监督检查工作组，运用“室组地”监督，确保重点项目建设廉洁高效推进。,"纪检监察,广西壮族自治区,河池市"
树牢为民造福政绩观,https://news.sina.com.cn/c/2025-04-08/doc-inesmenx7143437.shtml,2025-04-08 08:03:00,日前，河南省纪委监委公开通报6起违反中央八项规定精神典型问题，其中包括宁陵县委原常委、宣传部长，县政府原副县长王东霞搞劳民伤财的“形象工程”问题。,"党员,领导干部"
靶向监督 查纠并举 切实减轻群众就医负担,https://news.sina.com.cn/c/2025-04-08/doc-inesmenw0713902.shtml,2025-04-08 08:03:00,“现在药价降了，收费规范了，不同医院检查结果还能互认……”日前，玉林市容县一名患者对在医院回访的我们说。 此前，我们在开展医药领域突出问题专项整治调研督导时...,医药领域
未来三年江苏将培育专精特新上市企业230家,https://news.sina.com.cn/c/2025-04-08/doc-inesmepe5156091.shtml,2025-04-08 07:33:00,为深入推进江苏专精特新企业培育三年行动计划，因地制宜发展新质生产力，日前，省工信厅印发《江苏省专精特新企业上市培育三年行动方案（2025-2027）》...,江苏省
研发投入年均两位数增长 江苏国企加快发展新质生产力,https://news.sina.com.cn/c/2025-04-08/doc-inesmenw0706271.shtml,2025-04-08 07:33:00,国有企业不仅是国民经济的“顶梁柱”，也是科技创新的“排头兵”。服务经济大省挑大梁，江苏国有企业着眼现代化产业体系建设，持续加大研发创新力度，发展新产业开辟新赛道...,江苏省
江苏划定执法“容错线” 闭环管理防风险下月起应急管理轻微违法行为免罚,https://news.sina.com.cn/c/2025-04-08/doc-inesmepe5154969.shtml,2025-04-08 07:33:00,省应急管理厅近日正式发布《江苏省应急管理轻微违法行为不予行政处罚清单》（下称《清单》），明确对符合条件的企业轻微安全生产违法行为免予行政处罚。,"清单,江苏省"
我省启动万兆光网试点建设,https://news.sina.com.cn/c/2025-04-08/doc-inesmepe5154966.shtml,2025-04-08 07:33:00,日前，由省工信厅、省通管局指导，省光通信产业联盟、中通服咨询设计研究院有限公司和省5G产业联盟共同主办的全省万兆光网试点主题活动在南京举办。,产业联盟
以项目化整治破解顽瘴痼疾,https://news.sina.com.cn/c/2025-04-08/doc-ineskyfc4033103.shtml,2025-04-08 07:13:00,浙江省舟山市纪委监委聚焦惠民惠农政策落实、农村集体“三资”管理、党员干部作风等重点，开展专项整治，推动解决群众反映强烈的突出问题。,纪检监察
让象牙塔里的宝藏破圈亮相,https://news.sina.com.cn/c/2025-04-08/doc-ineskyfh5276789.shtml,2025-04-08 06:52:00,近日，清华大学科学博物馆举办“电波纪元——无线电技术早期历史展”，该展览策划人员特意制作了一套老式的无线电发射与接收互动装置，观众可以通过调节旋钮，感受声音变化。,清华大学
树牢为民造福政绩观,https://news.sina.com.cn/c/2025-04-08/doc-ineskyey0826698.shtml,2025-04-08 06:52:00,日前，河南省纪委监委公开通报6起违反中央八项规定精神典型问题，其中包括宁陵县委原常委、宣传部长，县政府原副县长王东霞搞劳民伤财的“形象工程”问题。,"党员,领导干部"
金昌启动“清风护航”行动,https://news.sina.com.cn/c/2025-04-08/doc-ineskyey0824014.shtml,2025-04-08 06:42:00,“我们深化‘纪检监察干部联百企’活动，在全市纪检监察机关中选派100名干部担任‘廉小二’，与100家企业‘结对认亲’……”近日，金昌市启动“清风护航”行动...,"金昌市,纪检监察"
巡察故事 | 18户村民拿到房屋赔偿款,https://news.sina.com.cn/c/2025-04-08/doc-ineskyey0823999.shtml,2025-04-08 06:42:00,近日，白银市平川区委巡察组工作人员来到水泉镇回访时，见到村民李某某正忙着加固自家房屋墙体。“我们房屋震裂的赔偿款都收到了，真是太感谢你们了！,巡察
美滥施关税遭反噬！中国“11箭齐发”反制 专家预测→,https://news.sina.com.cn/c/2025-04-08/doc-ineskyfc4016171.shtml,2025-04-08 06:02:00,美国总统特朗普上周宣布所谓“对等关税”政策，引发国际社会一致批评。美股指期货交易继续延续大跌走势；美国暴发特朗普上台以来最大规模集体抗议。,"美国,中国,关税"
坚定看好中国资本市场！“国家队”相继宣布增持,https://news.sina.com.cn/c/2025-04-08/doc-ineskyez7234238.shtml,2025-04-08 06:00:00,4月7日至8日凌晨 中央汇金、中国诚通、中国国新、中国电科等 相继宣布增持！ 中央汇金坚定看好中国资本市场 未来继续增持 中央汇金公司公告称...,"股票,资本市场,中国电科"
中国国新以专项再贷款增持 首批金额800亿元,https://news.sina.com.cn/c/2025-04-08/doc-ineskiii7502118.shtml,2025-04-08 00:15:00,记者刚刚从中国国新获悉，中国国新控股有限责任公司旗下国新投资有限公司将以股票回购增持专项再贷款方式增持中央企业股票、科技创新类股票及ETF等，首批金额为800亿元。,"再贷款,股票,国新"
“国家队”出手增持释放哪些信号？分析师解读,https://news.sina.com.cn/c/2025-04-08/doc-ineskyey0824783.shtml,2025-04-08 00:10:00,4月7日，A股在交易时段，中央汇金公司罕见发布公告表示，已经再次增持了ETF，而且未来将继续增持。>>详情FlashPlayer插件未安装安装插件，如果已经安装,
中央汇金、中国诚通、中国国新三大央企集体宣布出手 增持中国股票资产,https://news.sina.com.cn/c/2025-04-07/doc-ineskiim4261057.shtml,2025-04-07 23:39:00,财联社4月7日电，A股市场今日遭遇较大幅度调整，盘中及盘后，中央汇金、中国诚通、中国国新纷纷出手增持中国股票资产，坚决维护资本市场平稳运行，并表示坚决当好长期资,
中国国新：坚定看好中国资本市场发展前景 增持中央企业股票、科技创新类股票及ETF,https://news.sina.com.cn/c/2025-04-07/doc-ineskiii7479952.shtml,2025-04-07 23:16:00,财联社4月7日电，中国国新公告，中国国新控股有限责任公司坚定看好中国资本市场发展前景，坚决当好长期资本、耐心资本、战略资本，其旗下国新投资有限公司增持中央企业股,
河南周口：成立联合调查组，全面开展机动车检测排查,https://news.sina.com.cn/c/2025-04-08/doc-ineskiii7471500.shtml,2025-04-07 23:03:00,新华社郑州4月7日消息，新华社“新华视点”栏目7日播发《本省车检过不了，换个省份就“通关”？——机动车检测乱象调查》，报道河南省周口市一些机动车检测站降低标准...,"周口市,机动车,河南省"
打拐志愿者深入调查，杭州别墅区惊现胚胎移植手术室！,https://news.sina.com.cn/c/2025-04-07/doc-ineskiim4239943.shtml,2025-04-07 22:50:00,来源：奔流新闻 近日，打拐志愿者上官正义调查了解到，浙江杭州一非法代孕机构从事取卵、移植及培育胚胎，同时还涉嫌买卖出生证明。,
习语｜“中国经济是一片大海，而不是一个小池塘”,https://news.sina.com.cn/c/xl/2025-04-08/doc-inesnfyp3562885.shtml,2025-04-07 22:20:00,“中国经济是一片大海，而不是一个小池塘”。习近平总书记曾以大海为喻，纵论中国经济。我们有底气、有信心，这片大海经受得起狂风骤雨的洗礼，抵御得住贸易寒流的侵袭...,
标普、纳指双双跌入技术性熊市,https://news.sina.com.cn/w/2025-04-07/doc-ineskazk1220573.shtml,2025-04-07 21:32:00,财联社4月7日电，标普500指数自纪录高点下跌20%，迈向技术性熊市。此前，纳斯达克指数进入技术性熊市，自高点下跌了25%。,
清明假期多家餐企客流增长，新店新菜“备战”五一长假,https://news.sina.com.cn/o/2025-04-07/doc-ineskazk1213270.shtml,2025-04-07 21:20:00,刚刚过去的清明小长假，餐饮市场迎来今年春天的第一波消费热潮。4月7日，新京报记者从多家餐饮老字号、知名餐饮企业了解到，营业额和客流双增长...,
中央空管委向全国空管系统部署加强低空空管工作,https://news.sina.com.cn/c/2025-04-07/doc-ineskazs5642432.shtml,2025-04-07 20:32:00,为保障通用航空和低空经济高质量发展，中央空管委印发专项措施，重点围绕健全低空管理体系、优化空域资源配置、提升运行服务质效、夯实基础支撑能力、强化依法管空用空等方,
中央汇金再次出手稳市，A股后市行情如何演绎？,https://news.sina.com.cn/o/2025-04-07/doc-ineskazk1183958.shtml,2025-04-07 20:10:00,短期不确定性下市场难免出现波动，后市有望呈现先抑后扬走势。 受美关税政策冲击，全球资本市场持续震荡。清明节后首个交易日，亚太市场全面下跌，A股三大股指跌超7%。,"A股,中央汇金,股指"
前NBA球星马布里宣布成为“中国女婿”，女方来自武汉，是中国好声音那英组学员,https://news.sina.com.cn/c/2025-04-07/doc-ineskazs5636192.shtml,2025-04-07 20:10:00,4月7日晚，前NBA球星马布里官宣结婚喜讯：“这是一条官宣视频，是的，我们结婚了。” 马布里发布的视频截图（图源：个人账号） 视频当中，马布里与中国女生汪妤凌一同出镜...,"马布里,汪妤凌,中国好声音"
一见·生态环境保护督察，这个“牛鼻子”怎么牵,https://news.sina.com.cn/c/xl/2025-04-07/doc-ineskazk1185800.shtml,2025-04-07 20:10:00,起笔十年前，一项制度“咬住问题不放松，成为推动地方党委和政府及其相关部门落实生态环境保护责任的硬招实招”。 从2015年开始试点到第三轮第三批完成督察反馈...,"生态环境保护,总书记,习近平"
中国羽协：严厉打击赌博、假球行为，坚决抵制“饭圈”乱象,https://news.sina.com.cn/c/2025-04-07/doc-ineskazp4297365.shtml,2025-04-07 20:08:00,直播吧4月7日讯中国羽毛球协会4月7日召开协会会员代表大会暨全国羽毛球行业安全生产工作会议。中国羽毛球协会主席张军在会上讲话时对本年度羽毛球行业安全生产工作进行,
3G基站撤网，多款车型车联网功能受限，升级费用该谁承担？,https://news.sina.com.cn/c/2025-04-07/doc-ineskazs5636002.shtml,2025-04-07 20:08:00,红星资本局4月7日消息，近日，多名消费者在投诉平台投诉，称3G基站撤网，车联网功能受限，涉及品牌包括长城汽车（601633.SH）旗下哈弗和魏牌、奇瑞新能源、东风本田...,"车企,车联网"
哈尔滨市司法局局长丁锐心梗去世，年仅41岁,https://news.sina.com.cn/c/2025-04-07/doc-inesiwtn1307130.shtml,2025-04-07 19:59:00,澎湃新闻从相关方面获悉，黑龙江省哈尔滨市司法局党组书记、局长丁锐于4月1日晚心梗去世，年仅41岁。 公开资料显示，丁锐，男，汉族，1984年3月出生...,"哈尔滨市,黑龙江省,法院"
复盘2018年贸易摩擦，“对等关税”冲击下，机构看好科技自主可控、创新药潜力,https://news.sina.com.cn/c/2025-04-07/doc-inesiwtn1282407.shtml,2025-04-07 18:53:00,每经记者 闫峰峰每经编辑 吴永久 “对等关税”或加剧全球贸易不确定性，短期内市场波动加大、避险情绪升温。不过，当前较2018年贸易摩擦时，市场在心理上已经有所准备。,"光刻机,半导体,贸易摩擦"
微生物学家、四川大学教授刘世贵逝世，享年90岁,https://news.sina.com.cn/c/2025-04-07/doc-inesiwtr4381175.shtml,2025-04-07 18:39:00,4月7日，四川大学发布讣告：我国著名微生物学家、生物防治领域的开拓者、中国共产党优秀党员、四川大学生命科学学院原院长、教授、博士生导师刘世贵同志因病医治无效...,"四川大学,微生物学,生物"
上海官方通报“一在建工地地面杂物发生火灾”：无人员伤亡,https://news.sina.com.cn/c/2025-04-07/doc-inesiwtn1260088.shtml,2025-04-07 17:54:00,来源：央视网央视网消息：据@上海黄浦消防 消息，4月7日15时31分，上海黄浦区肇周路200弄一在建工地地面杂物发生火灾。市119指挥中心接到报警后...,"上海市,火灾,消防"
中国羽毛球协会：遏制“饭圈”乱象对羽毛球领域的侵袭,https://news.sina.com.cn/c/2025-04-07/doc-inesiwtu5703439.shtml,2025-04-07 17:53:00,来源：中国羽毛球协会 中国羽毛球协会会员代表大会暨全国羽毛球行业安全生产工作会议举行 中国羽毛球协会4月7日召开协会会员代表大会暨全国羽毛球行业安全生产工作会议。,运动员
商户门头牌匾禁用“红黑蓝”三色？河北三河城管部门：是城市规划要求,https://news.sina.com.cn/c/2025-04-07/doc-inesismr7710058.shtml,2025-04-07 17:47:00,来源：大风新闻 近日，多名河北IP网友反映，收到河北省廊坊市三河市城管部门要求，红底门头牌匾统一更换颜色，引发关注。 据社交平台一店铺老板发视频显示，3月15日...,
中共中央、国务院：提高农村教育质量，办好必要的乡村小规模学校,https://news.sina.com.cn/c/2025-04-07/doc-inesismw5826709.shtml,2025-04-07 17:35:00,近日，中共中央、国务院印发了《加快建设农业强国规划（2024－2035年）》。其中提出，持续提升乡村建设水平。强化县域国土空间规划对城镇、村庄、产业园区等空间布,
中共中央、国务院：健全农业转移人口市民化配套政策体系，推行由常住地登记户口提供基本公共服务制度,https://news.sina.com.cn/c/2025-04-07/doc-inesismr7705430.shtml,2025-04-07 17:35:00,近日，中共中央、国务院印发了《加快建设农业强国规划（2024－2035年）》。其中提出，推进城乡融合发展。统筹新型工业化、新型城镇化和乡村全面振兴，全面提高城乡,
中共中央、国务院：加强农村宅基地规范管理，允许农户合法拥有的住房通过出租、入股、合作等方式盘活利用,https://news.sina.com.cn/c/2025-04-07/doc-inesismw5822531.shtml,2025-04-07 17:27:00,近日，中共中央、国务院印发了《加快建设农业强国规划（2024－2035年）》。其中提出，拓宽农民增收致富渠道。壮大县域富民产业，推动县域产业加快融入邻近大中城市,
中共中央、国务院：深化承包地所有权、承包权、经营权分置改革，探索放活土地经营权的有效途径,https://news.sina.com.cn/c/2025-04-07/doc-inesismw5822409.shtml,2025-04-07 17:26:00,近日，中共中央、国务院印发了《加快建设农业强国规划（2024－2035年）》。其中提出，提升家庭经营集约化水平。有序推进第二轮土地承包到期后再延长30年试点，健,
国羽公布苏杯名单，此前被爆料赌博、痛骂队友的何济霆未在名单,https://news.sina.com.cn/c/2025-04-07/doc-inesismr7702546.shtml,2025-04-07 17:26:00,（图左为何济霆）直播吧4月7日讯今天中国羽毛球队公布了苏迪曼杯的参赛名单，中国队男双派出了梁伟铿、王昶、陈柏阳、刘毅参赛。近日身陷负面传闻的何济霆未在参赛名单，,
中共中央、国务院：发展新型农村集体经济，构建产权明晰、分配合理的运行机制，赋予农民更加充分的财产权益,https://news.sina.com.cn/c/2025-04-07/doc-inesismr7701933.shtml,2025-04-07 17:25:00,近日，中共中央、国务院印发了《加快建设农业强国规划（2024－2035年）》。其中提出，推进农村集体经济活权赋能。深化农村集体产权制度改革，健全农村集体资产监督,
专责何以变全责,https://news.sina.com.cn/c/2025-04-08/doc-inesmenx7137409.shtml,2025-04-07 17:25:00,在辽宁省盖州市，“辰州清风小队”的威力家喻户晓。这支由纪委监委牵头，18家职能部门和27个乡镇办事处等单位骨干力量组成的监督检查组...,纪检监察
一事一议何以成常态,https://news.sina.com.cn/c/2025-04-07/doc-inesismr7699907.shtml,2025-04-07 17:21:00,健全有效的制度机制是促进各类监督贯通协调、提升监督效能的重要保障。然而，调研中记者发现，某地虽然出台了纪检监察监督与审计监督等多类监督贯通协同的相关工作办法...,纪检监察
中共中央、国务院印发《加快建设农业强国规划（2024－2035年）》,https://news.sina.com.cn/c/2025-04-07/doc-inesismt4475389.shtml,2025-04-07 17:20:00,近日，中共中央、国务院印发了《加快建设农业强国规划（2024－2035年）》，并发出通知，要求各地区各部门结合实际认真贯彻落实。《加快建设农业强国规划（2024,
信息壁垒如何破,https://news.sina.com.cn/c/2025-04-07/doc-inesismr7699857.shtml,2025-04-07 17:18:00,各类监督贯通协调，离不开信息的流动与共享。各类监督主体掌握的大量信息，集中体现为丰富的数据资源，数据贯通是凝聚监督合力、提高监督水平的有效路径。,
排管中心原主任李全强受贿案宣判：被判十年三个月，处罚金八十万,https://news.sina.com.cn/c/2025-04-07/doc-inesismt4476045.shtml,2025-04-07 17:17:00,2025年4月7日，江苏省扬州市中级人民法院依法公开宣判国家体育总局排球运动管理中心原党委副书记、主任李全强受贿案，对被告人李全强以受贿罪判处有期徒刑十年三个月,
刘满仓，贪婪腐化，退而不休！,https://news.sina.com.cn/o/2025-04-07/doc-inesismq1349926.shtml,2025-04-07 16:45:00,中央纪委国家监委网站4月7日消息，经中共中央批准，中央纪委国家监委对河南省人大常委会原党组副书记、副主任刘满仓严重违纪违法问题进行了立案审查调查。,"刘满仓,商丘市,中央纪委"
关键时刻国家队出手稳市，买了什么？,https://news.sina.com.cn/c/2025-04-07/doc-inesiwtp7589401.shtml,2025-04-07 16:40:00,多只核心宽基ETF成交额显著放量，部分ETF成交额与前一交易日相比至少增长四倍以上 4月7日，受关税战影响，全球股市遭遇“黑色星期一”，A股全天大幅下挫。,
四川这些村寨用“美丽资源”书写民族团结进步精彩答卷,https://news.sina.com.cn/c/2025-04-15/doc-inetfaix4276150.shtml,2025-04-07 16:39:00,春意渐浓时，巴蜀大地正谱写乡村振兴新篇。 近邻攀枝花市中心，坐落着一座600年历史的民族村寨——阿署达村。在村里的星空露营地，造型独特的流浪舱与璀璨星河相映成趣。,
“国家队”出手 核心资产迎战略性布局良机 A500指数ETF（159351）交易活跃度持续提升,https://news.sina.com.cn/c/2025-04-07/doc-inesismr7676640.shtml,2025-04-07 16:35:00,每经编辑 曾子建 4月7日，受利空因素影响，A股市场全线下挫。截至收盘，上证指数跌破3100点整数关，以3096.58点报收，场内热门宽基标的A500指数ETF（159351）随大盘回落...,"ETF,资产,A股"
机构预测关税风险将使北美电视销量下降，显示面板产能利用率降低,https://news.sina.com.cn/o/2025-04-07/doc-inesismr7676273.shtml,2025-04-07 16:34:00,调研机构预计，显示面板厂商的产能利用率今年4月将降至80%以下，5月将进一步下滑至76%。 美国提高关税将令北美及全球电视销量下降，显示面板产能利用率预计将降低。,"面板,显示面板,美国"
秘鲁对华陶瓷马桶启动反倾销调查,https://news.sina.com.cn/c/2025-04-07/doc-inesismr7670662.shtml,2025-04-07 16:28:00,中国贸易救济信息网消息，4月6日，秘鲁国家竞争和知识产权保护局倾销、补贴和消除非关税贸易壁垒委员会在官方日报《秘鲁人报》（ElPeruano）发布第046-20,
上交所：确认国泰君安证券股份有限公司会员名称变更为国泰海通证券股份有限公司,https://news.sina.com.cn/c/2025-04-07/doc-inesismt4444700.shtml,2025-04-07 16:21:00,上交所4月7日公告，根据《上海证券交易所章程》《上海证券交易所会员管理规则》规定，上海证券交易所确认国泰君安证券股份有限公司会员名称变更为国泰海通证券股份有限公,
新闻多一度 | 李现“打鸟”火出圈 这份观鸟入坑指南请收好,https://news.sina.com.cn/o/2025-04-07/doc-inesismw5785585.shtml,2025-04-07 16:14:00,近日，演员李现在社交平台分享自己的“打鸟作业”登上热搜。在古装剧《国色芳华》里，李现饰演的“花鸟使”蒋长扬，身负为皇家搜罗奇花异鸟之责。,李现
中美领导人近期是否会就关税问题举行会谈？外交部回应,https://news.sina.com.cn/c/2025-04-07/doc-inesismq1333771.shtml,2025-04-07 16:11:00,4月7日，外交部发言人林剑主持例行记者会。有外媒记者提问，我们注意到，中方近日发布的对美关税反制声明，并没有提到要和美方进行谈判。那么，在什么条件下，双方才会举,
香港恒生指数收跌13.22% 恒生科技指数跌17.16%,https://news.sina.com.cn/c/2025-04-07/doc-inesismt4437184.shtml,2025-04-07 16:10:00,财联社4月7日电，香港恒生指数收跌13.22%，失守20000点关口；恒生科技指数跌17.16%。比亚迪电子跌超22%，小米集团、小鹏汽车跌超20%，阿里巴巴跌,
湖南永州上千名公职人员卷入非法集资案调查：区政府组织疑犯与受害者签“免刑”条约,https://news.sina.com.cn/c/2025-04-07/doc-inesismw5803630.shtml,2025-04-07 16:08:00,周勇军（见上图）还有另外一个身份，湖南冷水滩区牛角坝中学一名“政治老师”。由于他长年请假在外经商，直到案发后才发现其“吃空饷”时间长达20年之久，甚至被判刑期间,
微软“断供”华大基因办公软件，否认停止在华运营,https://news.sina.com.cn/c/2025-04-07/doc-inesismw5783578.shtml,2025-04-07 16:06:00,（文/观察者网 吕栋 编辑/张广凯） 近日，日本媒体《日经亚洲评论》爆料，美国科技巨头微软不再向中国基因研究公司华大基因提供办公软件应用程序，包括电子邮件服务。,
海南省纪委原副书记、省监委原副主任陈笑波严重违纪违法被开除党籍和公职,https://news.sina.com.cn/c/2025-04-07/doc-inesismr7662186.shtml,2025-04-07 16:05:00,中央纪委国家监委网站4月7日通报，经中共中央批准，中央纪委国家监委对海南省纪委原副书记、省监委原副主任陈笑波严重违纪违法问题进行了立案审查调查。经查，陈笑波丧失,
廉洁底线失守、大肆收钱敛财 李刚被“双开”,https://news.sina.com.cn/c/2025-04-07/doc-inesismq1329680.shtml,2025-04-07 16:00:00,经中共中央批准，中央纪委国家监委对中央纪委国家监委驻中央组织部纪检监察组原组长李刚严重违纪违法问题进行了立案审查调查。,"李玉刚,中央纪委"
河南省人大常委会原党组副书记、副主任刘满仓被开除党籍,https://news.sina.com.cn/c/2025-04-07/doc-inesismt4431912.shtml,2025-04-07 16:00:00,经中共中央批准，中央纪委国家监委对河南省人大常委会原党组副书记、副主任刘满仓严重违纪违法问题进行了立案审查调查。经查，刘满仓丧失理想信念，背弃初心使命，搞迷信活,
外交部：中方已提出严正交涉 敦促美方停止插手台湾问题,https://news.sina.com.cn/o/2025-04-07/doc-inesismr7655003.shtml,2025-04-07 15:59:00,据央视新闻客户端消息，4月7日，外交部发言人林剑主持例行记者会。有记者提问，台湾已派两名高官赴华盛顿与特朗普团队见面。中方对此有何评论？,"中国,美国,台湾省"
湘潭大学宿舍投毒案一审宣判 被告人周立人被判处死刑,https://news.sina.com.cn/o/2025-04-07/doc-inesismr7653784.shtml,2025-04-07 15:56:00,新京报讯 4月7日，湖南省湘潭市中级人民法院一审公开宣判被告人周立人故意杀人案，以故意杀人罪判处被告人周立人死刑，剥夺政治权利终身。,抢救
这个高教大省，还在“拼命”建大学,https://news.sina.com.cn/c/2025-04-07/doc-inesiwtr4373220.shtml,2025-04-07 15:53:00,经济强省广东，正在“拼命”建大学。最近，广东官宣新一轮的大学建设计划。广州有32个重点建设项目，7个竣工，14个续建，11个新开工。其中，备受关注的新开工项目，,
吴钊燮将与美方通过特殊渠道会晤？外交部：坚决反对,https://news.sina.com.cn/c/2025-04-07/doc-inesismr7651974.shtml,2025-04-07 15:53:00,4月7日，外交部发言人林剑主持例行记者会。 彭博社记者提问，据报道，台湾地区吴钊燮将会与美方通过特殊渠道进行会晤，发言人对此有何回应？林剑资料图。,"吴钊燮,美国,台湾省"
美媒紧盯：中国已连续60天没从美国进口液化天然气了,https://news.sina.com.cn/c/2025-04-07/doc-inesismt4428278.shtml,2025-04-07 15:52:00,[文/观察者网 刘程辉]特朗普关税政策严重冲击中美经贸格局，中方已对进口美液化天然气（LNG）加征关税以示反制。彭博社4月6日报道注意到...,"液化天然气,美国,关税"
外交部：敦促菲方停止捕风捉影，公正处理涉中国公民个案,https://news.sina.com.cn/c/2025-04-07/doc-inesismq1325346.shtml,2025-04-07 15:49:00,4月7日，外交部发言人林剑主持例行记者会。法新社记者提问，菲律宾的国家安全委员会称，中国近日逮捕了三名涉嫌间谍罪的菲律宾公民，此事是计划好的。中方对此有何评论？,
A股三大指数集体收跌，沪指失守3100点，中央汇金盘中出手,https://news.sina.com.cn/c/2025-04-07/doc-inesismt4441880.shtml,2025-04-07 15:45:00,4月7日，市场全天低开低走，三大指数集体下挫，创业板指跌12.5%，沪指失守3100点。A股全天总成交额1.62万亿元，较上个交易日放量4603.03亿元。,
外交部介绍二月中方对福岛核污染水独立采样分析结果,https://news.sina.com.cn/c/2025-04-07/doc-inesismq1321391.shtml,2025-04-07 15:41:00,4月7日下午，外交部举行例行记者会。记者：据报道，今年2月，我国专家再次赴福岛第一核电站独立采集福岛核污染水有关样本，近日已得出检测结果。请发言人介绍具体情况。,
山西省委组织部公示：多人拟任本科、高职高专院校正职,https://news.sina.com.cn/o/2025-04-07/doc-inesismr7644537.shtml,2025-04-07 15:39:00,新京报讯 据“山西发布”微信公众号消息，4月6日，中共山西省委组织部对省委研究拟任职干部予以公示。  桑 楠，女，汉族，1973年11月生，研究生，中共党员...,"山西省委,党员,本科"
外交部再回应美方所谓对等关税：必然遭到国际社会普遍反对,https://news.sina.com.cn/o/2025-04-07/doc-inesismw5768224.shtml,2025-04-07 15:38:00,据@日月谭天 消息，4月7日下午，外交部举行例行记者会。记者：美国日前宣布对所有贸易伙伴加征关税，对象遍及全球180多个国家和地区...,"关税,外交部,世贸组织"
韩国宪法法院罢免尹锡悦总统职务，外交部回应,https://news.sina.com.cn/c/2025-04-07/doc-inesismt4418545.shtml,2025-04-07 15:35:00,4月7日，外交部发言人林剑主持例行记者会。韩联社提问，韩国宪法法院4日决定罢免尹锡悦总统职务，中方如何看待此次决定？中国认为此次决定会对韩中关系产生什么样的影响,
亚太市场全线下挫，A股超5200只个股下跌，哪些行业迎来配置性机会？,https://news.sina.com.cn/o/2025-04-07/doc-inesismt4417397.shtml,2025-04-07 15:34:00,全球金融市场遭遇“黑色星期一”，亚太股市普遍下跌。哪些行业能从中觅得机遇，实现逆势上扬？ 4月7日，受关税政策不确定性影响，全球金融市场遭遇“黑色星期一”...,"美国,A股,港股"
微软回应停止在华运营：信息不实,https://news.sina.com.cn/o/2025-04-07/doc-inesismt4417361.shtml,2025-04-07 15:32:00,微软回应停止在华运营：信息不实 4月7日，微软中国方面在发给第一财经记者的正式声明中回应了关于微软在中国停止运营的传闻。声明称：“有关微软将停止在中国运营的报道...,微软
受中央汇金增持影响，上证50ETF、沪深300ETF尾盘放量,https://news.sina.com.cn/c/2025-04-07/doc-inesincy5896215.shtml,2025-04-07 15:31:00,受中央汇金增持ETF消息影响，今日尾盘多个宽基ETF成交额放量。华夏上证50ETF收盘前最后6分钟成交超11亿元，全天成交额迅速攀升至95.47亿元。易方达沪深,
外交部：中方愿意同各方一道坚持真正的多边主义,https://news.sina.com.cn/c/2025-04-07/doc-inesismr7650352.shtml,2025-04-07 15:29:00,4月7日，外交部发言人林剑主持例行记者会。有记者提问，对于美国的关税会影响较不发达国家，中国是否计划采取新的行动或合作？,"外交部,中国,关税"
市面显活力 文旅春意浓——2025年清明假期盘点,https://news.sina.com.cn/c/2025-04-07/doc-inesismq1336783.shtml,2025-04-07 15:12:00,人间四月，春和景明。2025年清明假期，神州大地人潮涌动，文旅市场“春”意盎然，假期消费持续升温……春日里的中国在流动和忙碌中尽显生机，汇聚出一幅活力四射的经济图景。,文旅
突发！国家队，出手了！,https://news.sina.com.cn/c/2025-04-07/doc-inesincv4542070.shtml,2025-04-07 15:06:00,【导读】中央汇金增持ETF中国基金报记者泰勒兄弟姐妹们啊，中央汇金出手了！中央汇金公司公告称，中央汇金公司坚定看好中国资本市场发展前景，充分认可当前A股配置价值,
A股收评：沪指放量跌7.34%失守3100点，全市场超5200只个股下跌,https://news.sina.com.cn/c/2025-04-07/doc-inesincy5878616.shtml,2025-04-07 15:03:00,4月7日，A股三大指数集体收跌，截至收盘，上证指数收跌7.34%，深证成指收跌9.66%，创业板指收跌12.5%；北证50收跌17.95%。两市成交额约1587,
A股关键时刻，国家队出手了！中央汇金罕见盘中发声已再次增持ETF,https://news.sina.com.cn/c/2025-04-07/doc-inesincy5895841.shtml,2025-04-07 15:00:00,来源：金融界 金融界4月7日消息 A股国家队出手了，中央汇金罕见的盘中公告进场扫货。 7日下午，A股还在交易时段，中央汇金公司罕见破例在盘中公告称...,
网信部门依法查处一批低俗炒作娱乐明星信息账号,https://news.sina.com.cn/c/2025-04-07/doc-inesinct7744302.shtml,2025-04-07 14:34:00,来源：央视网央视网消息：网信部门持续打击文娱领域“饭圈”乱象，近期，督促网站平台依法依约关闭和长期禁言处置“超能摄影阳阳”“摄影刘大锤”“老板王大发”“娱乐冇饭”“追星少...,
一季度我国消费市场持续升温,https://news.sina.com.cn/c/2025-04-07/doc-inesinct7735314.shtml,2025-04-07 14:06:00,国家信息中心最新发布的数据显示，今年一季度，在各项促消费政策带动下，我国消费市场持续升温，消费潜力加速释放。线下消费加速发展。,热度
各地抢抓农时有序推进农业生产,https://news.sina.com.cn/c/2025-04-07/doc-inesincy5863187.shtml,2025-04-07 14:04:00,清明时节农事忙。眼下，各地抢抓农时开展农业生产，为夏秋农作物丰收打下基础。北方多地冬小麦进入春管关键期。当前，河北3300多万亩小麦长势向好...,内蒙古
跟着总书记领略中华文明｜千年窑火的智慧,https://news.sina.com.cn/c/xl/2025-04-07/doc-inesincs1408089.shtml,2025-04-07 14:03:00,陶瓷 是如何创造出来的 又何以从中国走向整个世界？ 景德镇 一座以陶瓷产业支撑一千多年的城市 千年窑火 创造出无数令人叹为观止的精美艺术 这里因瓷而生名扬四海...,
踏春赏花享胜景 文旅融合热力足——透视清明小长假出行消费亮点,https://news.sina.com.cn/c/2025-04-07/doc-inesinct7735315.shtml,2025-04-07 14:02:00,清明小长假，人们出游热度高涨，假期消费呈现快速增长趋势。大城小镇涌动的人潮、把文化“穿”上身的国潮、吃住行游乐购的热潮，既加速释放了消费市场的潜力...,乌鲁木齐市
商务部召开美资企业圆桌会,https://news.sina.com.cn/c/2025-04-07/doc-inesincs1397834.shtml,2025-04-07 13:32:00,4月6日，商务部副部长兼国际贸易谈判副代表凌激主持召开美资企业圆桌会。特斯拉、GE医疗、美敦力等20余家美资企业代表参会。,
卖完大哥卖二哥？台半导体产业悬了！,https://news.sina.com.cn/c/2025-04-07/doc-inesifwa5973407.shtml,2025-04-07 13:04:00,据香港中通社4月6日报道，美国半导体企业格罗方德正与台湾联华电子（联电）探讨合并的可能性。岛内舆论直批当局“卖完大哥卖二哥”。,
清明节假期全国国内出游1.26亿人次 同比增长6.3%,https://news.sina.com.cn/c/2025-04-07/doc-inesinct7724301.shtml,2025-04-07 13:00:00,来源：央视网央视网消息：据文化和旅游部网站消息，2025年清明节假期，各地开展形式多样的缅怀英烈活动、传统文化活动、旅游活动，全国文化和旅游市场安全平稳有序。,旅游景区
上海突出战略性系统性协同性实效性 把国企改革“施工图”转化为高质量发展“实景画”,https://news.sina.com.cn/c/2025-04-07/doc-inesifwa5949037.shtml,2025-04-07 11:46:00,上海国资国企聚焦增强核心功能、提升核心竞争力，不断优化改革方法、着力提升改革实效，既守正创新、与时俱进，又统筹兼顾、精准施策，扎实推进国有企业改革深化提升行动...,"上海市,国务院国资委,国企改革"
贵州省3名县处级干部接受纪律审查、监察调查,https://news.sina.com.cn/c/2025-04-07/doc-inesifwa5948297.shtml,2025-04-07 11:40:00,六盘水市第三中学原党委书记、校长朱家彦接受纪律审查和监察调查据六盘水市纪委监委消息：六盘水市第三中学原党委书记、校长朱家彦涉嫌严重违纪违法...,"六盘水市,遵义市,贵州省"
纪法百科·一图读懂应知应会党纪法规,https://news.sina.com.cn/c/2025-04-07/doc-inesifwa5938442.shtml,2025-04-07 11:03:00,来源：中央纪委国家监委网站,
清明节假期全国口岸日均出入境人员达207.1万人次,https://news.sina.com.cn/c/2025-04-07/doc-ineshzqe6055424.shtml,2025-04-07 10:40:00,来源：央视网央视网消息：据国家移民管理局网站消息，今年清明节假期全国边检机关共保障621.2万人次中外人员出入境，日均207.1万人次，较去年同期增长19.7%。,"清明节,出入境,祭祖"
习语丨“勤俭是我们的传家宝，什么时候都不能丢掉”,https://news.sina.com.cn/c/xl/2025-04-08/doc-inesmepe5176768.shtml,2025-04-07 10:36:00,点击查看原图“过去穷，问吃饭了没有，都是问喝汤了没有？吃不了几顿干的。”2018年全国两会，参加山东代表团审议时，习近平总书记说起一件当年的小事。会场掌声、笑声,
中国海警舰艇编队4月7日在我钓鱼岛领海巡航,https://news.sina.com.cn/c/2025-04-07/doc-ineshzpx7901642.shtml,2025-04-07 09:33:00,新京报讯 据@中国海警 消息，4月7日，中国海警2303舰艇编队在我钓鱼岛领海内巡航。这是中国海警依法开展的维权巡航活动。,"中国海警,钓鱼岛领海,新京报"
破冰之旅！中国中检护航几内亚高品位铁矿资源进入中国市场,https://news.sina.com.cn/c/2025-04-07/doc-ineshzpz4660700.shtml,2025-04-07 09:04:00,近日，中国中检非洲区域所属西非公司完成几内亚首船CPAE级铁精粉装港发运检验业务，全力助推几内亚高品位铁矿资源进入中国市场。,铁矿
宁国：践行“一盘棋”理念   提升执纪审查工作质效,https://news.sina.com.cn/c/2025-04-07/doc-ineshzqe5994143.shtml,2025-04-07 09:03:00,“我们在攻克审查调查工作中存在的疑难复杂问题时，注重统筹全市纪检监察干部队伍力量，推动案件实现高效突破。”谈到审查调查工作“一盘棋”的工作理念如何应用于实践...,"宁国市,纪检监察"
亳州:“严”字当头 推动集中整治走深走实,https://news.sina.com.cn/c/2025-04-07/doc-ineshzpw1544051.shtml,2025-04-07 09:03:00,“在案件办理过程中，我们以虚报义务教育保障经费为切入点，向县教育局发出了监察建议。”近日，涡阳县纪委监委第二纪检监察协作区在介绍集中整治有关做法时谈道。,亳州市
台媒体人郭正亮：中国大陆对中重稀土相关物项出口管制卡到美国脖子,https://news.sina.com.cn/c/2025-04-07/doc-ineshzpw1551377.shtml,2025-04-07 09:03:00,[环球网报道]据台湾中时新闻网4月6日报道，美国对中国大陆课征34%“对等关税”，大陆出手反制，除对美国进口商品加征34%关税外，再对钐、钆、铽、镝、镥、钪...,"美国,关税,稀土"
纪法百科•一图读懂应知应会党纪法规 《中国共产党纪律检查委员会工作条例》,https://news.sina.com.cn/c/2025-04-07/doc-ineshzqe5995089.shtml,2025-04-07 08:56:00,来源：中央纪委国家监委网站,
唐山:一线监督 护航春耕备耕,https://news.sina.com.cn/c/2025-04-07/doc-ineshzpw1540494.shtml,2025-04-07 08:51:00,当前，正值春耕备耕的关键时期，唐山市各级纪检监察机关把监督“探头”延伸到田间地头，立足职能职责，加大对惠农政策落实、农资保障供应等情况的监督检查力度...,唐山市
【战新产业“百大工程”】南方电网跑出科产融合“加速度” 持续巩固中国特高压柔性直流输电技术全球领跑地位,https://news.sina.com.cn/c/2025-04-07/doc-ineshzqe5989695.shtml,2025-04-07 08:51:00,随着新能源大规模发展特别是“沙戈荒”大型风光基地开发和西南水资源开发西移，能源集中汇集、灵活调控、远距离外送消纳的需求进一步增加。,"中国,国务院国资委"
贯彻落实中央纪委四次全会精神 推动纪律教育常态化长效化,https://news.sina.com.cn/c/2025-04-07/doc-ineshzpz4660936.shtml,2025-04-07 08:48:00,纪检监察机关在抓实党纪学习上巩固深化推动纪律教育常态化长效化接通记者电话时，唐晨玉正在发送一则关于加强子公司财务管理工作的通知。,"中央纪委,纪检监察,全会"
青春华章・恰同学少年丨邹彬：“砌”出来的“大国工匠”,https://news.sina.com.cn/c/2025-04-07/doc-inesiwtp7598786.shtml,2025-04-07 08:44:00,4月2日，“青春华章・恰同学少年”网络主题宣传活动启动式暨“一堂思政课”活动在湖南第一师范学院正式启动。作为中央网信办2025年网上重大主题宣传和重大议题设置项,
家国永念丨红色基因就是要传承,https://news.sina.com.cn/c/xl/2025-04-07/doc-ineshzpx7879838.shtml,2025-04-07 08:43:00,来源：大象新闻 清明时节，人们缅怀革命先烈，弘扬革命文化，传承红色基因，家国情怀在心中扎根。 习近平总书记高度重视红色基因传承，发表了一系列重要讲话...,
纠治不作为慢作为 村民告别用水难,https://news.sina.com.cn/c/2025-04-07/doc-ineshvfy1664563.shtml,2025-04-07 08:33:00,近期，广西壮族自治区融水苗族自治县三防镇乃文村寨群屯的村民们了却了一桩烦心事——建成多年的水池终于能正常使用，告别了用水难的问题。,水利局
广西北海开展涉企服务监督行动 破除政策落实中梗阻,https://news.sina.com.cn/c/2025-04-07/doc-ineshvhh6114627.shtml,2025-04-07 08:33:00,近日，在广西壮族自治区北海市铁山港区的广西南洋船舶工程有限公司门前，几名施工人员在下埋管道、安装水表。该公司总经理李鸿富说：“通水后，我们打算增加投入...,"广西,北海市"
中国移动搭建起横跨1655公里的“数字丝绸之路”,https://news.sina.com.cn/c/2025-04-07/doc-ineshvhc4782120.shtml,2025-04-07 08:30:00,回望电信普遍服务十年间，陇原大地已发生翻天覆地的变化，敦煌飞天的“3D重生”与“神州”探月工程遥望星河，“东数西算”的算力脉动与钢铁长龙在河西走廊交响共鸣...,"甘肃省,草原"
中国石化携手宁德时代打造万站换电站,https://news.sina.com.cn/c/2025-04-07/doc-ineshvfz8007558.shtml,2025-04-07 08:30:00,近日，中国石化与宁德时代在北京签署产业与资本合作框架协议。根据协议，双方将全面深化长期战略合作关系，以“产业合作+资本合作”的方式...,"中国石化,换电站,宁德时代"
中国物流集团以数字物流护航粮食运输新生态,https://news.sina.com.cn/c/2025-04-07/doc-ineshvhh6113516.shtml,2025-04-07 08:30:00,四月伊始，新肇站铁路货场，一袋袋玉米粒正“躺在”移动式输送机皮带上，运进火车车厢后再由工作人员接手整齐码放。地处黑龙江、吉林两省交界的新肇站是“北粮南运”的重要节点...,粮食安全
三峡船闸累计货运量突破22亿吨,https://news.sina.com.cn/c/2025-04-07/doc-ineshvfy1663450.shtml,2025-04-07 08:30:00,近日，从中国三峡集团获悉，三峡船闸自2003年6月18日向社会船舶开放通航以来，截至2025年3月28日，累计运行21.2万闸次，通过船舶106.5万艘次，旅客1228.2万人次...,船舶
中国中化全力护航春耕生产,https://news.sina.com.cn/c/2025-04-07/doc-ineshvfz8007517.shtml,2025-04-07 08:30:00,眼下正是春耕备耕的关键时期。中国中化以“抢农时、战春耕”的奋进姿态，全力保障春耕用种生产供应，开展春季农业生产技术服务，为全年粮食生产开好局、起好步。,中国
长征六号运载火箭成功发射天平三号A星02星,https://news.sina.com.cn/c/2025-04-07/doc-ineshvfy1663315.shtml,2025-04-07 08:30:00,4月3日，长征六号运载火箭在太原卫星发射中心点火起飞，随后将天平三号A星02星顺利送入预定轨道，发射任务取得圆满成功。,"运载火箭,长征六号,火箭"
冶金地质总局启动2025年新疆勘探会战 加快助力新疆矿业高质量发展,https://news.sina.com.cn/c/2025-04-07/doc-ineshvfz8007386.shtml,2025-04-07 08:29:00,近日，冶金地质总局在新疆精河县启动2025年新疆勘探会战，全面部署在疆重点工作，进一步推动新疆矿业高质量发展。近年来，冶金地质总局作为国家地勘行业的“国家队”和新一轮...,新疆
监督护航绿水青山,https://news.sina.com.cn/c/2025-04-07/doc-ineshvhh6114666.shtml,2025-04-07 08:24:00,一水护田将绿绕，两山排闼送青来。在春的序章里，纪检监察干部用行动为青山绿水筑牢坚实防线，护航生态文明建设，守护美丽山河。,"纪检监察,生态环境保护"
汇聚共建美丽中国磅礴力量,https://news.sina.com.cn/c/2025-04-07/doc-ineshvfz8006175.shtml,2025-04-07 08:23:00,27年前，被称为“顺德鸟叔”的冼铨辉因种竹与鹭鸟结缘，从此以半生坚守，书写了一部爱鸟护鸟的篇章。图为近日，鹭鸟在云鹭湿地公园栖息。,
廉语清风｜过则勿惮改,https://news.sina.com.cn/c/2025-04-07/doc-ineshvfy1661547.shtml,2025-04-07 08:23:00,“过则勿惮改”语出《论语·学而》，其意为有了过错就不要害怕改正。短短五字，道出了反躬自省、克己修身的精髓。人非圣贤，孰能无过？,
推动纪律教育常态化长效化,https://news.sina.com.cn/c/2025-04-07/doc-ineshvfy1659395.shtml,2025-04-07 08:13:00,纪检监察机关在抓实党纪学习上巩固深化推动纪律教育常态化长效化 接通记者电话时，唐晨玉正在发送一则关于加强子公司财务管理工作的通知。,纪检监察
"清风为伴产业兴｜小沃柑变身""黄金果""",https://news.sina.com.cn/c/2025-04-07/doc-ineshvhh6109472.shtml,2025-04-07 08:13:00,近日，广西壮族自治区南宁市武鸣区纪委监委联动监督组来到宁武镇张朗村可祥屯沃柑种植基地，果农们正忙着给果树剪枝、施肥，一派繁忙景象。,特色产业
整合力量资源 提升治理效能,https://news.sina.com.cn/c/2025-04-07/doc-ineshvfz7991386.shtml,2025-04-07 07:22:00,山东省德州市平原县纪委监委运用大数据技术丰富监督手段，不断提升群众参与监督的实效性。图为近日，该县纪委监委工作人员向群众讲解“阳光村居”微信小程序功能。何万利 摄,"德州市,纪检监察,山东省"
林下“掘金”,https://news.sina.com.cn/c/2025-04-07/doc-ineshvfy1648324.shtml,2025-04-07 07:22:00,今年的政府工作报告强调，做好“土特产”文章，发展林下经济。这是“林下经济”首度写入政府工作报告。作为“不砍树就能致富”的绿色产业，林下经济对于拓宽农民增收渠道...,掘金
江苏进一步规范涉企行政检查,https://news.sina.com.cn/c/2025-04-07/doc-ineshvhh6098238.shtml,2025-04-07 07:22:00,记者近日从省司法厅获悉，《关于进一步规范涉企行政检查的若干措施》日前印发，推出3个方面15项措施，进一步促进严格规范公正文明执法，持续优化法治化营商环境。,江苏省
深化高标准农田建设领域治理,https://news.sina.com.cn/c/2025-04-07/doc-ineshvhh6094419.shtml,2025-04-07 07:12:00,湖北省宜昌市夷陵区纪委监委紧盯高标准农田建设项目招标投标、资金拨付、项目验收等关键环节，开展监督检查，推动项目廉洁、高效推进。,"高标准农田建设,农业农村,湖北省"
我省全力防控夺取夏粮丰收,https://news.sina.com.cn/c/2025-04-07/doc-ineshvfy1644209.shtml,2025-04-07 07:12:00,4月3日，记者从省农业农村厅召开的小麦赤霉病防控工作部署会上获悉，预计今年我省小麦赤霉病中等偏重发生，重发区域在沿江、里下河、东部沿海、沿淮等地，白粉病...,"农业农村,新冠肺炎"
“水电入苏”助碳减排超6亿吨,https://news.sina.com.cn/c/2025-04-07/doc-ineshvhh6094289.shtml,2025-04-07 07:12:00,记者4日从国网江苏电力获悉，截至3月底，江苏依托三大“水电入苏”工程累计接收西部清洁水电逾7000亿千瓦时，可减少二氧化碳排放超6亿吨。,江苏省
江苏开展省以下财政转移支付专题审计,https://news.sina.com.cn/c/2025-04-07/doc-ineshvhh6094287.shtml,2025-04-07 07:12:00,近日，为推动省以下财政体制改革、建立促进高质量发展转移支付激励约束机制，助力实现宏观调控目标、提高转移支付资金绩效，省审计厅组织开展省以下财政转移支付专题审计。,"江苏省,统一"
省级非遗代表性传承人认定周期缩至三年,https://news.sina.com.cn/c/2025-04-07/doc-ineshvhh6091642.shtml,2025-04-07 07:02:00,记者近日从省文旅厅获悉，为加强江苏省非遗代表性传承人队伍建设，逐步形成年龄层次优化、梯次结构合理、覆盖范围广泛、充满传承活力的非遗保护传承群体...,
新华时评|坚定不移推进高水平对外开放 维护多边主义 促进开放合作,https://news.sina.com.cn/c/2025-04-08/doc-ineskyez7250676.shtml,2025-04-07 07:00:00,4月2日，美国对外宣布实施所谓“对等关税”计划，挑起全球范围贸易战，引发国际社会强烈反应，包括美国在内的全球金融市场大幅震荡。,"美国,关税,新华时评"
诗说廉语 | 敢以真容对汝曹,https://news.sina.com.cn/c/2025-04-07/doc-ineshvhh6089400.shtml,2025-04-07 06:52:00,民间有言，笑到最后的最好看。明末清初的邵时奎就是这样的结局。邵时奎是江苏宜兴人，科举功名不高，仅是一个恩贡出身，当了一任山西闻喜县知县，其余事迹均不详。,
小沃柑变身“黄金果”,https://news.sina.com.cn/c/2025-04-07/doc-ineshvfy1639302.shtml,2025-04-07 06:52:00,近日，广西壮族自治区南宁市武鸣区纪委监委联动监督组来到宁武镇张朗村可祥屯沃柑种植基地，果农们正忙着给果树剪枝、施肥，一派繁忙景象。,特色产业
坚定不移推进高水平对外开放,https://news.sina.com.cn/c/2025-04-07/doc-ineshvfy1639298.shtml,2025-04-07 06:52:00,4月2日，美国对外宣布实施所谓“对等关税”计划，挑起全球范围贸易战，引发国际社会强烈反应，包括美国在内的全球金融市场大幅震荡。,"关税,美国"
尹锡悦道歉，李在明领跑，韩国提前进入“大选模式”,https://news.sina.com.cn/w/2025-04-07/doc-ineshvfy1639023.shtml,2025-04-07 06:51:00,[环球时报驻韩国特派记者 莽九晨 于文]韩国宪法法院4日通过尹锡悦弹劾案，尹锡悦即刻被罢免总统职务。韩联社6日称，韩国政坛在经历4个月的动荡后逐步趋于稳定...,"尹锡悦,韩国,李在明"
缅甸领导人敏昂莱慰问中国救援队伍：对中方全力救援表示感谢,https://news.sina.com.cn/c/2025-04-07/doc-ineshvhh6087837.shtml,2025-04-07 06:41:00,【环球时报特约记者 雨相】据新华社6日报道，当天下午，缅甸领导人敏昂莱来到曼德勒中国救援队伍营地慰问中国救援队、由中国军队参与组派的中国国际救援队...,
柬埔寨云壤海军基地升级后启用，中柬联合演习在云壤港相关区域举行,https://news.sina.com.cn/c/2025-04-07/doc-ineshvfz7975268.shtml,2025-04-07 06:41:00,[环球时报驻柬埔寨特约记者 董开映 环球时报记者 郭媛丹 刘煊尊 梁睿]由中方援助的柬埔寨云壤海军基地升级改造部分项目近日完工。,
早间播报【2025年4月7日】,https://news.sina.com.cn/c/2025-04-07/doc-ineshvfy1637582.shtml,2025-04-07 06:17:00,● 今天出版的中国纪检监察报头版报道了各级纪检监察机关在抓实党纪学习上巩固深化，推动纪律教育常态化长效化的相关举措。,"纪检监察,安徽省,中国纪检监察报"
濒临出局！国少1-2遭乌兹别克斯坦逆转 张城瑞破门后防两度漏人,https://news.sina.com.cn/2025-04-07/doc-ineshekq6433594.shtml,2025-04-07 00:56:00,来源：直播吧 直播吧4月7日讯 北京时间4月6日晚23时整，2025年U17亚洲杯小组赛A组第2轮在奥卡兹俱乐部球场展开角逐，中国男足U17对阵乌兹别克斯坦U17。,
2500亿果链龙头：“对等关税”影响有限！超30家A股公司也有回应,https://news.sina.com.cn/c/2025-04-07/doc-ineshekh1979017.shtml,2025-04-07 00:46:00,4月3日，美国政府宣布对美国的全球贸易伙伴征收“对等关税”，其中对中国征收的关税税率为34%，对越南、泰国、印度征收的关税税率分别为46%、36%、26%。,"美国,股价,市值"
中核招聘回应收到近120万份简历：预计录用人数约8000人,https://news.sina.com.cn/c/2025-04-06/doc-inesfyap5168582.shtml,2025-04-06 22:12:00,【#中核招聘回应收到1196273份简历#】#中核招聘回应收到近120万份简历#4月6日，中核招聘回应收到1196273份简历。文章中称：中核集团2025,
侨见海南自贸港：“来一场说走就走的China travel”,https://news.sina.com.cn/c/2025-04-07/doc-ineskazp4307450.shtml,2025-04-06 21:38:00,连日来，参加“侨”见海南自贸港主题活动的海外华媒人、侨领侨青和知名网红走进海南，实地体验海南自贸港建设成果。马来西亚自媒体博主罗甲芳认为，随着中国免签政策的实施,
为什么每年都要祭祀轩辕黄帝？,https://news.sina.com.cn/c/2025-04-06/doc-inesftue9213532.shtml,2025-04-06 20:59:00,每年清明节，来自五洲四海的炎黄子孙，跨越经纬与代际，齐聚黄帝陵前，用传统礼仪表达对这位人文初祖的敬仰与感恩。为什么我们每年都要祭拜轩辕黄帝？,
福建宁德：取消优先偿还公积金贷款限制,https://news.sina.com.cn/c/2025-04-06/doc-inesftue9211791.shtml,2025-04-06 20:45:00,财联社4月6日电，据福建省宁德市住房公积金管理中心消息，近日，宁德市住房公积金管理委员会审议通过了《宁德市住房公积金提取管理办法》和《宁德市住房公积金个人住房贷,
应急管理部：清明假期全国安全形势平稳，未发生重大及以上灾害事故,https://news.sina.com.cn/c/2025-04-06/doc-inesftur5286623.shtml,2025-04-06 20:31:00,据应急管理部网站消息，清明假期期间，全国应急管理系统认真贯彻落实习近平总书记重要指示精神，按照党中央、国务院决策部署，全力做好安全防范和应急处置各项工作，确保假,
燃油车生死存亡，谁来接盘？,https://news.sina.com.cn/c/2025-04-06/doc-inesftup8509628.shtml,2025-04-06 20:13:00,“目前燃油车产销量及盈利率大幅下降，产能大量放空，面临生死存亡重大危机，部分企业已停产或倒闭。”工业和信息化部原副部长苏波在中国电动汽车百人会论坛（2025）上,
关税重压下，香港外贸业急寻出路,https://news.sina.com.cn/c/2025-04-06/doc-inesftup8508442.shtml,2025-04-06 20:12:00,作者 | 《财经》特派香港记者 焦建 美国对全球多地加征“对等关税”后，对中国关税将累计增至54%。而根据美国总统特朗普所签署的行政命令，为减低转运和逃税风险...,"美国,香港,美元"
“网红洋媳妇”杨奇娜突发低血糖去世，丈夫回应：我们在一起20年，她是个很好的人,https://news.sina.com.cn/c/2025-04-06/doc-inesftur5289273.shtml,2025-04-06 20:05:00,新黄河记者：陈国亮4月6日上午，“网红洋媳妇”杨奇娜的丈夫杨淙在抖音账号“阿根廷奇娜”发布讣告：“本人杨淙，带着无比沉痛的心情告知各位家人们，吾妻杨奇娜于202,
横扫李尚洙 向鹏首夺世乒联冠军赛男单冠军,https://news.sina.com.cn/c/2025-04-06/doc-inesftue9204176.shtml,2025-04-06 20:03:00,据央视体育消息，北京时间4月6日，2025年世乒联冠军赛仁川站男单决赛，中国小将向鹏直落四局横扫韩国选手李尚洙，获得冠军。这也是向鹏职业生涯首次获得世乒联冠军赛男单冠...,"乒联,冠军赛,男单决赛"
著名经济学家、北京大学光华管理学院荣休教授陈良焜逝世,https://news.sina.com.cn/c/2025-04-06/doc-inesftur5281545.shtml,2025-04-06 20:03:00,2025年4月6日，北京大学光华管理学院发讣告：中国共产党优秀党员、著名经济学家、北京大学光华管理学院荣休教授陈良焜同志，因病医治无效...,"北京大学光华管理学院,北京大学"
【家国永念】温故丨“天下兴亡、匹夫有责”,https://news.sina.com.cn/c/xl/2025-04-06/doc-inesftup8503149.shtml,2025-04-06 19:40:00,来源：光明网 清明寄哀思，鲜花献逝者。清明节寄托了中华民族慎终追远、不忘根本的家国情怀。习近平总书记曾引用古语“天下兴亡、匹夫有责”对抗战精神的内涵进行诠释...,
【新思想引领新征程】传承伟大精神 凝聚民族力量,https://news.sina.com.cn/c/xl/2025-04-06/doc-inesftun2190308.shtml,2025-04-06 19:38:00,央视网消息（新闻联播）：天地英雄气，千秋尚凛然。习近平总书记强调：“理想之光不灭，信念之光不灭。我们一定要铭记烈士们的遗愿，永志不忘他们为之流血牺牲的伟大理想。,
女单决赛陈幸同vs王艺迪，王艺迪决胜局惊天逆转夺冠,https://news.sina.com.cn/o/2025-04-06/doc-inesftun2190088.shtml,2025-04-06 19:37:00,#王艺迪挽救4赛点惊天逆转##王艺迪大心脏# 女单决赛陈幸同vs王艺迪，王艺迪决胜局6-10落后连得6分，@迪214 惊天逆转夺冠，祝贺！,
人民日报评论员：集中精力办好自己的事　　增强有效应对美关税冲击的信心,https://news.sina.com.cn/c/2025-04-06/doc-inesftue9194707.shtml,2025-04-06 19:06:00,新华社北京4月6日电 人民日报4月7日评论员文章：集中精力办好自己的事 增强有效应对美关税冲击的信心 美国政府逆世界潮流而动，对包括我国在内的几乎所有贸易伙伴出台所谓...,人民日报
万人说新疆丨疆心 匠心,https://news.sina.com.cn/c/2025-04-06/doc-inesfpnh9322957.shtml,2025-04-06 18:54:00,麦尔丹·曼苏尔是一名国家一级注册建筑师、高级工程师。麦尔丹少年时便立志以建筑设计改变城市面貌，如今他已成为新疆建筑界的中坚力量，主导设计了包括医疗养老综合体...,
广西都安一地发生山火，乡政府：火已扑灭，或与清明祭祀有关,https://news.sina.com.cn/c/2025-04-06/doc-inesfpnq2310741.shtml,2025-04-06 18:29:00,极目新闻记者 杜光然 4月5日，广西河池市都安县一山体着火的视频，引起网友关注。6日，当地乡政府工作人员表示，火已及时扑灭，未造成人员伤亡，“可能与清明祭祀有关”。,"广西,扑灭,人员伤亡"
株洲市民扫墓时发现有人偷供果，涉事陵园：我们也很气愤，警方已介入,https://news.sina.com.cn/c/2025-04-06/doc-inesfpnh9320310.shtml,2025-04-06 18:26:00,极目新闻记者 丁伟 据株洲发布，4月5日，有市民在给长辈扫墓时遇到附近村民在墓地偷供果，“（供果）放下不到两小时就被拿走，她拿了4个袋子来装。,"株洲市,涉事"
山东临沂、威海推行清明假期期间轻微交通违法免罚措施,https://news.sina.com.cn/o/2025-04-06/doc-inesfpnq2307831.shtml,2025-04-06 18:24:00,新京报讯 据“山东发布”微信公众号消息，今年清明节假期期间，山东临沂市、威海市交警部门推行轻微交通违法免罚措施。 2025年清明节假期期间（4月4日至6日）...,"交通违法,山东省,清明节"
最新！全国各地最低工资标准公布,https://news.sina.com.cn/o/2025-04-06/doc-inesfpnq2307644.shtml,2025-04-06 18:23:00,新京报讯 近日，人力资源和社会保障部发布了全国各省、自治区、直辖市最低工资标准情况（截至2025年4月1日）。,"最低工资标准,新京报,人力资源和社会保障部"
清明节假期三天全国共接待现场祭扫群众5433.95万人次,https://news.sina.com.cn/c/2025-04-06/doc-inesfpnh9316262.shtml,2025-04-06 18:14:00,根据民政部清明节祭扫工作办公室统计，清明节三天小长假期间，全国提供现场祭扫服务的殡葬服务机构约6.55万个，参与服务保障工作人员约124.26万人次，疏导车辆约1232...,"清明节,民政部"
“花鸟使”李现被点名，网友：建议开启全国巡拍，带我们多看看祖国大好风光,https://news.sina.com.cn/zx/2025-04-06/doc-inesfpnq2306692.shtml,2025-04-06 18:12:00,3月以来，有多位网友在北京玉渊潭公园偶遇演员李现，只见他背着专业摄影设备，藏身于专业拍摄鸟类照片的人群中，举起相机，拍摄出他眼中的灵动小鸟...,"李现,杨紫"
民政部：清明节假期第三天各地祭扫活动安全平稳有序,https://news.sina.com.cn/c/2025-04-06/doc-inesfpnt5395976.shtml,2025-04-06 18:01:00,来源：央视网央视网消息：据民政部消息，4月6日是清明节假期最后一天，祭扫人数较昨日继续回落。据民政部清明节祭扫工作办公室统计，今日全国有6...,"民政部,清明节"
中国有色金属工业协会：中国稀土企业将强化合规贸易 确保相关物项不被用于军事目的或敏感领域,https://news.sina.com.cn/c/2025-04-06/doc-inesfpnq2302987.shtml,2025-04-06 17:41:00,财联社4月6日电，中国有色金属工业协会发文称，当前，世界百年变局加速演进，国际安全面临诸多挑战，为有效防止稀土相关产品流向不当用途和不当使用者，商务部、海关总署,
北交所公示第三届上市委和重组委委员候选人名单,https://news.sina.com.cn/c/2025-04-06/doc-inesfpnh9307618.shtml,2025-04-06 17:21:00,4月6日，北京证券交易所公告，日前，北京证券交易所启动了上市委员会和并购重组委员会换届选聘工作。经相关单位推荐、资格审查、选聘委员会审议等程序，形成北京证券交易,
深交所公示第二届上市委、重组委委员候选人名单,https://news.sina.com.cn/c/2025-04-06/doc-inesfpnr8615400.shtml,2025-04-06 17:18:00,4月6日，深交所公告，日前，深交所启动了第二届上市审核委员会（以下简称上市委）、第二届并购重组审核委员会（以下简称重组委）组建工作。经相关单位推荐、履行相关程序,
奥运冠军贾一凡被挤断指甲，本人发声：大家理智追星,https://news.sina.com.cn/c/2025-04-06/doc-inesfpnh9306447.shtml,2025-04-06 17:12:00,贾一凡写道：“大家理智追星！指甲都被挤断了！注意安全姐姐妹妹们。” 随后贾一凡又在评论区温馨提示：“运动员没有保镖护驾，没有人帮我们拿行李...,"贾一凡,奥运冠军"
深圳交警：一女子驾车突发不适致车辆失控，致1死3伤,https://news.sina.com.cn/c/2025-04-06/doc-inesfpnh9304785.shtml,2025-04-06 17:04:00,4月6日，深圳市公安局交通警察支队发布警情通报：2025年4月5日17时30分许，宝安区宝源路与劳动路交叉路口附近发生一起交通事故。经查，李某（女，35岁）驾驶,
见招拆招！逾30家A股上市公司回应美国关税,https://news.sina.com.cn/c/2025-04-06/doc-inesfpnh9307699.shtml,2025-04-06 17:00:00,4月6日，富岭股份（001356.SZ）披露股票交易异动公告称，公司产品以外销为主，美国为公司最主要的销售市场，2023年和2024年1-6月...,"美国,A股"
第一观察｜从总书记用典感悟作风建设之道,https://news.sina.com.cn/c/xl/2025-04-07/doc-inesfpnq2295834.shtml,2025-04-06 16:52:00,“问渠那得清如许？为有源头活水来。”关于作风建设，习近平总书记常引用各种古语典故，有的从警示层面讲危害，有的从倡导层面谈践行，旁征博引、画龙点睛...,"总书记,作风建设,习近平"
当过政法委副书记、副市长，杨郑安收多人送的洗浴储值卡,https://news.sina.com.cn/c/2025-04-06/doc-inesfiek9428177.shtml,2025-04-06 16:20:00,近日，郑州市纪委监委公开通报四起违反中央八项规定精神典型问题。其中包括：郑州市人大常委会原副秘书长、二级巡视员杨郑安收受可能影响公正执行公务的礼品、消费卡问题。,
北京市发布大风蓝色预警,https://news.sina.com.cn/o/2025-04-06/doc-inesfies2414519.shtml,2025-04-06 16:03:00,新京报讯 据北京气象局消息，北京市发布大风蓝色预警：预计，7日白天我市大部分地区有3、4级偏北风，阵风6、7级，山区及密云、平谷的部分地区阵风可达8级，请注意防范。,"北京市,大风"
清明节特别策划|山河永念,https://news.sina.com.cn/c/xl/2025-04-06/doc-inesfiet8731574.shtml,2025-04-06 15:37:00,来源：新重庆-重庆日报 青山处处埋忠骨，英烈无名亦长存。 清明追思，你的故事， 山记得，江河记得， 我们记得！ 编导：李凤兰 杨雅涵（实习） 制作/设计：张宗婷 姜音子...,
瞭望·治国理政纪事｜把西溪变得更美,https://news.sina.com.cn/c/xl/2025-04-06/doc-inesfiet8731065.shtml,2025-04-06 15:34:00,文|邬焕庆 方益波 冯源 本文转载自《瞭望》2025年第14期，原标题为《瞭望·治国理政纪事|把西溪变得更美》。 天目山脉溪水漫流山前，冲积出一片肥沃的江南原野。,
山西平遥山火火场东西两侧火线基本扑灭,https://news.sina.com.cn/c/2025-04-06/doc-inesfiet8735080.shtml,2025-04-06 15:33:00,4月4日中午12时左右，山西省沁源县、平遥县交界处发生山火。火灾发生后，近千名救援人员赶赴现场扑救。截至今天15点，山西平遥森林火灾火场东侧、西侧火线基本扑灭，南侧...,"山西省,火场,火线"
注意！全国多地高速入口封闭,https://news.sina.com.cn/c/2025-04-06/doc-inesfies2405635.shtml,2025-04-06 15:13:00,转眼间，清明假期即将结束，你踏上回家的旅程了吗？ 今年清明假期，从4月4日0时至4月6日24时，7座以下（含7座）小型客车继续免收通行费。,"高速,匝道,武汉市"
济南38万停尸费事件家属：费用已全部减免，女儿今天就能回家了,https://news.sina.com.cn/c/2025-04-06/doc-inesfiek9428760.shtml,2025-04-06 15:06:00,清明节期间，山东济南一起因刑事案件引发的38万元停尸费争议冲上热搜，引发社会广泛关注。警方曾协调减免停尸费至12万元。👉此前报道：凶手已执行死刑，我的女儿还在冰,
日“鹤丸”号渔船非法进入我钓鱼岛领海 中国海警发声,https://news.sina.com.cn/c/2025-04-06/doc-inesfiek9414335.shtml,2025-04-06 15:04:00,中国海警局新闻发言人刘德军表示，4月5日至6日，日“鹤丸”号渔船非法进入我钓鱼岛领海，中国海警舰艇依法对其采取必要管控措施并警告驱离。,"中国海警,中国海,钓鱼岛"
神十九航天员上周开展了哪些工作？解锁航天员“太空日常”,https://news.sina.com.cn/c/2025-04-06/doc-inesfiev5501325.shtml,2025-04-06 15:04:00,神舟十九号航天员乘组已经在轨工作和生活超过150天了。在圆满完成第三次出舱活动后，神十九乘组稍作休整，随即积极投入到后续在轨工作中。,"航天员,太空,训练"
提前出发又遇上“聪明人”！清明返程已现拥堵，哪个时段客流集中？,https://news.sina.com.cn/c/2025-04-07/doc-ineshekq6432271.shtml,2025-04-06 14:53:00,今天是清明假期最后一天，交通部门预计，今天下午将迎来假期返程高峰。 清明节前堵到半夜 假期第一天就返程拥堵 清明假期，不少人在出门游玩的路上已经堵起来了。,
“别甩锅中国和印度，这事只能怪美国”,https://news.sina.com.cn/c/2025-04-06/doc-inesfawx5627664.shtml,2025-04-06 14:23:00,在将自己国内严重的芬太尼滥用问题屡屡甩锅给中国后，觉得不够过瘾的美国政府，最近又将靶子对准了印度，说印度也在向美国“贩毒”。,"印度,中国,美国"
“金价连续跳水”冲上热搜！多个品牌金饰两天跌30元/克，机构称黄金行情难言结束,https://news.sina.com.cn/c/2025-04-06/doc-inesfiek9412393.shtml,2025-04-06 14:17:00,4月5日，“金价连续跳水”冲上微博热搜第一。市场数据显示，今年第一季度现货黄金价格上涨约19%，创下1986年9月以来国际金价最大季度涨幅。,"金价,金饰,黄金"
4月6日全国铁路预计发送旅客2000万人次,https://news.sina.com.cn/c/2025-04-06/doc-inesfawu2525372.shtml,2025-04-06 13:24:00,来源：央视网 央视网消息：据中国铁路微信公众号消息，4月5日，全国铁路发送旅客1368.3万人次，运输安全平稳有序。4月6日，全国铁路预计发送旅客2000万人次...,"旅客,列车,北京市"
网友反映西安一地铁口多辆电动自行车刹车线被剪断 相关部门已介入调查,https://news.sina.com.cn/c/2025-04-06/doc-inesfawu2517223.shtml,2025-04-06 13:11:00,4月2日，西安一网友在社交平台发帖称，自己停在公司附近地铁口的电动自行车的刹车线被人剪断。幸运的是，她在骑车前及时发现，如果在行驶时刹车失灵，后果将不堪设想。,"西安市,地铁口,电动自行车"
航行警告！渤海北部执行军事任务，禁止驶入,https://news.sina.com.cn/c/2025-04-06/doc-inesfies2406633.shtml,2025-04-06 12:20:00,来源：央视网 央视网消息：据中国海事局网站消息，葫芦岛海事局发布航行警告，4月6日11时至18时，渤海北部部分海域进行军事演习，禁止驶入。,"渤海,中国海事局,海事局"
物业费，大降价？,https://news.sina.com.cn/c/2025-04-06/doc-inesemza2839523.shtml,2025-04-06 12:04:00,来源：中国新闻周刊 这场涉及亿万家庭切身利益的调整 正在重塑物业管理行业的底层逻辑 全国近百个住宅小区正在同步上演相似剧情：一些城市的物业费正在经历少则10%...,"物业费,业主,物业"
汇聚共建美丽中国磅礴力量——习近平总书记参加首都义务植树活动时的重要讲话在广大干部群众中引发热烈反响,https://news.sina.com.cn/c/xl/2025-04-06/doc-inesewqz5739713.shtml,2025-04-06 11:54:00,央视网消息（新闻联播）：习近平总书记在参加首都义务植树活动时强调，植树造林是生态文明建设重要一环。各地区各部门要进一步行动起来...,
一习话·家国永念丨“永志不忘他们为之流血牺牲的伟大理想”,https://news.sina.com.cn/c/xl/2025-04-06/doc-inesewqz5739487.shtml,2025-04-06 11:52:00,来源：央广网 英雄是民族的脊梁。 党的十八大以来，习近平总书记在多个场合表达对英雄烈士的崇敬之情，强调“我们一定要铭记烈士们的遗愿...,
学习新语｜“义务植树是全民行动”,https://news.sina.com.cn/c/xl/2025-04-06/doc-inesewqw2632885.shtml,2025-04-06 11:50:00,4月3日，首都北京春和景明、惠风和畅，习近平总书记来到丰台区永定河畔植树点。这是党的十八大以来，习近平总书记连续第13年参加首都义务植树活动。,
家国永念丨你们的心愿，我们一直记得,https://news.sina.com.cn/c/xl/2025-04-06/doc-inesewqz5738863.shtml,2025-04-06 11:48:00,来源：解放军报客户端 部分画面由AI技术支持 设计：王祎、孙嘉烨 文案：郑欣宇、杨晶 编审：李东航,
全球股市巨震！A股，明天能走出独立行情吗？,https://news.sina.com.cn/c/2025-04-06/doc-inesfpnh9314347.shtml,2025-04-06 11:32:00,每经记者肖芮冬每经编辑赵云刚过去的交易周（3.31~4.3），A股受特朗普关税政策和假期效应影响，延续此前调整态势，进一步震荡整理。主要股指中，微盘股和红利指数,
中国海警驱离日非法进入我钓鱼岛领海船只,https://news.sina.com.cn/c/2025-04-06/doc-inesewqq9638252.shtml,2025-04-06 11:26:00,【#中国海警驱离日非法进入我钓鱼岛领海船只#】中国海警局新闻发言人刘德军表示，4月5日至6日，日“鹤丸”号渔船非法进入我钓鱼岛领海...,"中国海警,钓鱼岛领海,钓鱼岛"
习近平的“树木”与“树人”,https://news.sina.com.cn/c/xl/2025-04-07/doc-ineskazs5639567.shtml,2025-04-06 10:49:00,中新网4月4日电题：习近平的“树木”与“树人”铲土造坑、培土围堰、提水浇灌……4月3日，北京丰台区永定河畔，习近平总书记同首都干部群众一起参加义务植树。总书记接,
《简牍探中华》独家公开马王堆汉墓最新研究成果,https://news.sina.com.cn/c/2025-04-06/doc-inesfiev5509674.shtml,2025-04-06 10:22:00,薄如蝉翼的素纱单衣、工艺繁复的精美漆器、内容丰富的简帛文献……20世纪70年代以来，湖南长沙马王堆汉墓出土数以万计的文物，全方位展示了西汉时期经济、艺术、医学等,
“感觉有一亿人在深圳堵山” ！名场面又双叒叕上线了……,https://news.sina.com.cn/c/2025-04-06/doc-inesewqq9616349.shtml,2025-04-06 10:16:00,来源：南方日报 清明假期 话题#感觉有一亿人在深圳堵山# 冲上微博热搜 引发网友关注讨论 小长假首日 深圳各大景区迎来客流高峰 梧桐山、马峦山...,
中医把脉帮甲亢哥“正了名”,https://news.sina.com.cn/c/2025-04-07/doc-ineshekq6426901.shtml,2025-04-06 10:07:00,甲亢哥来中国了，这位美国YouTube坐拥3700万粉丝的顶流主播，近日开启了中国行。 甲亢哥本名，小达伦·沃特金斯，由于他直播时情绪亢奋、表情丰富、肢体语言疯狂...,直播
3月份全球制造业PMI降至50%以下 全球经济恢复力度趋弱,https://news.sina.com.cn/c/2025-04-06/doc-inesesic5844325.shtml,2025-04-06 09:33:00,来源：央视网央视网消息：据中国物流与采购联合会发布，2025年3月份全球制造业PMI为49.6%，较上月下降0.4个百分点。分区域看，美洲制造业PMI降至49%以下...,"全球制造业,PMI,全球经济"
4月份中国零售业景气指数为50.5%,https://news.sina.com.cn/c/2025-04-06/doc-ineseshy2728859.shtml,2025-04-06 09:24:00,来源：央视网央视网消息：2025年4月6日，中国商业联合会发布4月份中国零售业景气指数（CRPI）。4月份中国零售业景气指数环比上升0.3个百分点...,"零售业,央视网"
第一视点丨一封信 一颗种子 一片林,https://news.sina.com.cn/c/xl/2025-04-06/doc-ineseshs9730878.shtml,2025-04-06 09:03:00,来源：中国蓝新闻 4月3日上午，习近平总书记来到北京市丰台区永定河畔，参加首都义务植树活动。 每年春天，习近平总书记都不忘这个“绿色之约”，每一次...,
贯彻落实中央纪委四次全会精神 严防不正之风滋生蔓延,https://news.sina.com.cn/c/2025-04-06/doc-ineseshz9058910.shtml,2025-04-06 08:42:00,近日，中央纪委国家监委驻中信集团纪检监察组在集团警示教育大会上集中通报5起违反中央八项规定精神问题和由风及腐、风腐一体典型案件，持续释放对顶风违纪...,"中央纪委,全会,送礼"
2024年全省财政就业资金投入近80亿元,https://news.sina.com.cn/c/2025-04-06/doc-ineseshs9721180.shtml,2025-04-06 08:02:00,2024年，全省各级财政就业补助资金投入79.18亿元、同比增长5％，全省实现城镇新增就业143.02万人、占全国1/10以上，城镇失业人员再就业75.06万人，就业困难人员实现就业18...,就业
新业态解锁江苏“村”游新玩法,https://news.sina.com.cn/c/2025-04-06/doc-inesesic5827627.shtml,2025-04-06 07:52:00,“一放假，我就喜欢去‘村游’。”热爱乡村旅游的苏州游客王雪彤告诉记者，如今，“村里好玩的太多了”。日前，江苏省文化和旅游厅与农业农村厅共同征集推出56条“乡村旅游与休闲...,江苏省
红旗渠通水60年累计引水超130亿立方米,https://news.sina.com.cn/c/2025-04-06/doc-inesemyu9847689.shtml,2025-04-06 07:13:00,新华社北京4月5日电 4月5日是红旗渠主干渠通水60周年。记者从水利部获悉，60年来，红旗渠已累计引水超过130亿立方米，灌溉农田4700余万亩次，促进粮食增产80亿斤。,"红旗渠,通水,新华社"
近观“两山” | 树木，也是树人,https://news.sina.com.cn/c/xl/2025-04-06/doc-inesfiev5502840.shtml,2025-04-06 06:00:00,FlashPlayer插件未安装安装插件，如果已经安装请检查是否被禁用undefinedundefined每逢春日，习近平总书记都会与首都各界共植新绿，植树现场,
黄志刚，特权思想严重，在十八大、十九大特别是二十大后仍不收敛、不收手,https://news.sina.com.cn/c/2025-04-05/doc-inescvcc0187461.shtml,2025-04-05 23:13:00,据中央纪委国家监委驻中国银行纪检监察组、湖南省纪委监委4月5日消息：日前，经中央纪委国家监委批准，中央纪委国家监委驻中国银行纪检监察组...,
学习快评｜汇聚共建美丽中国磅礴力量,https://news.sina.com.cn/c/xl/2025-04-05/doc-inescqvf0295944.shtml,2025-04-05 21:10:00,“汇聚共建美丽中国的磅礴力量，让祖国大地更加绿意盎然、生机勃发”。3日，习近平总书记参加首都义务植树活动，号召大家积极参与造林绿化，共同推进生态文明建设。,
【家国永念】习言道｜崇尚英雄 缅怀先烈 重温习近平总书记这些深情话语,https://news.sina.com.cn/c/xl/2025-04-05/doc-inescqvn3286017.shtml,2025-04-05 21:07:00,“‘天地英雄气，千秋尚凛然。’一个有希望的民族不能没有英雄，一个有前途的国家不能没有先锋。”今天是清明节，重温习近平总书记这些深情话语，共同缅怀英烈，致敬英雄！,
拾光纪·种一棵树最好的时间是十年前，更是现在,https://news.sina.com.cn/c/xl/2025-04-05/doc-inescqvp9614381.shtml,2025-04-05 21:06:00,十年前，习近平总书记种下的白皮松如今已亭亭如盖。2025年4月3日，担任党的总书记以来，习近平第十三次参加首都义务植树活动。十年树木百年树人...,
中国政府关于反对美国滥施关税的立场,https://news.sina.com.cn/c/2025-04-05/doc-inescqvr6391392.shtml,2025-04-05 21:06:00,中国政府关于反对美国滥施关税的立场（2025年4月5日）近期，美国以各种借口宣布对包括中国在内的所有贸易伙伴滥施关税，严重侵犯各国正当权益，严重违反世界贸易组织规则...,"关税,美国,中国政府"
家国永念丨最好的纪念,https://news.sina.com.cn/c/xl/2025-04-05/doc-inescqvp9613859.shtml,2025-04-05 21:03:00,为赢得民族独立和人民解放、实现国家富强和人民幸福，无数英雄烈士矢志不渝、前仆后继，书写了感天动地的伟大史诗，谱写了气吞山河的英雄壮歌。,
外媒：中国猛烈反击美国“霸凌”关税,https://news.sina.com.cn/c/2025-04-06/doc-inescqvn3280436.shtml,2025-04-05 20:30:00,来源：参考消息据英国《卫报》网站4月4日报道称，中国猛烈反击特朗普“霸凌”关税。报道说，中国对特朗普的“霸凌”关税进行了猛烈反击。,"关税,外媒,美国"
多地党政“一把手”暗访，督导检查这一工作,https://news.sina.com.cn/c/2025-04-05/doc-inesckpi0411531.shtml,2025-04-05 19:40:00,来源：北京青年报编辑丨高语阳 正值清明节假期，近两天，多地市委书记、市长以“四不两直”方式现场检查安全稳定工作。其中，正值清明祭扫高峰期，叠加气温回升...,"森林防火,王子联,市委书记"
两位副国级参加的典礼，有几个重点值得关注,https://news.sina.com.cn/c/2025-04-05/doc-inesckpt6492403.shtml,2025-04-05 18:09:00,来源：政知见撰文丨高语阳4月4日上午，乙巳（2025）年清明公祭轩辕黄帝典礼，在陕西省黄陵县轩辕广场举行。全国人大常委会副委员长张庆伟，全国政协副主席何报翔...,
柳丝系春、纸鸢载愿 “清明赏春图鉴”里传统民俗有了新玩法,https://news.sina.com.cn/c/xl/2025-04-06/doc-inesfiev5504874.shtml,2025-04-05 17:43:00,在江苏、安徽、山东等地假期迎来客流小高峰，春日美景和多彩的民俗活动吸引着游客纷至沓来。FlashPlayer插件未安装安装插件，如果已经安装请检查是否被禁用un,
市委书记暗访，现场严肃批评,https://news.sina.com.cn/c/2025-04-05/doc-inesaxxv9956576.shtml,2025-04-05 15:43:00,据湖南“衡阳发布”消息，4月3日下午，市委书记刘越高以“四不两直”方式，深入祁东县部分乡镇，暗访检查防汛备汛与森林防火工作。在金桥镇荷叶水库...,"水库,市委书记,湖南省"
4月4日全国铁路旅客发送量创今年单日新高,https://news.sina.com.cn/c/2025-04-05/doc-inescefs3506698.shtml,2025-04-05 15:20:00,来源：央视网央视网消息：据“中国铁路”微信公众号消息，4月4日，全国铁路发送旅客2009.3万人次，创今年以来单日旅客发送量新高，运输安全平稳有序。,"旅客,列车,北京市"
辽宁一地市委书记暗访被拦车,https://news.sina.com.cn/c/2025-04-05/doc-inesaxxu3612684.shtml,2025-04-05 15:17:00,发现个别群众偷带违规祭祀用品准备上山，孙晓晖当即上前制止；行至检查卡口时，工作人员拦下车辆检查，孙晓晖十分高兴……,
镜观·回响丨铭记历史 致敬英烈,https://news.sina.com.cn/c/xl/2025-04-05/doc-inesaxxu3610909.shtml,2025-04-05 15:16:00,时雨铭壮烈，春雷继长歌 清明又至 我们深切缅怀 为民族独立解放、国家繁荣富强 作出牺牲和奉献的英雄先烈 2025年4月2日，清明将至...,
家国永念丨我与英雄同岁，接续英雄守卫,https://news.sina.com.cn/c/xl/2025-04-05/doc-inesaxxu3610333.shtml,2025-04-05 15:13:00,来源：中国军网八一视频 一年一清明，一岁一相思。英雄的年龄永远定格，但他们的心跳仍在仰望星辰的一代代官兵血脉中回响……（素材提供：侯伟 李涵 李冬雪 潘麒宇 谢鹏良...,
高速公路提醒慎用辅助驾驶,https://news.sina.com.cn/c/2025-04-05/doc-inesaxxv9945180.shtml,2025-04-05 14:04:00,来源：南方日报  近日，有网友发布图片称，途经安徽高速时发现警示牌改成了“慎用辅助驾驶”。4月5日，德上高速池州路段高速大队工作人员告诉记者，确实有发布相关警示...,
为49位重庆籍烈士寻亲｜跨越半个多世纪的铭记与思念,https://news.sina.com.cn/c/2025-04-05/doc-inesaxxp0604572.shtml,2025-04-05 13:48:00,来源：央视网洛隆烈士陵园。  记者 刘露 摄 西藏自治区昌都市洛隆烈士陵园安葬着173位为西藏和平发展和人民幸福安康而英勇献身的烈士。,"重庆市,高原,巴桑"
90后潘文启任内蒙古土默特左旗副旗长，曾获5项国家实用新型专利权,https://news.sina.com.cn/c/2025-04-05/doc-inesaxxs6381486.shtml,2025-04-05 13:44:00,澎湃新闻获悉，出生于1992年、此前担任内蒙古呼和浩特市土默特左旗水务局局长的潘文启，已任土默特左旗人民政府党组成员、副旗长。,"内蒙古,专利权,农村"
学而时习之｜一切民族英雄都是中华民族的脊梁,https://news.sina.com.cn/c/xl/2025-04-05/doc-inesatrs9729816.shtml,2025-04-05 13:06:00,,
中方反制，对美加征34%关税！一文看懂哪些自美进口商品会受影响,https://news.sina.com.cn/c/2025-04-05/doc-inesatrs9725522.shtml,2025-04-05 12:35:00,财联社4月5日讯，当地时间4月2日，美国政府宣布对所有贸易伙伴征收“对等关税”，中方当即表示要进行反制、维护自身正当权益。时隔1天后，4月4日，中方一系列反制措,
很显然，特朗普没做好中国强势回应“对等关税”的准备,https://news.sina.com.cn/c/2025-04-05/doc-inesatrs9720277.shtml,2025-04-05 12:24:00,►文观察者网专栏作者 沈逸 与在俄乌等问题上表现出的鲁莽、无能和一厢情愿相同，特朗普在宣布“对等关税”的时候，并没有考虑到最糟糕的情况：中国做出远超美国预期的强势回...,"特朗普,美国"
祝贺！中国队跳水世界杯混团金牌,https://news.sina.com.cn/c/2025-04-05/doc-inesatrw3702593.shtml,2025-04-05 12:06:00,[祝贺！#中国队跳水世界杯混团金牌#]#跳水世界杯中国队混团夺金#跳水世界杯瓜达拉哈拉站混合团体，陈艺文@cyw615_ 、王宗源@Diving王宗源 、陈芋汐@陈乐乐Diving ...,"中国队,金牌,跳水世界杯"
警惕：这3种网红减肥法，国家卫健委不推荐,https://news.sina.com.cn/c/2025-04-05/doc-inesatrr0711212.shtml,2025-04-05 12:03:00,4月3日，国家卫生健康委召开新闻发布会，针对有关“液断”、“生酮”饮食、代餐等减肥方法是否科学的问题，北京医院主任医师潘琦表示...,"饮食,减肥法,卫健委"
辽宁东港市委书记暗访督查森林防火，被拦车检查后表扬工作人员,https://news.sina.com.cn/c/2025-04-05/doc-inesatrr0706875.shtml,2025-04-05 11:49:00,据辽宁东港市委宣传部主管微信公众号“东港关注”消息，4月4日，东港市委书记孙晓晖以“四不两直”方式深入部分乡镇暗访督查森林防火工作。,"东港市,辽宁省,森林防火"
2025清明档电影票房破2亿元,https://news.sina.com.cn/c/2025-04-05/doc-inesatrw3694764.shtml,2025-04-05 11:32:00,据网络平台数据 2025年4月5日10时18分 2025年清明档档期 （4月4日—4月6日） 票房破2亿元 《我的世界大电影》持续领跑 《向阳·花》《哪吒之魔童闹海》分列二、三位 此前...,
山西沁源境内山火最新情况：王和镇未见明火 未接到人员伤亡报告,https://news.sina.com.cn/c/2025-04-05/doc-inesatrw3701751.shtml,2025-04-05 11:17:00,4月4日中午12时左右，山西省沁源县、平遥县交界处发生山火。记者今天（4月5日）在山西省沁源县山火扑救现场了解到，截至上午11时，沁源境内王和镇，未见明火。,"山火,王和,人员伤亡"
因个人原因辞职的肖志坚，官宣落马,https://news.sina.com.cn/c/2025-04-05/doc-inesatru6475003.shtml,2025-04-05 11:17:00,广东云浮市纪委监委4月5日消息，云浮市新兴县人大常委会党组书记、主任肖志坚涉嫌严重违纪违法，目前正接受云浮市纪委监委纪律审查和监察调查。,"云浮市,落马,人大常委会"
清明档票房破2亿，3部新片关注特殊人群困境,https://news.sina.com.cn/o/2025-04-05/doc-inesatrr0696012.shtml,2025-04-05 11:12:00,清明档期间，多部现实主义题材国产新片上映，关注特殊人群，通过电影呼吁社会关注和支持。 作为春节之后第一个小长假，清明档的到来带动电影大盘单日票房重返亿元以上。,票房
山西沁源、平遥两县交界处发生山火，正在全力救援,https://news.sina.com.cn/c/2025-04-05/doc-inesapiu9825094.shtml,2025-04-05 11:06:00,记者4月5日从山西省平遥县委宣传部获悉，4月4日中午12时左右，平遥县相关部门接报，山西省沁源县、平遥县交界处发生山火，目前灭火工作仍在紧张进行。,"救援,山火,山西省"
网传深圳北站地铁站扶梯处发生踩踏事故，地铁工作人员回应,https://news.sina.com.cn/c/2025-04-05/doc-inesatrr0702193.shtml,2025-04-05 10:49:00,大河报·豫视频记者杜倩雯4月4日，有多名网友发视频称深圳北站地铁站发生踩踏事故。4月5日上午，深圳北站地铁站工作人员告诉大河报《看见》记者，称并未发生踩踏事故，,
中国为什么能全球第一个反制对等关税,https://news.sina.com.cn/c/2025-04-05/doc-inesapiw6591763.shtml,2025-04-05 10:39:00,【#中国为什么能全球第一个反制对等关税#】#中国对美全面加征关税释放的信号#4月4日，中方11箭齐发，坚决反制美国加征的对等“关税”。其中，中方宣布，对原产于美,
中国医药保健品进出口商会关于美国所谓“对等关税”的严正声明,https://news.sina.com.cn/c/2025-04-05/doc-inesapiu9816918.shtml,2025-04-05 10:33:00,来源：央视网央视网消息：据中国医药保健品进出口商会微信公众号消息，中国医药保健品进出口商会发布关于美国所谓“对等关税”的严正声明。,"关税,美国,进出口"
坚决反对！中国多个商会就美征收“对等关税”严正声明,https://news.sina.com.cn/c/2025-04-05/doc-inesapiy3800178.shtml,2025-04-05 10:14:00,中国医药保健品进出口商会关于美国所谓“对等关税”的严正声明美东时间2025年4月2日，美国政府宣布对包括中国在内的所有贸易伙伴征收所谓“对等关税”。绝大部分医用,
中国医药保健品进出口商会就美征收所谓“对等关税”一事发表声明,https://news.sina.com.cn/c/2025-04-05/doc-inesapit0812216.shtml,2025-04-05 10:04:00,来源：央视网央视网消息：美东时间2025年4月2日，美国政府宣布对包括中国在内的所有贸易伙伴征收所谓“对等关税”。绝大部分医用耗材、敷料、医疗设备及其零部件...,"关税,美国政府,进出口"
3月份中国大宗商品价格指数环比同比增幅均好于去年同期,https://news.sina.com.cn/c/2025-04-05/doc-inesapit0795551.shtml,2025-04-05 09:28:00,来源：央视网央视网消息：4月5日，中国物流与采购联合会公布3月份中国大宗商品价格指数。从指数运行情况看，随着企业生产经营活动加快，消费市场不断回暖...,"大宗商品,价格指数,央视网"
特朗普称“政策绝不会改变”！美股2天暴跌47万亿元，鲍威尔不救市！特斯拉一夜蒸发6500亿元，黄金原油大跌，恐慌指数暴涨近51%,https://news.sina.com.cn/c/2025-04-05/doc-inesapit0794080.shtml,2025-04-05 09:27:00,“对等关税”，成为美股最大的利空！在中方反制措施公布后，美股全线暴跌。 当地时间4月4日，美国股市连续第二天遭受重创，当日收盘暴跌。,"特朗普,美联储,美元"
酒泉市纪委监委通报3起党员干部和公职人员酒驾醉驾典型问题,https://news.sina.com.cn/c/2025-04-05/doc-inesapit0792261.shtml,2025-04-05 09:00:00,1.瓜州县现代农业技术服务中心干部张军醉酒驾驶机动车问题。2023年12月，张军醉酒后驾驶小型普通客车被公安机关交警部门查获。公安机关对张军作出吊销机动车驾驶证的行政处...,"公安机关,酒泉市,机动车"
中国强硬反击，释放了三个清晰信号,https://news.sina.com.cn/c/2025-04-05/doc-inesahzw9909853.shtml,2025-04-05 08:46:00,中国人在过节，美国股市在暴跌。黑色星期四之后，是更狂暴的黑色星期五。道琼斯股指4月4日又跌掉了2000多点，两天下来，近4000点抹去了。美国投资者欲哭无泪，这,
紧盯跨地区跨部门重大战略落实情况强化监督 协同联动拧紧责任链条,https://news.sina.com.cn/c/2025-04-05/doc-inesaiaa3901682.shtml,2025-04-05 08:38:00,近日，上海市青浦区、江苏省苏州市吴江区、浙江省嘉善县三地纪委监委与长三角一体化示范区新发展建设有限公司纪委工作人员深入方厅水院项目建设现场...,"长三角,一体化发展,生态保护"
我国多地今天仍有明显降温 北晴南雨天气格局将持续,https://news.sina.com.cn/c/2025-04-05/doc-inesahzv0908715.shtml,2025-04-05 08:34:00,今天（4月5日），我国南北多地仍将出现降温，多地将由偏暖转为偏冷，局地降温幅度可达10℃左右。此外，今后三天我国仍将维持北方晴朗多风、南方多阴雨的天气格局...,"新疆,降温,黑龙江省"
中国人保集团领导，集体到监狱开展警示教育,https://news.sina.com.cn/c/2025-04-05/doc-inesahzv0908483.shtml,2025-04-05 08:32:00,《中国纪检监察报》4月5日消息，近日，中国人民保险集团党委班子成员、中央纪委国家监委驻中国人民保险集团纪检监察组有关同志等90名党员领导干部赴司法部某监狱...,"中国人保,党员干部"
90秒卫星图看中国植绿奇迹,https://news.sina.com.cn/c/xl/2025-04-05/doc-inesahzv0907072.shtml,2025-04-05 08:28:00,4月3日上午，习近平总书记来到北京市丰台区永定河畔，同干部群众一起参加义务植树。这是总书记到中央工作后，连续18年参加首都义务植树活动。,
【8点见】海关总署回应暂停美6家企业产品输华,https://news.sina.com.cn/c/2025-04-05/doc-inesaiaa3893697.shtml,2025-04-05 08:01:00,来源：央视网央视网消息：每天8点，央视网为您梳理24小时内发生在咱们身边的大小事儿。·退役军人事务部发布10位在韩中国人民志愿军烈士寻亲线索。,烈士
江苏公安机关组织形式多样的英烈祭奠活动,https://news.sina.com.cn/c/2025-04-05/doc-inesahzy6668383.shtml,2025-04-05 07:52:00,4月2日上午，省公安厅组织厅机关、特勤局青年民警代表等共80余人，前往南京雨花台江苏公安英烈纪念墙前，祭奠公安英烈。近期，全省公安机关纷纷组织形式多样的祭奠活动...,"民警,公安,江苏省"
我省开出首张动物检疫检验电子证,https://news.sina.com.cn/c/2025-04-05/doc-inesahzv0899633.shtml,2025-04-05 07:52:00,4月3日，编号为3230000001的全省首张无纸化动物产品检疫B证和编号为JZ00211035的无纸化肉品品质检验合格证在东台市同步开具，标志着我省动物产品“双证”（动物产品检疫证明...,
江苏“赏花经济”激活乡村文旅动能,https://news.sina.com.cn/c/2025-04-05/doc-inesaiaa3888552.shtml,2025-04-05 07:42:00,油菜花、樱花、梨花……清明时节，百花竞放，市民游客“慕花”而行。江苏乡村抢抓“赏花经济”机遇，变颜值为产值，赋能乡村振兴。,"江苏省,花海,民宿"
一季度江苏口岸超118万人次出入境,https://news.sina.com.cn/c/2025-04-05/doc-inesahzv0898098.shtml,2025-04-05 07:42:00,江苏出入境边防检查总站最新统计显示，今年1—3月，全省口岸累计出入境人员118.6万人次，其中旅客量达98.3万，同比分别增长9.4%和10.5%；出入境交通运输工具突破1...,"江苏省,南京市"
“对等关税”成为美股最大的利空！ 2天暴跌47万亿人民币！,https://news.sina.com.cn/c/2025-04-05/doc-inesaiaa3885594.shtml,2025-04-05 07:23:00,“对等关税”，成为美股最大的利空！ 在中国反制措施公布后，美股继续全线暴跌，截至美东时间4月4日收盘，道指暴跌超2200点，跌幅达5.50%；纳指暴跌5.82%...,"美股,特朗普,美国"
又一地方金融局局长被查！曾掌舵这家头部农商行,https://news.sina.com.cn/c/2025-04-05/doc-inesaiaa3885591.shtml,2025-04-05 07:23:00,又一地方金融管理局局长落马！ 据成都市纪委监委消息，成都市委金融办常务副主任、市委金融工委常务副书记兼市地方金融管理局局长梁其洲涉嫌严重违纪违法...,"管理局,严重违纪,成都市"
光明日报刊文：以“对等”之名行保护之实，多边秩序面临重大挑战,https://news.sina.com.cn/c/2025-04-05/doc-inesaiaa3882982.shtml,2025-04-05 07:09:00,4月2日，美国总统特朗普援引1977年《国际紧急经济权力法》签署行政令，以应对巨大且持续的贸易逆差所造成的国家紧急状态为名，宣布实施“对等关税”。,
近观“两山”丨写好绿色答卷，总书记强调三个“更加注重”,https://news.sina.com.cn/c/xl/2025-04-05/doc-inesatru6503318.shtml,2025-04-05 07:00:00,北京市丰台区永定河畔，春意盎然。铲土造坑、培土围堰、提水浇灌……4月3日，习近平总书记再次同干部群众一起参加义务植树。总书记接连种下油松、金枝槐、美人梅、车梁木,
人民日报钟声：贸易战没有赢家，保护主义不是出路,https://news.sina.com.cn/c/2025-04-05/doc-inesaiaa3878827.shtml,2025-04-05 06:43:00,当地时间4月2日，美国政府宣布对所有贸易伙伴加征10%的“最低基准关税”，并对部分国家征收更高关税。这一不知所云的所谓“对等关税”，是赤裸裸的单边贸易保护主义政策...,"中美,关税,人民日报"
约满、限流！有人抓狂：5个小时动了800米,https://news.sina.com.cn/c/2025-04-05/doc-inesaatz0003435.shtml,2025-04-05 06:33:00,昨天 清明假期第一天 你堵车了吗？ 话题#车车车车你车车车车# 冲上了小红书热搜 多个景区已发出约满提示 “今天有一亿人吧” 昨天（4月4日）...,景区
中央气象台继续发布大风蓝色预警 局地可达9级以上,https://news.sina.com.cn/c/2025-04-05/doc-inesaatx1018181.shtml,2025-04-05 06:24:00,中央气象台4月5日06时继续发布大风蓝色预警： 预计，4月5日08时至6日08时，新疆北部和东部、甘肃西部、青海中西部、西藏北部、内蒙古西部和东部、河北北部、辽东半岛...,"中央气象台,大风,阵风"
一季度A股新股中制造业企业数量同比提升20%,https://news.sina.com.cn/c/2025-04-05/doc-inesaaue4006283.shtml,2025-04-05 05:56:00,一季度，A股新股市场稳定发展，新上市公司中，制造业企业数量同比提升。 德勤中国研究数据显示，一季度，A股共有27只新股上市，募集资金规模达163亿元。,"金正恩,朝鲜人民军,朝鲜劳动党"
反腐深入舞蹈领域：冯双白、罗斌、韦立同日落马,https://news.sina.com.cn/c/2025-04-05/doc-inesapiu9803336.shtml,2025-04-05 05:00:00,中国文联舞蹈艺术中心艺术交流处副处长韦立涉嫌严重违纪违法，目前正接受中央纪委国家监委驻中央宣传部纪检监察组纪律审查和安徽省马鞍山市监察委员会监察调查。,
带伤作战，郑钦文0-2亚历山德洛娃止步8强，泥地13连胜遭终结,https://news.sina.com.cn/o/2025-04-05/doc-inerzwnc0068482.shtml,2025-04-05 02:35:00,来源：直播吧  直播吧04月05日讯 WTA500查尔斯顿站女单1/4决赛，郑钦文带伤作战0-2不敌亚历山德洛娃，生涯3次交手全败。郑钦文泥地13连胜遭终结。,
字节跳动：与美政府未达成任何协议 双方在很多关键问题上仍存分歧,https://news.sina.com.cn/c/2025-04-05/doc-inerzwmz1114162.shtml,2025-04-05 02:31:00,来源：财联社 财联社4月5日电，字节跳动发布公告称，字节跳动公司尚在与美政府商谈之中，未达成任何协议，双方在很多关键问题上仍存分歧。,
中国治理大气，反而加剧全球变暖？实情匪夷所思！,https://news.sina.com.cn/c/2025-04-05/doc-inesahzv0899728.shtml,2025-04-05 00:54:00,近日，英国《新科学家》杂志刊登了一篇文章，引起了中国以及许多外国网民的不满和吐槽。因为这篇文章的标题居然宣称中国对空气污染的治理，反而在导致全球变暖。,"全球变暖,气候变化,中国"
“甲亢哥”游香港，亲自上阵“打小人”,https://news.sina.com.cn/c/2025-04-04/doc-inerzmwf1321124.shtml,2025-04-04 21:35:00,4月4日，在海外视频平台YouTube坐拥3800万粉丝的美国网红“甲亢哥”（IShowSpeed）亮相香港，随即开启一整天的“特种兵式”旅行。,
蒯曼3-1金娜英晋级仁川冠军赛女单8强，将战张本美和,https://news.sina.com.cn/c/2025-04-04/doc-inerzmwk7022911.shtml,2025-04-04 21:34:00,直播吧4月4日讯WTT仁川冠军赛，蒯曼晋级女单8强。仁川冠军赛女单1/8决赛，蒯曼对阵金娜英，蒯曼最终3-1【11-7、12-14、11-7、11-5】击败对手,
中国舞蹈家协会主席冯双白接受审查调查,https://news.sina.com.cn/c/2025-04-04/doc-inerzfqn7149917.shtml,2025-04-04 21:03:00,中央纪委国家监委网站4月4日通报，据中央纪委国家监委驻中央宣传部纪检监察组、安徽省纪委监委消息：中国舞蹈家协会主席冯双白涉嫌严重违纪违法，目前正接受中央纪委国家,
中国一汽2025年首季销量成绩亮眼 整车销量超76万辆,https://news.sina.com.cn/c/2025-04-08/doc-inesnnhq4705056.shtml,2025-04-04 21:01:00,近日，从中国一汽获悉，1至3月，中国一汽整车销量达76.2万辆，同比增长2.5%。其中，自主品牌销量22.3万辆，同比增长7.4%；自主新能源销量5.9万辆，同比增长152%...,"中国一汽,红旗"
中船集团喜迎首季经营业绩“开门红”,https://news.sina.com.cn/c/2025-04-08/doc-inesnnhq4703712.shtml,2025-04-04 21:00:00,一季度，中国船舶集团有限公司营业收入同比增长4%，利润总额同比增长26.6%，营收利润率同比提高1.4个百分点，民品产业新接合同金额同比增长13.7%。,"中船集团,中国船舶,利润率"
“玲龙一号”全球首堆首台主泵成功验收发运,https://news.sina.com.cn/c/2025-04-08/doc-inesnnhi6690253.shtml,2025-04-04 21:00:00,近日，由哈电集团动装公司研制的“玲龙一号”全球首堆首台主泵完成验收工作，从哈尔滨发运，标志着“玲龙一号”取得又一重要突破，对扩展核能应用领域...,哈电集团
碳减排超4000吨！“海葵一号”再添“混合动力心脏”,https://news.sina.com.cn/c/2025-04-08/doc-inesnnhm3464172.shtml,2025-04-04 21:00:00,随着操作员按下启动键，亚洲首艘圆筒型FPSO（浮式生产储卸油装置）“海葵一号”搭载的双燃料发电机组成功并网运行，这是我国首个深水油田二次开发项目在能源综合利用领域取得...,发电机组
中国节能光伏治沙项目全面开工 助力三北工程攻坚战,https://news.sina.com.cn/c/2025-04-08/doc-inesnnhh0254141.shtml,2025-04-04 21:00:00,近日，中国节能所属太阳能公司达拉特旗50万千瓦光伏治沙一体化项目全面开工，该项目为“三北”工程攻坚战重点项目，采用“光伏+治沙”模式，同步开展5.1万亩异地防沙治沙工程。,"中国,攻坚战"
国内最大货物滚装船交付,https://news.sina.com.cn/c/2025-04-08/doc-inesnnhq4703067.shtml,2025-04-04 21:00:00,近日，招商局集团旗下招商工业为意大利船东生产的货物滚装船顺利交付。该船是目前国内船厂建造的最大货物滚装船。据悉，该船总长238米，型宽34米...,
累计超360万小时 东方电气“AI+光伏”点亮乌兹别克斯坦万家灯火,https://news.sina.com.cn/c/2025-04-08/doc-inesnnhh0254056.shtml,2025-04-04 21:00:00,踏入四月，东方电气集团所属东方国际在乌兹别克斯坦撒马尔罕光伏电站投运的450余名AI清扫机器人昼夜不停地工作。撒马尔罕光伏电站覆盖约450万平方米的土地...,"AI,机器人,光伏电站"
宁夏新型储能并网规模超500万千瓦,https://news.sina.com.cn/c/2025-04-08/doc-inesnnhh0254085.shtml,2025-04-04 21:00:00,近日，从国家电网获悉，宁夏新型储能并网规模超过500万千瓦，达到511.4万千瓦，比去年同期增长44.87%。近年来，宁夏加大新能源开发力度...,"宁夏,新能源,电网"
海关总署回应暂停美国6家企业产品输华：符合中国法律法规和国际通行做法,https://news.sina.com.cn/c/2025-04-04/doc-inerzfqq4430549.shtml,2025-04-04 20:47:00,【#海关总署回应暂停美国6家企业产品输华#：符合中国法律法规和国际通行做法】海关总署4日发布公告，暂停美国2家禽肉企业产品输华和4家企业高粱及禽肉骨粉产品输华资,
【新思想引领新征程】共植新绿 建设美丽中国,https://news.sina.com.cn/c/xl/2025-04-04/doc-inerzfqi1435796.shtml,2025-04-04 20:35:00,央视新闻客户端消息（新闻联播）：习近平总书记指出，增绿就是增优势，植树就是植未来，要一茬接着一茬种，一代接着一代干，不断增厚我们的“绿色家底”。,
AI微视频｜家国永念 爱我中华,https://news.sina.com.cn/c/xl/2025-04-04/doc-inerzfqn7136537.shtml,2025-04-04 20:32:00,山河凝望处，英魂永驻时。八十年前，抗日先烈们以血肉之躯抵挡枪林弹雨，换得今日山河无恙、家国安宁。清明时节，铭记历史，传承爱国主义精神。,
学习进行时丨永远铭记烈士们的牺牲和奉献,https://news.sina.com.cn/c/xl/2025-04-04/doc-inerzfqi1434843.shtml,2025-04-04 20:31:00,[学习进行时]“天地英雄气，千秋尚凛然。”清明时节，人们更加深切缅怀那些为民族独立解放、国家繁荣富强作出牺牲和奉献的英雄先烈们。英雄是民族最闪亮的坐标。,
中国驻美使馆：坚决反对美方加征所谓“对等关税”,https://news.sina.com.cn/c/2025-04-04/doc-inerzfqq4423306.shtml,2025-04-04 20:22:00,#我驻美使馆回应美加征所谓对等关税#【中国驻美使馆：坚决反对美方加征所谓“对等关税”】新华社华盛顿4月4日电（记者颜亮）中国驻美国大使馆发言人3日就美方宣布加征,
商务部连发5条答记者问，回应起诉美国“对等关税”等,https://news.sina.com.cn/c/2025-04-04/doc-inerzfqm0362450.shtml,2025-04-04 20:19:00,红星资本局4月4日消息，今日下午，商务部官网接连发布5条新闻发言人答问。图据视觉中国 商务部新闻发言人就中方在世贸组织起诉美“对等关税”措施答记者问 问：据悉...,"商务部,中国,关税"
杜邦中国集团有限公司涉嫌违反反垄断法 市场监管总局依法决定立案调查,https://news.sina.com.cn/c/2025-04-04/doc-inerzfqi1427102.shtml,2025-04-04 20:01:00,【杜邦中国集团有限公司涉嫌违反反垄断法市场监管总局依法决定立案调查】#中方立案调查杜邦中国集团##中方公布对美关税反制系列措施#因杜邦中国集团有限公司涉嫌违反《,
海关总署进出口食品安全局负责人就暂停美国2家禽肉企业输华资质问题答记者问,https://news.sina.com.cn/c/2025-04-04/doc-inerzfqi1422281.shtml,2025-04-04 19:39:00,来源：央视网央视网消息：据“海关发布”公众号消息，4月4日，海关总署进出口食品安全局负责人就暂停美国2家禽肉企业产品输华作解答： 近期...,"海关总署,美国,海关"
山西沁源平遥交界处发生山火 抢险工作正在进行,https://news.sina.com.cn/c/2025-04-04/doc-inerzfqq4414346.shtml,2025-04-04 19:35:00,今天（4月4日）中午12时左右，山西省沁源县、平遥县交界处发生山火，目前灭火扑救工作正在紧张进行。记者在扑救现场了解到，由于现场风力较大，给救援工作带来一定困难。,"山火,扑救,山西省"
中方出手连环反制 美指期货应声下跌超千点,https://news.sina.com.cn/c/2025-04-04/doc-ineryzhq7240703.shtml,2025-04-04 19:00:00,今天（4月4日），国务院关税税则委员会、商务部、海关总署接连发布多项对美反制措施。 中方出手连环反制，美指期货应声下跌超千点。,"商务部,中国,国务院"
海关总署公告2025年第55号 关于暂停美国2家禽肉企业产品输华的公告,https://news.sina.com.cn/c/2025-04-04/doc-ineryzhs4530382.shtml,2025-04-04 18:45:00,来源：央视网海关总署公告2025年第55号关于暂停美国2家禽肉企业产品输华的公告 近期，中国海关在进口的美国鸡肉产品中多次检出我国法定禁用药物呋喃西林...,"海关总署,禽肉,美国"
海关总署公告2025年第54号 关于暂停美国3家企业禽肉骨粉输华资质的公告,https://news.sina.com.cn/c/2025-04-04/doc-ineryzhs4529188.shtml,2025-04-04 18:43:00,来源：央视网海关总署公告2025年第54号关于暂停美国C&D (USA) INC.企业高粱和American Proteins inc.等3家企业禽肉骨粉输华资质的公告 近期...,"海关总署,禽肉,美国"
专家解读预包装食品新规：“0糖”合法，可在食品标签中正常使用,https://news.sina.com.cn/c/2025-04-04/doc-ineryzhs4524494.shtml,2025-04-04 18:35:00,“零添加”将成为预包装食品饮料行业的历史，而此前因健康需求诞生的“0糖”不受影响。国家卫生健康委会同国家市场监督管理总局发布新修订的《食品安全国家标准...,
中国对美商品加征34%关税 将11家美国企业列入不可靠实体清单,https://news.sina.com.cn/c/2025-04-04/doc-ineryzhq7231428.shtml,2025-04-04 18:31:00,中方在世贸组织起诉美“对等关税”措施商务部新闻发言人就中方在世贸组织起诉美“对等关税”措施答记者问。问：据悉，中国在世贸组织就美国对华产品加征“对等关税”措施提,
商务部贸易救济调查局负责人就对原产于美国、印度的进口相关医用CT球管发起反倾销调查答记者问,https://news.sina.com.cn/c/2025-04-04/doc-ineryzhs4523985.shtml,2025-04-04 18:28:00,来源：央视网央视网消息：商务部贸易救济调查局负责人就对原产于美国、印度的进口相关医用CT球管发起反倾销调查答记者问。  问：我们关注到商务部对原产于美国...,
商务部就中方在世贸组织起诉美“对等关税”措施答记者问,https://news.sina.com.cn/c/2025-04-04/doc-ineryzhp0459752.shtml,2025-04-04 18:21:00,来源：央视网央视网消息：据商务部网站消息，商务部新闻发言人就中方在世贸组织起诉美“对等关税”措施答记者问。 问：据悉，中国在世贸组织就美国对华产品加征“对等关税”措...,"商务部,世贸组织,中国"
商务部就对中重稀土相关物项实施出口管制应询答记者问,https://news.sina.com.cn/c/2025-04-04/doc-ineryzhs4521235.shtml,2025-04-04 18:17:00,来源：央视网央视网消息：据商务部网站消息，商务部新闻发言人就对中重稀土相关物项实施出口管制应询答记者问。 问：4月4日，商务部、海关总署发布公告...,"商务部,中国"
商务部就将16家美国实体列入出口管制管控名单答记者问,https://news.sina.com.cn/c/2025-04-04/doc-ineryzhm1530790.shtml,2025-04-04 18:15:00,来源：央视网央视网消息：据商务部网站消息，商务部新闻发言人就将16家美国实体列入出口管制管控名单答记者问。 问：2025年4月4日...,"商务部,美国"
国务院关税税则委员会公布公告对原产于美国的所有进口商品加征关税,https://news.sina.com.cn/c/2025-04-04/doc-ineryzhm1527853.shtml,2025-04-04 18:14:00,来源：央视网央视网消息：据国务院关税税则委员会办公室，2025年4月2日，美国政府宣布对中国输美商品征收“对等关税”。美方做法不符合国际贸易规则...,"国务院,关税,美国"
国务院关税税则委员会关于对原产于美国的进口商品加征关税的公告,https://news.sina.com.cn/c/2025-04-04/doc-ineryzhs4518286.shtml,2025-04-04 18:14:00,来源：央视网国务院关税税则委员会关于对原产于美国的进口商品加征关税的公告税委会公告2025年第4号 2025年4月2日，美国政府宣布对中国输美商品征收“对等关税”。,"国务院,关税,美国"
海关总署暂停6家美国企业产品输华资质,https://news.sina.com.cn/c/2025-04-04/doc-ineryzhs4518469.shtml,2025-04-04 18:13:00,海关总署今天（4月4日）发布第54号和第55号公告，为保护中国消费者健康，保障中国畜牧业生产安全，由于相关进口产品存在检验检疫问题，决定暂停1家美国涉事企业高粱,新冠肺炎
商务部就对进口医用CT球管发起产业竞争力调查答记者问,https://news.sina.com.cn/c/2025-04-04/doc-ineryzhm1529460.shtml,2025-04-04 18:13:00,来源：央视网央视网消息：据商务部网站消息，商务部新闻发言人就对进口医用CT球管发起产业竞争力调查答记者问。有记者问：我们关注到商务部网站发布公告...,"商务部,竞争力,央视网"
商务部：将斯凯迪奥公司等11家美国企业列入不可靠实体清单,https://news.sina.com.cn/c/2025-04-04/doc-ineryzhq7226567.shtml,2025-04-04 18:11:00,商务部4月4日发布不可靠实体清单工作机制关于将斯凯迪奥公司等11家美国企业列入不可靠实体清单的公告。为维护国家主权、安全和发展利益，根据《中华人民共和国对外贸易,
商务部就将11家美国企业列入不可靠实体清单答记者问,https://news.sina.com.cn/c/2025-04-04/doc-ineryzhs4519894.shtml,2025-04-04 18:10:00,来源：央视网央视网消息：据商务部网站消息，商务部新闻发言人就将11家美国企业列入不可靠实体清单答记者问。 问：此次，中方再次启用“不可靠实体清单”对11家涉台军售企业...,"商务部,中国"
商务部对原产于美国、印度的进口相关医用CT球管发起反倾销调查,https://news.sina.com.cn/c/2025-04-04/doc-ineryzhq7227244.shtml,2025-04-04 18:09:00,商务部贸易救济调查局负责人就对原产于美国、印度的进口相关医用CT球管发起反倾销调查答记者问。问：我们关注到商务部对原产于美国、印度的进口相关医用CT球管发起了反,
国务院批准：对原产美国的所有商品加征34%关税,https://news.sina.com.cn/c/2025-04-04/doc-ineryzhp0449177.shtml,2025-04-04 18:04:00,国务院关税税则委员会4月4日发布公告，2025年4月2日，美国政府宣布对中国输美商品征收“对等关税”。美方做法不符合国际贸易规则，严重损害中方的正当合法权益，是,
商务部：中国在WTO就美国对华产品加征“对等关税”措施提起诉讼,https://news.sina.com.cn/c/2025-04-04/doc-ineryzhs4521110.shtml,2025-04-04 18:00:00,商务部新闻发言人就中方在世贸组织起诉美“对等关税”措施答记者问。 问：据悉，中国在世贸组织就美国对华产品加征“对等关税”措施提起诉讼。能否请您介绍具体情况？,"商务部,关税,世贸组织"
3月中国物流业景气指数51.5% 供应链上下游加速恢复,https://news.sina.com.cn/c/2025-04-04/doc-ineryzhm1524993.shtml,2025-04-04 17:47:00,中国物流与采购联合会今天（3日）公布3月份中国物流业景气指数。在需求普遍回升的带动下，物流业景气水平明显改善，指数重回扩张区间，供应链上下游加快恢复...,"中国物流业,中西部,物流"
健康讲座带货？国家卫健委提示不要轻信,https://news.sina.com.cn/c/2025-04-04/doc-ineryzhq7216487.shtml,2025-04-04 17:33:00,国家卫生健康委新闻发言人、宣传司副司长胡强强日前提示，经常在线上社交平台或线下举办的所谓“健康讲座”“知识分享”等，过程中掺杂商品介绍和推销，或者引导公众添加私信...,"卫健委,新冠肺炎"
江苏、上海等地惊现“火球”，不少人拍到了！专家发声,https://news.sina.com.cn/zx/2025-04-05/doc-inesaiaa3888595.shtml,2025-04-04 17:19:00,来源：江苏新闻4月3日晚上海、江苏、浙江多地网友共同目击一颗闪耀的火球划过天空不少网友都记录下了这一转瞬即逝的壮丽景象社交平台上大家纷纷晒出了视频与照片有网友表,
今年第一季度见义勇为勇士榜公布,https://news.sina.com.cn/c/2025-04-04/doc-ineryzhq7213246.shtml,2025-04-04 17:16:00,新京报讯据高检网消息，近日，中央政法委在京发布2025年第一季度见义勇为勇士榜。根据网络关注度和各地各单位推荐意见进行综合评审，共有56位见义勇为勇士光荣上榜。,"见义勇为,勇士"
看图学习丨绿化祖国 总书记强调“提质”“兴业”“利民”,https://news.sina.com.cn/c/xl/2025-04-06/doc-inesfies2406690.shtml,2025-04-04 17:01:00,植树造林是生态文明建设重要一环。4月3日，习近平总书记参加首都义务植树活动。在植树现场，总书记高度肯定国土绿化工作取得来之不易的成绩，强调绿化祖国必须坚持“三绿,
习语丨这件“很有意义的事”，总书记说要“一代接着一代干下去”,https://news.sina.com.cn/c/xl/2025-04-06/doc-inesfiev5503188.shtml,2025-04-04 16:43:00,“植树造林是一件很有意义的事情，是一项功在当代、利在千秋的崇高事业，要一以贯之、持续做下去。”自2013年以来的13个春天里，无论晴雨，习近平总书记都会拿起铁锹,
中国驻塞使馆开展清明祭扫活动,https://news.sina.com.cn/c/2025-04-04/doc-ineryzhp0444537.shtml,2025-04-04 16:39:00,当地时间4月4日，中国驻塞尔维亚使馆在中国驻南斯拉夫联盟大使馆旧址纪念碑前举行悼念活动，缅怀在1999年北约轰炸中牺牲的邵云环、许杏虎和朱颖3位烈士。中国驻塞尔,
从“无名”到“有名” 8位志愿军烈士身份确认,https://news.sina.com.cn/c/2025-04-04/doc-ineryuyr0559575.shtml,2025-04-04 16:20:00,今天（4日），记者从退役军人事务部获悉，在韩中国人民志愿军烈士遗骸鉴定有了新进展，8位志愿军烈士得以确认身份，从“无名”到“有名”，从“回国”到“回家”。,"烈士,志愿军,退役军人事务部"
玉渊谭天丨“对等”关税，拯救不了美国,https://news.sina.com.cn/c/2025-04-04/doc-ineryuyp1617127.shtml,2025-04-04 15:31:00,这两天，美股在美国政府宣布征收“对等”关税后，创下了2020年以来的最大跌幅：道琼斯指数下跌近4%标普500指数下跌近5%科技股占比较高的纳斯达克指数下跌近6% 除此之外...,"美国,关税,印度"
一见·再植绿，总书记关注的三个关键词,https://news.sina.com.cn/c/xl/2025-04-06/doc-ineseshy2719846.shtml,2025-04-04 15:28:00,春日有约，植绿正当时。4月3日，习近平总书记来到北京市丰台区永定河畔，同干部群众一起参加首都义务植树。点击查看原图油松、金枝槐、美人梅、车梁木、杜仲、元宝枫……,
微视频｜植树就是植未来,https://news.sina.com.cn/c/xl/2025-04-04/doc-ineryuyu4600636.shtml,2025-04-04 15:10:00,人勤春来早，植绿正当时。党的十八大以来，习近平总书记每年都会身体力行，参加首都义务植树活动。一锹锹土，种下的是树苗，也是祖国的美好未来；一桶桶水，浇灌的是土壤...,
中国驻朝鲜大使一行在志愿军烈士墓高唱国歌,https://news.sina.com.cn/c/2025-04-04/doc-ineryuyp1612197.shtml,2025-04-04 15:06:00,编辑丨董鑫今年是中国人民志愿军抗美援朝出国作战75周年。据中国驻朝鲜大使馆消息，在清明节即将到来之际，中国驻朝鲜大使王亚军率中国驻朝鲜使馆、驻清津总领馆全体馆员,
第一观察｜信中读悟英雄气,https://news.sina.com.cn/c/xl/2025-04-04/doc-ineryuys7309133.shtml,2025-04-04 15:05:00,棠梨花映白杨树，听风听雨过清明。今天是清明节，是祭奠故人、慎终追远的日子，也是缅怀英烈、山河同念的日子。 今天这个特殊的日子，不由让人想起这样一封信。,
不敌沙特暴露国少队备战问题，次战乌兹别克斯坦已没有退路,https://news.sina.com.cn/c/2025-04-04/doc-ineryqsw4720336.shtml,2025-04-04 14:25:00,北京时间4日凌晨，U17亚洲杯A组首轮，中国队1比2不敌东道主沙特，对于志在打入世青赛的中国队来说，首战输球后已经没有退路可言。,"国少队,乌兹别克斯坦,中国队"
中国汽车工业协会：希望美方能够倾听产业界呼声，及时纠正错误行为,https://news.sina.com.cn/c/2025-04-04/doc-ineryqsr1718276.shtml,2025-04-04 13:29:00,来源：央视网央视网消息：据中国汽车工业协会网站消息，近日，美国总统特朗普签署公告，宣布对进口汽车及部分零部件加征25%关税。,美国
郑钦文距离2025首冠有多远？得先闯过这个8强阵,https://news.sina.com.cn/c/2025-04-04/doc-ineryqsw4705974.shtml,2025-04-04 12:39:00,极目新闻记者 陈凌燕 郑钦文（新华社资料图） 北京时间4月4日上午，WTA500查尔斯顿站单打8强全部出炉。 跻身8强的郑钦文，能在这一站迎来自己的2025年首冠吗？,"郑钦文,佩古拉,柯林斯"
第1视点｜植树造林 为美丽中国贡献力量,https://news.sina.com.cn/c/xl/2025-04-04/doc-inerykkv0759482.shtml,2025-04-04 11:53:00,4月3日上午，中共中央总书记、国家主席、中央军委主席习近平在参加首都义务植树活动时强调，植树造林是生态文明建设重要一环。各地区各部门要进一步行动起来，动员组织广,
【央视快评】让祖国大地更加绿意盎然生机勃发,https://news.sina.com.cn/c/xl/2025-04-04/doc-inerykkv0759124.shtml,2025-04-04 11:51:00,“各地区各部门要进一步行动起来，动员组织广大干部群众积极参与造林绿化，践行绿色发展理念，弘扬生态文化，汇聚共建美丽中国的磅礴力量，让祖国大地更加绿意盎然...,
时政微视频丨丰碑永存,https://news.sina.com.cn/c/xl/2025-04-04/doc-inerykkt1824723.shtml,2025-04-04 11:49:00,清明雨落，山河肃穆。 每一个闪光的名字，都是永不褪色的精神坐标；每一段英雄故事，都在血脉中代代相传。 党的十八大以来，习近平总书记身体力行...,
缅甸强震已造成5名中国公民遇难,https://news.sina.com.cn/c/2025-04-04/doc-inerykkv0754374.shtml,2025-04-04 11:26:00,总台记者从中国驻缅甸使馆方面获悉，截至4月4日上午北京时间11点，在缅甸地震中，中国公民累计5人遇难，13人受伤。（总台记者王建兵）©2025中央广播电视总台版,
家国永念丨血火淬炼十四载 铸就不朽民族丰碑,https://news.sina.com.cn/c/xl/2025-04-04/doc-inerzfqi1433525.shtml,2025-04-04 11:23:00,今年是中国人民抗日战争 暨世界反法西斯战争胜利80周年 回望那段硝烟弥漫的岁月 中国人民同世界人民一道 以顽强的意志和英勇的斗争 彻底打败了法西斯主义...,
害人害己！坚决反对！美方取消小额包裹免税，中方多协会严正声明,https://news.sina.com.cn/c/2025-04-04/doc-inerykkw7512991.shtml,2025-04-04 10:31:00,据央视新闻消息，从3日晚间开始，针对美国取消从中国大陆和香港进口的800美元以下小额包裹免税待遇，中方多个协会陆续发布严正声明，表示坚决反对和强烈谴责。,"中国,美国"
家国永念丨不忘来时路,https://news.sina.com.cn/c/xl/2025-04-05/doc-inesahzw9902322.shtml,2025-04-04 10:00:00,梨花风起正清明，慎终追远寄哀思。河北唐山，大钊路经过青春广场通向富强街；湖南娄底，蔡和森大道走向复兴街；安徽合肥，延乔路与集贤路最终通往繁华大道……英烈闪亮的名,
哈尔滨市公安局回应美网络攻击,https://news.sina.com.cn/c/2025-04-04/doc-ineryeav1919522.shtml,2025-04-04 09:49:00,中国国家计算机病毒应急处理中心和计算机病毒防治技术国家工程实验室3日发布了一份网络攻击情况监测分析报告。 报告披露，哈尔滨第九届亚冬会期间...,
美终止小额包裹免税政策 中国纺织工业联合会：这种损人不利己的行为不可理喻,https://news.sina.com.cn/c/2025-04-04/doc-ineryeav1923649.shtml,2025-04-04 09:31:00,来源：央视网央视网消息：4月3日，中国纺织工业联合会发布声明： 4月2日（美国当地时间），特朗普政府签署行政令，将取消从中国内地和中国香港进口的小额包裹免税待遇。,"纺织,中国,美国"
美终止小额包裹免税政策 中国轻工业联合会：严重关切、坚决反对,https://news.sina.com.cn/c/2025-04-04/doc-ineryeax0855675.shtml,2025-04-04 09:25:00,来源：央视网央视网消息：4月3日，中国轻工业联合会发布声明： 4月2日（美国当地时间），美国政府宣布将于5月2日终止对来自中国大陆和香港800美元以下小额包裹的免税政策。...,"中国,美国"
【家国永念】温故丨“天地英雄气，千秋尚凛然”,https://news.sina.com.cn/c/xl/2025-04-06/doc-ineseshs9729688.shtml,2025-04-04 09:00:00,"Themediacouldnotbeloaded,eitherbecausetheserverornetworkfailedorbecausetheformat",
贯彻落实中央纪委四次全会精神 让基层干部有更多时间精力服务群众,https://news.sina.com.cn/c/2025-04-04/doc-ineryeav1905555.shtml,2025-04-04 08:46:00,凝聚监督合力 推进系统施治让基层干部有更多时间精力服务群众二十届中央纪委四次全会对“持续增强基层干部群众减负获得感”作出部署。,"基层干部,中央纪委,全会"
中国轻工业联合会回应美方取消小额包裹免税：害人害己！,https://news.sina.com.cn/c/2025-04-04/doc-ineryeca4893010.shtml,2025-04-04 08:44:00,4月2日（美国当地时间），美国政府宣布将于5月2日终止对来自中国大陆和香港800美元以下小额包裹的免税政策。美国这一行为，粗暴破坏了中美正常贸易秩序...,
这个清明要“清明”——“清”除歪风，“明”辨底线,https://news.sina.com.cn/c/2025-04-04/doc-ineryeay7632386.shtml,2025-04-04 08:30:00,（设计制作 朱红霞 康梦嘉）,
清明假期首日北方干燥多风需防火 南方多地雨纷纷出行防滑,https://news.sina.com.cn/c/2025-04-04/doc-ineryeav1902660.shtml,2025-04-04 08:25:00,央视网消息：据中国天气网消息，今天（4月4日）进入清明假期，假期前两日弱冷空气来扰，北方部分地区气温下降，并伴有大风，天气干燥，需注意防火。,"气温,清明,干燥"
诗说廉语 | 满街杨柳景清明,https://news.sina.com.cn/c/2025-04-04/doc-ineryeca4908686.shtml,2025-04-04 08:25:00,清明节，如今在人们的印象中更多的是个祭祖扫墓、缅怀先烈的日子，但在古代却更多的是个“娱乐节”。清明与它前面紧连的寒食节都在公历4月5日前后，正是气清景明...,杨童舒
家国永念｜致敬“闪亮的坐标”,https://news.sina.com.cn/c/xl/2025-04-04/doc-ineryeax0837370.shtml,2025-04-04 08:23:00,清明时节，细雨纷纷，英雄不朽，家国永念。无数为国解难、为国尽责的英雄模范们，如同璀璨的星辰，照亮了中华民族前行的道路。习近平总书记指出，“英雄是民族最闪亮的坐标,
壹视界·任仲平文章解读丨以优良的党风带动民风社风,https://news.sina.com.cn/c/xl/2025-04-04/doc-ineryeay7611834.shtml,2025-04-04 08:22:00,党风正则民风淳。习近平总书记强调：“以优良的党风带动民风社风，倡导时代新风。” 领导干部的一篇讲话、一次活动，一项决策、一个部署，甚至一餐饭、一杯酒...,
【讲习所】“我们都要永远铭记他们的牺牲和奉献”,https://news.sina.com.cn/c/xl/2025-04-06/doc-ineseshs9729681.shtml,2025-04-04 08:06:00,【本期导读】中共十八大以来，习近平总书记致敬英雄的足迹遍布中国及境外多个国家和地区，从东风革命烈士陵园到雷锋纪念馆，从援坦中国专家公墓到中朝友谊塔……一次次敬献,
江苏发布专精特新企业上市培育三年行动方案 遴选500家企业进入上市后备企业库,https://news.sina.com.cn/c/2025-04-04/doc-inerxxve5006682.shtml,2025-04-04 07:52:00,江苏省工业和信息化厅印发《江苏省专精特新企业上市培育三年行动方案（2025~2027）》。方案提出，到2027年末，遴选500家企业进入上市后备企业库...,"挂牌,江苏省"
广西壮族自治区党委书记：让能干事、干成事又不出事的干部显山露水！,https://news.sina.com.cn/c/2025-04-04/doc-inerxxux2016649.shtml,2025-04-04 07:51:00,来源：北京青年报 撰文丨高语阳 余晖 4月2日上午，广西壮族自治区党委书记、自治区产业园区发展工作领导小组组长陈刚主持召开专题会议。,
去年4家国有大行个人住房贷款余额下降，7家股份制银行余额增长,https://news.sina.com.cn/c/2025-04-04/doc-inerxxuz0962633.shtml,2025-04-04 07:49:00,2024年“提前还房贷”现象犹在。 澎湃新闻根据已披露的15家大中型银行2024年年报发现，作为按揭贷款发放主力军，国有六大行中的4家（工农中建）个人住房贷款余额减少...,"个人住房贷款,余额,银行"
三大“水电入苏”工程碳减排超6亿吨,https://news.sina.com.cn/c/2025-04-04/doc-inerxxux2014193.shtml,2025-04-04 07:42:00,记者从国网江苏省电力有限公司获悉，三峡—江苏±500千伏龙政直流、锦屏—苏南±800千伏锦苏直流、白鹤滩—江苏±800千伏建苏直流三大“水电入苏”工程累计输送清洁水电已突破7000...,"江苏省,水电,电力"
习语｜“一个有希望的民族不能没有英雄”,https://news.sina.com.cn/c/xl/2025-04-04/doc-ineryuyu4600068.shtml,2025-04-04 07:32:00,“天地英雄气，千秋尚凛然。”一个有希望的民族不能没有英雄，一个有前途的国家不能没有先锋。今日清明，跟着总书记，一起缅怀先辈，致敬英雄。,
聚焦“四高四争先” 加大助企服务力度 确保惠企政策落地见效,https://news.sina.com.cn/c/2025-04-04/doc-inerxxva7729729.shtml,2025-04-04 07:13:00,近日，副省长刘玉江到郑州市、洛阳市进行包保服务重点企业调研，深入了解企业生产经营状况，研究精准化帮扶举措。 3月3日和6日，刘玉江先后到中国河南国际合作集团有限公司...,惠企
过去你们守着国，现在我们守着你,https://news.sina.com.cn/c/xl/2025-04-05/doc-inesatrr0726519.shtml,2025-04-04 07:12:00,2024年9月30日上午，习近平总书记出席烈士纪念日向人民英雄敬献花篮仪式。英雄烈士，在习近平总书记的心中重逾千钧。总书记曾指出，一切民族英雄，都是中华民族的脊,
充分发挥公安机关职能作用 持续提升人民群众安全感和满意度,https://news.sina.com.cn/c/2025-04-04/doc-inerxxuz0955190.shtml,2025-04-04 07:11:00,4月2日，副省长、省公安厅厅长郑海洋到安阳市就警航融合、文物保护、群众身边不正之风和腐败问题集中整治、涉企执法以及矛盾纠纷排查化解等工作进行调研。,"安阳市,河南省,无人机"
全红婵18岁后首秀 跳水世界杯预赛第一晋级决赛,https://news.sina.com.cn/c/2025-04-04/doc-inerxxuz0961353.shtml,2025-04-04 06:48:00,2025跳水世界杯瓜达拉哈拉站女子单人10米台预赛，全红婵表现出色获得第一名，顺利晋级决赛，陈芋汐排名第二。 期待两人在4月6日决赛中的巅峰对决。,"全红婵,跳水世界杯,瓜达拉哈拉"
大风蓝色预警：京津冀等9省区市阵风可达7至9级,https://news.sina.com.cn/c/2025-04-04/doc-ineryeca4893083.shtml,2025-04-04 05:59:00,来源：央视网 央视网消息：中央气象台4月4日06时继续发布大风蓝色预警，预计，4月4日08时至5日08时，内蒙古中东部、陕西北部、山西北部和东部、河北中北部、北京、天津...,"大风,阵风,中央气象台"
精准、全链条打击 网信办重拳整治体育“饭圈”乱象,https://news.sina.com.cn/c/2025-04-04/doc-inerxtnz2124944.shtml,2025-04-04 04:46:00,4月2日，中央网信办公布了依法打击体育“饭圈”问题的成效。通报显示，网信部门会同体育主管部门持续加大对网上体育饭圈问题治理力度，清理违法违规信息160万余条...,
将战塞尔比！丁俊晖10-5胜凯伦-威尔逊，晋级巡回锦标赛4强,https://news.sina.com.cn/2025-04-04/doc-inerxtnz2120052.shtml,2025-04-04 04:25:00,来源：直播吧直播吧04月04日讯 2025斯诺克巡回锦标赛1/4决赛，丁俊晖击败凯伦-威尔逊，晋级四强。第一阶段打出1杆破百，4杆50+，取得7-1领先...,
开门黑！国少1-2沙特 依合散出击滑倒送礼+后防漏人魏祥鑫破门,https://news.sina.com.cn/c/2025-04-04/doc-inerxpff1178856.shtml,2025-04-04 03:13:00,来源：直播吧 直播吧4月4日讯 北京时间4月4日凌晨1时15分，2025年U17亚洲杯小组赛A组第1轮在法赫德国王体育城展开角逐，中国男足U17客场对阵沙特U17。,
我国新突破！给金属材料搭“钢筋骨架” 可大幅提升稳定性,https://news.sina.com.cn/c/2025-04-04/doc-inerxpfk5227183.shtml,2025-04-04 02:00:00,在金属材料的世界里，有一个“不可能三角”规律，即：金属的强度、塑性、稳定性，这三者不可兼得，此消彼长。我国科学家经过多年研究，提出了一种全新的结构设计思路...,科研
哈尔滨亚冬会赛事信息系统遭超27万次境外网络攻击 谁在操纵,https://news.sina.com.cn/c/2025-04-04/doc-inerxpfc2231776.shtml,2025-04-04 01:07:00,中国国家计算机病毒应急处理中心和计算机病毒防治技术国家工程实验室3日发布了一份网络攻击情况监测分析报告。 报告披露，哈尔滨第九届亚冬会期间...,
第一观察·瞬间｜春天，种下未来,https://news.sina.com.cn/c/xl/2025-04-05/doc-inerxhxk8052302.shtml,2025-04-03 23:40:00,春和景明、惠风和畅，又是一年植树好时节。 4月3日，习近平总书记来到北京市丰台区永定河畔，在万物生长的时节，同干部群众一起种下绿色的希望。,"总书记,植树"
绘学习｜总书记的绿色守望,https://news.sina.com.cn/c/xl/2025-04-05/doc-inesaxxp0620895.shtml,2025-04-03 23:32:00,学习使我们永葆活力 天天学习4月3日，2025年清明节的前一天，习近平总书记来到北京市丰台区永定河畔，同干部群众一起参加义务植树。,
神枪手！射击世界杯阿根廷站：中国选手胡凯10米气手枪夺冠,https://news.sina.com.cn/2025-04-04/doc-inerxtph5107869.shtml,2025-04-03 23:16:00,来源：直播吧 直播吧4月3日讯 在刚刚结束的射击世界杯阿根廷站男子10米气手枪决赛中，中国选手胡凯获得冠军。 资格赛排名第二的中国选手胡凯在决赛中一路领先，最终以244...,
实力倒退10年！斯诺克巡回锦标赛：丁俊晖7比1领先凯伦-威尔逊,https://news.sina.com.cn/2025-04-04/doc-inerxtnz2117906.shtml,2025-04-03 23:09:00,来源：直播吧 直播吧4月3日讯 在刚刚结束的斯诺克巡回锦标赛1/4决赛第一阶段中，丁俊晖手感爆棚，7比1领先凯伦-威尔逊结束第一阶段比赛。,
中国快递协会严正声明：反对美方取消对来自中国的低价值进口产品的免税待遇,https://news.sina.com.cn/c/2025-04-03/doc-inerxhxf2340313.shtml,2025-04-03 23:06:00,美国东部时间4月2日，美方宣布取消对来自中国的低价值进口产品的免税待遇，即所谓800美金以下“小包免税”政策。中国快递协会代表中国的邮政、快递企业，对此表示坚决反对。,
时政现场说丨践行绿色使命 奏响生态强音,https://news.sina.com.cn/c/xl/2025-04-04/doc-ineryeay7611839.shtml,2025-04-03 22:58:00,FlashPlayer插件未安装安装插件，如果已经安装请检查是否被禁用undefinedundefined4月3日，习近平等党和国家领导人来到北京市丰台区永定河,
重庆单身母亲直播摆摊救子后续：孩子第三次手术恢复良好,https://news.sina.com.cn/c/2025-04-03/doc-inerxarm1393740.shtml,2025-04-03 22:44:00,4月3日，澎湃新闻（www.thepaper.cn）从林静处获悉，她已于4月1日带着淼淼（化名）从北京返回重庆，等调整、安顿好之后，她将重启此前暂停的烧烤摊生意，以维持家庭生计。,"林静,手术,重庆"
近闻·共赴“绿色之约”，从这些话语读懂一种情怀,https://news.sina.com.cn/c/xl/2025-04-05/doc-inesatrw3716762.shtml,2025-04-03 22:41:00,又是一年植绿时。4月3日上午，习近平总书记来到北京市丰台区永定河畔，同干部群众一起参加义务植树。这是他到中央工作后连续18年参加首都义务植树活动。“生态环境持续,
多名在瑞中国公民遭遇电信诈骗或入室盗窃，中国驻瑞士大使馆提醒,https://news.sina.com.cn/c/2025-04-03/doc-inerxarq5450809.shtml,2025-04-03 22:29:00,中国驻瑞士大使馆4月3日提醒在瑞士中国公民防范电信诈骗、注意财产安全。近期，多名在瑞中国公民向使领馆反映遭遇电信诈骗或入室盗窃。为防止同胞上当受骗、进一步提高财,
时政新闻眼丨参加首都义务植树活动，习近平为何强调这三个关键词？,https://news.sina.com.cn/c/xl/2025-04-04/doc-ineryeca4883038.shtml,2025-04-03 22:27:00,草木蔓发，春山可望。清明前后，我国迎来植树造林的好时节。4月3日上午，习近平总书记来到北京市丰台区，参加首都义务植树活动。在植树现场，总书记总结分析中国的“绿色,
中央批准：王崧任河南省委常委,https://news.sina.com.cn/c/2025-04-03/doc-inerxarq5434769.shtml,2025-04-03 21:43:00,据“河南日报”微信公众号4月3日消息，中共中央批准：王崧同志任河南省委委员、常委。 此前，王崧为中央网络安全和信息化委员会办公室副主任...,"河南省,江西省,安徽省"
缅甸强震已造成4名中国公民遇难,https://news.sina.com.cn/c/2025-04-03/doc-inerxarn8150929.shtml,2025-04-03 21:29:00,当地时间4月3日，总台记者自中国驻缅甸使馆方面获悉，缅甸地震新增一名中国人死亡。目前，在此次缅甸强震中遇难的中国公民人数为4人，受伤中国公民为13人。,"缅甸,中国公民,地震"
长二丁火箭成功发射卫星互联网技术试验卫星,https://news.sina.com.cn/c/2025-04-08/doc-inesnnhq4704416.shtml,2025-04-03 21:02:00,4月1日，长征二号丁运载火箭在酒泉卫星发射中心点火起飞，随后成功将卫星互联网技术试验卫星送入预定轨道，发射任务取得圆满成功。,"卫星,火箭,运载火箭"
日均1748班次！国航2025年夏秋新航季同比增长7.3%,https://news.sina.com.cn/c/2025-04-08/doc-inesnnhh0256001.shtml,2025-04-03 21:02:00,3月30日，国航开始执行2025年夏秋季航班计划。新航季，国航计划执行462条航线，其中国际客运航线113条、地区航线13条、国内航线336条；共通航45个国家及地区...,"北京市,成都市,温州市"
中国一汽打造全场景智能驾驶解决方案 以科技创新赋能智慧出行,https://news.sina.com.cn/c/2025-04-08/doc-inesnnhq4706062.shtml,2025-04-03 21:01:00,在全球汽车产业迈向智能化转型的关键时期，中国一汽以自主创新为引擎，持续推进智能驾驶与智能座舱技术的突破，在近日的红旗品牌智能体验日上...,"中国一汽,智能驾驶"
中国电气装备攻克世界级难题 世界首台超高海拔抽水蓄能成套开关设备研制成功,https://news.sina.com.cn/c/2025-04-08/doc-inesnfyk0376028.shtml,2025-04-03 21:01:00,近日，由中国电气装备所属中国西电西开电气自主研制的超高海拔抽水蓄能用成套开关设备通过全部型式试验，标志着我国在全球高海拔电力装备领域实现重大技术突破。,抽水蓄能
中国石油2024年经营业绩持续增长 油气两大产业链创效能力持续增强,https://news.sina.com.cn/c/2025-04-08/doc-inesnnhi6689995.shtml,2025-04-03 21:01:00,3月30日，中国石油宣布，2024年，该公司积极应对形势变化，持续加大勘探开发力度，深入推进炼化转型升级，不断提升市场营销质量，着力实施提质增效行动...,中国石油
新兴际华集团功能性防护性材料项目建设按下“快进键”,https://news.sina.com.cn/c/2025-04-08/doc-inesnfyk0375945.shtml,2025-04-03 21:01:00,一季度，坚持科技创新，加速培育以上海实验室为引领、多地实验小试基地为支撑的新兴际华特色实验研发体系，突破尼龙66特种纤维、高性能复材等功能性防护性材料研发及产业化...,上海市
4名女性遭武装人员性侵、数人死亡！中使馆紧急提醒,https://news.sina.com.cn/c/2025-04-03/doc-inerxarm1357919.shtml,2025-04-03 20:53:00,中国驻刚果民主共和国大使馆官方微信发布《刚果（金）安全形势通报（2025年4月3日）》： 一、近期重要案件 （一）3月28日夜间，北基伍省戈马市卡里辛比区卡西卡街区发生多...,中使馆
财政部就惠誉下调我主权信用评级有关问题答记者问,https://news.sina.com.cn/c/2025-04-03/doc-inerxarq5409368.shtml,2025-04-03 20:38:00,来源：央视网央视网消息：近日，财政部有关负责同志就惠誉下调我主权信用评级有关问题接受了记者采访。  记者问：4月3日，惠誉发布报告...,"惠誉,中国经济,财政部"
铁路杭州站：沪昆高铁杭州南站附近接触网故障，已处置完毕,https://news.sina.com.cn/c/2025-04-03/doc-inerwwim2542907.shtml,2025-04-03 20:31:00,@铁路杭州站微博消息，4月3日18时11分许，沪昆高铁杭州南站附近接触网突发故障，造成部分列车晚点运行。经铁路部门紧急抢修，故障已于19时15分处置完毕，列车运,
中美两军举行2025年度海上军事安全磋商机制工作小组会,https://news.sina.com.cn/o/2025-04-03/doc-inerwwim2533884.shtml,2025-04-03 20:04:00,新京报讯 据人民海军消息，4月2日至3日，中美两军在上海举行2025年度中美海上军事安全磋商机制工作小组会。双方在平等和尊重的基础上...,"中美,军事安全,磋商"
反对！反制！针对美关税措施 中方多部门密集发声,https://news.sina.com.cn/c/2025-04-03/doc-inerwwip1474138.shtml,2025-04-03 19:55:00,今天（3日） 针对美国宣布的最新关税措施 中方多部门立即表态 将坚决反制！ 外交部：将采取必要措施！ 外交部发言人郭嘉昆在今天的例行记者会上表示：美方打着“对等”的幌子...,"关税,美国,中国"
河南去年出生人口76.2万人，全国“最能生娃”省份排名出炉,https://news.sina.com.cn/c/2025-04-03/doc-inerwwip1473927.shtml,2025-04-03 19:54:00,在出生人口数量方面，广东、河南、山东位居前三。近日各地陆续公布人口数据。3日公布的《2024年河南省国民经济和社会发展统计公报》显示，2024年末全省常住人口9785万人...,"广东省,河南省,浙江省"
【家国永念】习言道 | 习近平强调，不能淡化这个颜色,https://news.sina.com.cn/c/xl/2025-04-05/doc-inesahzv0906462.shtml,2025-04-03 19:51:00,中新网4月3日电题：习近平强调，不能淡化这个颜色“不忘初心，方得始终啊！”“共和国是红色的，不能淡化这个颜色。”2019年全国两会期间，习近平总书记参加政协联组,
学习笔记丨“永远铭记英烈的英雄事迹，世代发扬英烈的英雄精神”,https://news.sina.com.cn/c/xl/2025-04-05/doc-inesahzw9903439.shtml,2025-04-03 19:47:00,宜车陈威威英雄为祖国牺牲和奉献，红色江山来之不易，我们永远铭记，传承下去，振兴中华。四川网友9小时前回复,
小米SU7事故遇难者男友将带女友回家,https://news.sina.com.cn/c/2025-04-03/doc-inerwwip1473671.shtml,2025-04-03 19:11:00,【#小米SU7事故遇难者男友将带女友回家#】#小米SU7事故遇难者男友回应新进展#近日，小米SU7高速公路起火事故致3人遇难，引发社会广泛关注。4月3日下午，@,
国家发改委：美国加征所谓“对等关税”必将害人害己,https://news.sina.com.cn/c/2025-04-03/doc-inerwwis5509099.shtml,2025-04-03 19:11:00,来源：央视网央视网消息：国家发展改革委官微4月3日发文指出，近年来，美国贸易保护主义不断加剧，连续对华加征关税，严重冲击破坏中美经贸关系，影响世界经济稳定运行。,"美国,国家发改委"
国家发改委：美国加征对等关税吃错药,https://news.sina.com.cn/zx/2025-04-03/doc-inerwwip1444941.shtml,2025-04-03 18:35:00,【国家发改委：#美国加征对等关税吃错药#】#国家发改委回应美加征对等关税#国家发改委3日发表署名金轩的文章指出，4月2日，美国政府再次宣布对所有贸易伙伴征收所谓,
省委书记领学，还随机抽点省领导发言,https://news.sina.com.cn/c/2025-04-03/doc-inerwwiq8212044.shtml,2025-04-03 18:20:00,来源：北京青年报 撰文丨高语阳 近日，深入贯彻中央八项规定精神学习教育在各省份铺开，从省委常委班子带头集中学习，到省级领导专题读书班，各省精心谋划、部署推动。,"省委书记,作风建设"
中国贸促会新闻发言人就美方宣布对等关税发表谈话,https://news.sina.com.cn/c/2025-04-03/doc-inerwrzr1563173.shtml,2025-04-03 18:09:00,来源：央视网央视网消息：4月3日，中国贸促会新闻发言人就美方宣布对等关税发表谈话。 美国东部时间4月2日，美方宣布对所有贸易伙伴征收所谓“对等关税”。,"关税,美国,世贸组织"
国家森防指办公室、应急管理部发布高森林火险橙色预警,https://news.sina.com.cn/c/2025-04-03/doc-inerwrzp2618446.shtml,2025-04-03 17:45:00,来源：央视网央视网消息：据应急管理部网站消息，国家森防指办公室、应急管理部发布高森林火险橙色预警： 近10天，华北大部、东北南部、华东北部、西南西部...,
证监会召开深化资本市场投融资综合改革民营科技企业座谈会,https://news.sina.com.cn/c/2025-04-03/doc-inerwrzp2598005.shtml,2025-04-03 17:26:00,为深入贯彻落实党的二十届三中全会、中央经济工作会议和民营企业座谈会精神，进一步全面深化资本市场改革，更好服务科技创新和民营经济高质量发展，近日证监会党委书记、主,
清明节假期期间，北京这些路段易拥堵,https://news.sina.com.cn/c/2025-04-03/doc-inerwrzu5587627.shtml,2025-04-03 17:26:00,新京报讯 据北京交警消息，2025年清明节临近，4月4日（周五）至6日（周日）放假，共3天。假期机动车尾号不限行，高速公路减免小客车通行费用。,"路段,清明节,高速公路"
国足世界排名跌至第94，世界排名创新低,https://news.sina.com.cn/c/2025-04-03/doc-inerwrzs8297356.shtml,2025-04-03 17:03:00,北京时间4月3日，国际足联更新男足世界排名。由于在世预赛18强赛中表现不佳，国足的世界排名下降4位，从此前的第90位下降到第94位...,
市场监管总局（国家标准委）批准发布4项婴童用品国家标准,https://news.sina.com.cn/c/2025-04-03/doc-inerwrzr1543803.shtml,2025-04-03 17:02:00,来源：央视网央视网消息：据国家市场监督管理总局网站消息，近日，市场监管总局（国家标准委）批准发布4项婴童用品国家标准，涉及婴童用品标识设计、游泳运动配套用品...,设计
江泽民故居面向社会公众开放,https://news.sina.com.cn/c/2025-04-03/doc-inerwrzu5563614.shtml,2025-04-03 16:41:00,来源：央视网 新华社北京4月3日电 4月3日，江泽民故居组织参观活动，江泽民亲属和生前身边工作人员代表，江苏省干部群众代表等参加。,"江泽民,江苏省,新华社"
国家金融监管总局发布《关于保险资金未上市企业重大股权投资有关事项的通知》,https://news.sina.com.cn/c/2025-04-03/doc-inerwrzu5559151.shtml,2025-04-03 16:40:00,国家金融监督管理总局发布《关于保险资金未上市企业重大股权投资有关事项的通知》提出，保险机构应当明确发展战略和市场定位，提升投资管理能力，根据国家政策、监管要求审,
江苏省委常委会召开会议 坚决拥护党中央对龙翔涉嫌严重违纪违法进行纪律审查和监察调查的决定,https://news.sina.com.cn/c/2025-04-03/doc-inerwrzu5563524.shtml,2025-04-03 16:37:00,4月3日，省委书记信长星主持召开省委常委会会议，通报龙翔涉嫌严重违纪违法，目前正接受中央纪委国家监委纪律审查和监察调查。与会同志一致表示，坚决拥护党中央决定，坚,
河南发布2025年第1号总林长令 加强清明节、“五一”期间森林防火工作,https://news.sina.com.cn/c/2025-04-03/doc-inerwrzp2564665.shtml,2025-04-03 16:20:00,清明节、“五一”临近，祭祀烧纸、踏青旅游等人为活动将进入高峰期，火灾风险急剧加大。近日，省第一总林长和省总林长共同签发河南省2025年第1号总林长令，要求加强清明节...,"清明节,河南省,森林防火"
家国永念｜他们最大的心愿,https://news.sina.com.cn/zx/2025-04-04/doc-inerykkv0757148.shtml,2025-04-03 16:18:00,清明时节，总有一些身影我们常怀永念。他是人民的好公仆，为官一任，造福一方；她是大山的女儿，将最好的青春写在了祖国大地上；他是海空卫士，用生命向全世界诠释了中国军,
江泽民故居面向社会公众开放,https://news.sina.com.cn/c/2025-04-03/doc-inerwrzs8265503.shtml,2025-04-03 16:11:00,新华社北京4月3日电4月3日，江泽民故居组织参观活动，江泽民亲属和生前身边工作人员代表，江苏省干部群众代表等参加。据悉，江泽民故居于近日面向社会公众开放。,
山东通报3起工程建设招标投标领域腐败问题典型案件,https://news.sina.com.cn/c/2025-04-03/doc-inerwrzs8264844.shtml,2025-04-03 16:06:00,来源：央视网 央视网消息：中央纪委国家监委网站通报，近日，山东省纪委监委公开通报第三批工程建设招标投标领域腐败问题典型案件，分别是：1.省政协原常委...,"严重违纪,山东省,周勇"
财政部在英国伦敦发行首笔人民币绿色主权债券,https://news.sina.com.cn/c/2025-04-03/doc-inerwrzp2550347.shtml,2025-04-03 16:05:00,伦敦时间4月2日，中华人民共和国财政部代表中央政府在英国伦敦成功簿记发行了60亿元人民币绿色主权债券。其中，3年期30亿元人民币，发行利率为1.88%；5年期30亿元人民币...,"伦敦,人民币,财政部"
“订婚强奸案”被告母亲请求追责12名办案人员,https://news.sina.com.cn/c/2025-04-03/doc-inerwrzp2581522.shtml,2025-04-03 16:02:00,3月25日中午，山西阳高“订婚强奸案”二审在大同中院庭审结束。津云新闻记者了解到，4月2日，被告人席某某母亲郑女士前往大同市人民检察院提交控诉材料，请求追责12,
北京市发布大风蓝色预警,https://news.sina.com.cn/c/2025-04-03/doc-inerwrzu5537159.shtml,2025-04-03 16:01:00,受冷空气影响，预计4日白天我市有4级左右偏北风，阵风7、8级，局地有扬沙，山区及东部部分地区阵风9级以上；4日夜间至5日下午有3、4级偏北风，阵风6、7级，请注意防范。,
定西市临洮县水务局原局长贾生荣接受纪律审查和监察调查,https://news.sina.com.cn/c/2025-04-03/doc-inerwrzu5542984.shtml,2025-04-03 16:00:00,据定西市纪委监委消息：定西市临洮县水务局原局长贾生荣涉嫌严重违纪违法，目前正接受临洮县纪委监委纪律审查和监察调查。,"定西市,管理局,临洮"
商务部：中日韩经贸部门就中日韩自贸协定谈判、供应链及出口管制等议题进行了深入沟通,https://news.sina.com.cn/c/2025-04-03/doc-inerwmtr2677080.shtml,2025-04-03 15:57:00,4月3日，商务部新闻发布厅召开例行新闻发布会。商务部新闻发言人何亚东表示，3月30日，第13次中日韩经贸部长会议在韩国首尔举行。会议围绕落实第九次中日韩领导人会,
河北一野生动物园熊出逃，当地回应：正全力搜寻，已确定熊的位置,https://news.sina.com.cn/c/2025-04-03/doc-inerwmtw5666417.shtml,2025-04-03 15:57:00,4月3日，有网友发帖称，河北邯郸佛山野生动物园有熊出逃。上游新闻（报料邮箱:cnshangyou@163.com）记者从当地获悉，确有熊出逃一事，目前熊已进山，,
激发民企创新活力 加快培育新质生产力,https://news.sina.com.cn/c/2025-04-03/doc-inerwwiq8243198.shtml,2025-04-03 15:48:00,民营经济是高质量发展的重要基础，民营企业是发展新质生产力的关键力量。以“低成本+开源”模式训练出人工智能大模型，掀起“人工智能热潮”；人形机器人登上春晚舞台...,民营企业
中美经贸团队目前是否有举行面对面会谈计划？商务部回应,https://news.sina.com.cn/c/2025-04-03/doc-inerwmtw5662706.shtml,2025-04-03 15:48:00,#商务部回应中美经贸团队是否有面对面会谈计划#[中美经贸团队目前是否有举行面对面会谈计划？商务部回应]4月3日下午，商务部举行例行记者会。,
商务部：将以最快速度向缅甸分批运送帐篷、食品及其他急需物资,https://news.sina.com.cn/c/2025-04-03/doc-inerwmtw5661324.shtml,2025-04-03 15:48:00,[环球时报-环球网报道 记者 倪浩]4月3日下午，商务部举行例行记者会。有媒体提问称，据了解，中国政府向缅甸提供的首批紧急人道主义地震救灾援助物资运抵灾区...,"商务部,缅甸,何亚东"
最新报告披露哈尔滨亚冬会赛事信息系统遭境外网络攻击，外交部：严重关切,https://news.sina.com.cn/c/2025-04-03/doc-inerwmtt1608704.shtml,2025-04-03 15:48:00,[环球时报-环球网报道 记者 索炎琦]外交部发言人郭嘉昆主持4月3日例行记者会。会上有记者提问称：我们注意到，今天中国国家计算机病毒应急处理中心...,"外交部,哈尔滨市,中国"
我国将多措并举减轻企业负担,https://news.sina.com.cn/c/2025-04-03/doc-inerwwip1468672.shtml,2025-04-03 15:47:00,记者从2日召开的国务院减轻企业负担部际联席会议2025年工作会议获悉，今年将聚焦“四乱”、拖欠企业账款、企业成本负担重等问题，多措并举减轻企业负担。,国务院
鲁比奥称中国建设的公路“使他差点得脑震荡”，外交部驳斥：为什么睁眼说瞎话,https://news.sina.com.cn/c/2025-04-03/doc-inerwmtr2668559.shtml,2025-04-03 15:39:00,今天的外交部例行记者会上，有记者问：近日美国国务卿鲁比奥在访问加勒比期间称，中国在圭亚那建设的公路质量很糟糕，一路上差点得脑震荡...,"鲁比奥,中国,外交部"
中方破获菲律宾间谍案 外交部：敦促菲方停止捕风捉影、乱扣帽子,https://news.sina.com.cn/c/2025-04-03/doc-inerwmtt1608918.shtml,2025-04-03 15:34:00,4月3日下午，外交部举行例行记者会。记者：中方依法拘捕3名涉嫌从事间谍活动的菲律宾籍人员，对此有何评论？外交部发言人郭嘉昆：中方有关部门已经公布了菲律宾籍在华人,
美政府已禁止其驻华人员与中国公民发生恋爱关系？外交部回应,https://news.sina.com.cn/c/2025-04-03/doc-inerwmtw5651623.shtml,2025-04-03 15:31:00,【环球时报-环球网报道 记者 索炎琦】外交部发言人郭嘉昆主持4月3日例行记者会。会上有外媒记者提问称：据美联社报道，美国政府已禁止其驻华人员与中国公民发生恋爱关系。...,
中方是特朗普“关税大棒”的首要目标？外交部回应,https://news.sina.com.cn/c/2025-04-03/doc-inerwmtr2661403.shtml,2025-04-03 15:31:00,来源：北京青年报4月3日，外交部发言人郭嘉昆主持例行记者会。彭博社记者提问，关于关税问题，中方是否计划在4月9日之前与美国进行磋商？,
文物话廉 | 汉《仪礼》简,https://news.sina.com.cn/c/2025-04-05/doc-inesaxxu3616980.shtml,2025-04-03 15:31:00,中国，自古谓之“礼仪之邦”。《春秋左传正义》有：“中国有服章之美，谓之华；有礼仪之大，故称夏。”礼仪二字渗透在中华民族的血脉中，无礼仪何以称“华夏”。,"仪礼,文物"
商务部：中方愿与美方通过平等对话磋商解决各自关切,https://news.sina.com.cn/c/2025-04-03/doc-inerwmtr2662519.shtml,2025-04-03 15:28:00,商务部4月3日举行例行新闻发布会。在被问及中美经贸团队的会面计划时，商务部新闻发言人何亚东表示，中美两国经贸部门一直保持沟通。,"商务部,美国,中国"
商务部：中方愿与美方就两国经贸领域重要问题进行交流,https://news.sina.com.cn/c/2025-04-03/doc-inerwmtr2659985.shtml,2025-04-03 15:28:00,4月3日，商务部举行例行新闻发布会。在被问及中美经贸团队的会面计划时，商务部新闻发言人何亚东表示，3月26号，中美经贸中方牵头人...,
外交部回应美方加征对等关税：坚决反对 将采取必要措施坚定维护自身正当利益,https://news.sina.com.cn/c/2025-04-03/doc-inerwmtr2658551.shtml,2025-04-03 15:25:00,来源：财联社财联社4月3日电，外交部4月3日下午举行例行记者会。记者：美国东部时间4月2日，美方发布行政令，宣布对主要贸易伙伴加征所谓“对等关税”，对中国（包括香港...,
商务部：中欧双方同意尽快重启电动汽车反补贴案价格承诺谈判,https://news.sina.com.cn/c/2025-04-03/doc-inerwmtr2662538.shtml,2025-04-03 15:20:00,今天（4月3日）下午3时，商务部新闻发布厅召开例行新闻发布会。商务部新闻发言人何亚东介绍，中欧双方同意尽快重启电动汽车反补贴案价格承诺谈判...,"电动,电动汽车,何亚东"
商务部：中方坚决反对美方基于所谓的232调查采取的关税措施,https://news.sina.com.cn/c/2025-04-03/doc-inerwmtu8373847.shtml,2025-04-03 15:15:00,今天（4月3日）下午，商务部新闻发布厅召开例行新闻发布会，介绍近期商务领域重点工作有关情况，并回答记者提问。 商务部新闻发言人何亚东介绍...,
外交部宣布：泰国公主诗琳通将访华,https://news.sina.com.cn/c/2025-04-03/doc-inerwmtr2651560.shtml,2025-04-03 15:13:00,来源：环球网 ‍外交部发言人宣布： 应中国政府邀请，泰王国玛哈扎克里·诗琳通公主殿下将于4月7日至13日访问中国。 来源：‍‍‍外交部网站 编辑：朱嘉琪 校对：王亚天...,
习近平向老挝人革党中央总书记、国家主席通伦致唁电,https://news.sina.com.cn/c/xl/2025-04-03/doc-inerwmtp8532594.shtml,2025-04-03 15:12:00,习近平向老挝人革党中央总书记、国家主席通伦致唁电。,"习近平,总书记,党中央"
A股收评：三大指数集体收跌，创业板指跌1.86%，消费电子概念重挫,https://news.sina.com.cn/c/2025-04-03/doc-inerwmtp8524978.shtml,2025-04-03 15:03:00,4月3日，A股三大指数集体调整，截至收盘， 上证指数收跌0.24%，深证成指收跌1.4%，创业板指收跌1.86%；北证50收跌0.83%。两市成交额约11376.2亿元...,
江苏省南京市人大常委会主任龙翔被查,https://news.sina.com.cn/c/2025-04-03/doc-inerwmtt1588006.shtml,2025-04-03 15:00:00,江苏省南京市人大常委会党组书记、主任龙翔涉嫌严重违纪违法，目前正接受中央纪委国家监委纪律审查和监察调查。 （总台央视记者 李本扬）,
江苏省南京市人大常委会主任龙翔被查,https://news.sina.com.cn/c/2025-04-03/doc-inerwmtu8359468.shtml,2025-04-03 15:00:00,江苏省南京市人大常委会党组书记、主任龙翔涉嫌严重违纪违法，目前正接受中央纪委国家监委纪律审查和监察调查。（总台央视记者李本扬）©2025中央广播电视总台版权所有,
紧盯节点强监督 筑牢森林草原“防火墙”,https://news.sina.com.cn/c/2025-04-03/doc-inerwmtr2656525.shtml,2025-04-03 14:58:00,凉州区古城镇纪委干部在古城镇长流村森林草原防灭火卡口查看值班值守情况。武威市纪委监委提供清明将至，随着气温逐渐回升，春季森林防火进入关键时期。,防火
法治日报 | 江苏为民营经济高质量发展注入法治动能,https://news.sina.com.cn/c/2025-04-03/doc-inerwmtr2635261.shtml,2025-04-03 14:52:00,民营经济是推进中国式现代化的生力军。如何为民营经济高质量发展注入法治动能，既是时代之问，也是民生考题，更是江苏司法行政人念兹在兹的必答题。,"江苏省,法治日报"
马上评｜智驾不是自动驾驶司机车企都不能含糊,https://news.sina.com.cn/c/2025-04-03/doc-inerwmtr2615555.shtml,2025-04-03 13:51:00,来源：澎湃新闻 4月2日，一段视频在网上爆火：一辆新能源汽车在公路上行驶，但是司机已双手离开方向盘，呼呼大睡。此视频一经传播，迅速攀升至热搜榜首...,
微信又出新功能！聊天引用回复，变！,https://news.sina.com.cn/c/2025-04-03/doc-inerwmtu8332698.shtml,2025-04-03 13:47:00,来源：环球网 4月3日，微信官方宣布上线新功能，微信聊天引用回复现在不只可以回文字，还可以回语音和表情包。 看看微信的小变化。,微信
河北一动物园有熊出逃后紧急闭园，村委会：尚未找到，避免靠近附近区域,https://news.sina.com.cn/c/2025-04-03/doc-inerwmtt1558511.shtml,2025-04-03 13:41:00,4月3日，有网友发帖称，河北邯郸佛山野生动物园有熊出逃。河北邯郸永年区永合会镇新安村村委会工作人员称，3日上午，村委会及镇政府已派出相关人员，到佛山动物园及村庄,
副市长被查后还能公开接访？邹城市政府办：会联系相关部门处理,https://news.sina.com.cn/c/2025-04-03/doc-inerwmtt1557253.shtml,2025-04-03 13:08:00,4月2日，山东济宁市代管的县级市邹城市政府官网公布了《2025年第二季度市级领导干部公开接访安排》。4月2日，邹城市政府官网公布的《2025年第二季度市级领导干,
财政部有关负责同志就惠誉下调我主权信用评级有关问题答记者问,https://news.sina.com.cn/c/2025-04-03/doc-inerxari2414750.shtml,2025-04-03 12:53:00,2025年4月3日 来源：财政部新闻办公室 近日，财政部有关负责同志就惠誉下调我主权信用评级有关问题接受了记者采访。 记者问：4月3日，惠誉发布报告...,"财政部,惠誉,中国经济"
小米SU7高速起火之后有车主称曾在同路段发生事故，当地回应→,https://news.sina.com.cn/c/2025-04-03/doc-inerwfmr8581655.shtml,2025-04-03 11:40:00,小米SU7在高速公路上发生事故起火致车上3人遇难的事故引发关注。4月1日晚，有网友在知乎发帖分享称，3月13日晚，在同一个路段，开着同样的车，发生同样的事故。该,
铁路清明假期运输启动 全国预计发送旅客8450万人次,https://news.sina.com.cn/c/2025-04-03/doc-inerwfmt2701859.shtml,2025-04-03 11:09:00,来源：央视网央视网消息：据@中国铁路 消息，为期5天的铁路清明假期运输今日（4月3日）启动，自4月3日至4月7日，全国铁路预计发送旅客8450万人次...,"旅客,列车,旅游"
知名运动员离世，曾是国家队主力,https://news.sina.com.cn/c/2025-04-03/doc-inervzcy8540723.shtml,2025-04-03 11:02:00,来源：江南都市报 据志丹县足球协会4月2日消息，3月27日早上6点53分，陕西足坛名宿、志丹足球名人堂成员毛三虎在西安因病逝世，享年81岁。,
国家安全机关侦破菲律宾间谍案 3名菲籍间谍落网,https://news.sina.com.cn/c/2025-04-03/doc-inervzcv2809589.shtml,2025-04-03 11:00:00,新华社北京4月3日电 近期，我国家安全机关侦破一起菲律宾间谍案件，依法拘捕三名涉嫌在我境内从事间谍活动的菲律宾籍人员。菲律宾籍在华人员大卫·斯皮内斯（David,
刚刚山西地震！“差点从床上晃下来…”大同网友表示震感明显,https://news.sina.com.cn/c/2025-04-03/doc-inervzct8704941.shtml,2025-04-03 10:54:00,来源：新闻晨报 中国地震台网正式测定：4月3日9时53分，在山西朔州市怀仁市（北纬39.81度，东经113.16度）发生3.6级地震，震源深度15千米。,
致敬英雄！愿每一次出警 都能平安归来,https://news.sina.com.cn/c/xl/2025-04-04/doc-inervzct8685804.shtml,2025-04-03 10:44:00,新中国成立以来，共有17731名公安民警因公牺牲，其中3752人被评为烈士。2024年，全国共有208名民警、174名辅警因公牺牲。愿每一次出警，都能平安归来！早点回家吧，这是所有民辅警家属们共同的心愿。,"辅警,烈士,公安民警"
美国自绝于全球自由贸易之外,https://news.sina.com.cn/c/2025-04-03/doc-inervzcv2805117.shtml,2025-04-03 10:44:00,来源：央视网 当地时间4月2日，特朗普宣布其最新的关税计划。在这之前，美国贸易代表办公室发布过一份通知，其中就提到了20多个与美国存在最大商品贸易逆差的经济体。,"美国,自由贸易,经济体"
黑龙江鸡西坤源煤矿“12·20”重大运输事故调查报告公布,https://news.sina.com.cn/c/2025-04-03/doc-inervzct8669035.shtml,2025-04-03 10:12:00,新华社哈尔滨4月3日电（记者孙晓宇）4月3日，黑龙江鸡西坤源煤业有限公司坤源煤矿“12·20”重大运输事故调查报告公布。经调查认定，这是一起因隐瞒作业区域、违法,
商务部新闻发言人就美方宣布对等关税发表谈话,https://news.sina.com.cn/c/2025-04-03/doc-inervzcx1738098.shtml,2025-04-03 10:04:00,中方注意到，美东时间4月2日，美方宣布对所有贸易伙伴征收“对等关税”。中方对此坚决反对，并将坚决采取反制措施维护自身权益。美方声称自己在国际贸易中吃了亏，以所谓,
让产业工人学历、能力双提升！全国总工会等四部门联合印发,https://news.sina.com.cn/c/2025-04-03/doc-inervzcv2796513.shtml,2025-04-03 10:03:00,全国总工会、教育部、人力资源社会保障部、全国工商联日前联合印发《关于广泛实施求学圆梦行动 推进产业工人学历与能力提升的意见》（以下简称《意见》），面向产业工人...,
商务部新闻发言人就美方宣布对等关税发表谈话,https://news.sina.com.cn/c/2025-04-03/doc-inervzcy8516963.shtml,2025-04-03 10:01:00,来源：央视网央视网消息：据商务部网站消息，商务部新闻发言人就美方宣布对等关税发表谈话。内容如下： 中方注意到，美东时间4月2日...,"商务部,美国,关税"
非法收受巨额财物！四川省政协原副主席崔保华被决定逮捕,https://news.sina.com.cn/c/2025-04-03/doc-inervzcv2789261.shtml,2025-04-03 10:00:00,正义网记者4月3日从最高人民检察院获悉，四川省政协原党组副书记、副主席崔保华涉嫌受贿一案，由国家监察委员会调查终结，移送检察机关审查起诉。,
最高人民检察院依法对崔保华决定逮捕,https://news.sina.com.cn/c/2025-04-03/doc-inervzcx1735097.shtml,2025-04-03 09:59:00,记者今天（3日）从最高人民检察院获悉，四川省政协原党组副书记、副主席崔保华涉嫌受贿一案，由国家监察委员会调查终结，移送检察机关审查起诉。,
SU7事故遇难者男友说我想你了,https://news.sina.com.cn/c/2025-04-03/doc-inerwfmr8595953.shtml,2025-04-03 09:54:00,【#SU7事故遇难者男友账号已清空#】4月2日晚，小米SU7事故遇难者母亲@诗雨370491153清空事故相关微博，其男友账号也已清空相关内容，此前曾获1.3万,
A股开盘：三大指数集体低开，沪指跌0.91%，光通信、AI穿戴、光刻机等概念股走低,https://news.sina.com.cn/c/2025-04-03/doc-inervzcy8488442.shtml,2025-04-03 09:27:00,4月3日早间A股开盘，上证指数跌0.91%，深证成指跌1.22%，创业板指跌1.26%，北证50跌1.57%。光通信、AI穿戴、光刻机、算力、跨境支付、机器人概,
最新报告显示：亚冬会期间境外势力曾对我关键网络基础设施实施攻击,https://news.sina.com.cn/c/2025-04-03/doc-inervzcx1709335.shtml,2025-04-03 09:22:00,来源：环球网 [环球时报-环球网报道 特约记者 袁宏]3日，中国国家计算机病毒应急处理中心发布的最新报告显示，在我国承办亚冬会期间，境外势力试图通过网络攻击手段破坏...,"网络攻击,美国,荷兰"
保护费没用！特朗普宣布对台征32%“对等关税” 赖清德社媒被“灌爆”,https://news.sina.com.cn/c/2025-04-03/doc-inervzcv2807947.shtml,2025-04-03 09:10:00,中国台湾网4月3日讯综合台媒报道，“台湾是全球大部分先进半导体的生产地，台湾将面临32%的关税。”美国总统特朗普在美国时间2日（北京时间3日凌晨）举行记者会宣布,
广州围绕“三力”深化功能性改革 加快构建现代化产业体系,https://news.sina.com.cn/c/2025-04-03/doc-inervzcv2749471.shtml,2025-04-03 09:09:00,广州市国资委按照国有企业改革深化提升行动的部署要求，聚焦服务广州城市战略，围绕提升产业引领力、价值创造力、科技创新力深化改革，推动国有企业更好履行使命责任。,"广州市,深化改革"
中船集团喜迎首季经营业绩“开门红”,https://news.sina.com.cn/c/2025-04-03/doc-inervuvv8757469.shtml,2025-04-03 09:04:00,一季度，中国船舶集团有限公司营业收入同比增长4%，利润总额同比增长26.6%，营收利润率同比提高1.4个百分点，民品产业新接合同金额同比增长13.7%。,"中船集团,中国船舶,利润率"
中国一汽2025年首季销量成绩亮眼 整车销量超76万辆,https://news.sina.com.cn/c/2025-04-03/doc-inervuvv8757467.shtml,2025-04-03 09:04:00,近日，从中国一汽获悉，1至3月，中国一汽整车销量达76.2万辆，同比增长2.5%。其中，自主品牌销量22.3万辆，同比增长7.4%；自主新能源销量5.9万辆，同比增长152%...,"中国一汽,红旗"
连锁咖啡品牌方，被赵丽颖起诉索赔！公司注册地人去楼空，“几个月前就已经搬走了”……,https://news.sina.com.cn/c/2025-04-03/doc-inerwmtt1560497.shtml,2025-04-03 09:02:00,近日，四川乐山市市中区人民法院发布公告，演员赵丽颖以人格权受到侵犯，起诉重庆半糖攻势餐饮管理有限公司、乐山市市中区咖百世餐饮店及第三人河南微马文化产业发展有限公,
3月中国仓储指数为50.8% 连续五个月保持在扩张区间,https://news.sina.com.cn/c/2025-04-03/doc-inerwfmr8575997.shtml,2025-04-03 09:00:00,中国物流与采购联合会今天（3日）公布了3月份中国仓储指数。指数连续5个月保持在扩张区间，3月份较上月还有所加快，反映出仓储业务活动活跃，货物周转效率提高，仓储行,
独家披露！哈尔滨亚冬会赛事信息系统遭境外网络攻击超27万次,https://news.sina.com.cn/c/2025-04-03/doc-inervuwa8599265.shtml,2025-04-03 09:00:00,【#黑龙江近期遭大量境外网络攻击#】#哈尔滨亚冬会遭美国荷兰等地网络攻击#国家计算机病毒应急处理中心和计算机病毒防治技术国家工程实验室今日公布：第9届亚洲冬季运,
广安观潮丨一个山头一个山头攻,https://news.sina.com.cn/c/2025-04-03/doc-inervuvx2876652.shtml,2025-04-03 08:52:00,“全国纪检监察机关共立案87．7万件，留置3．8万人，给予党纪政务处分88．9万人，其中金融领域1．7万人、国有企业9．4万人、烟草系统3147人、医药领域6万人。,"腐败,中央纪委,广安市"
方圆谈丨涵养尚俭戒奢、廉洁自律的道德修为,https://news.sina.com.cn/c/2025-04-03/doc-inervuvz1825069.shtml,2025-04-03 08:52:00,能否做到尚俭戒奢、廉洁自律，检验着党员干部的道德修为。从近年来通报的党员干部违纪违法典型案例来看，生活奢侈、不加检点的不在少数。,"党员干部,方圆"
【战新产业“百大工程”】中国交建推动超大型耙吸挖泥船智能疏浚装备国产化  助力高端智造发展,https://news.sina.com.cn/c/2025-04-03/doc-inervuvz1819528.shtml,2025-04-03 08:51:00,为响应国家“海洋强国”“制造强国”“美丽中国”战略，加快推动战新产业高端疏浚装备发展，打造疏浚行业国际先进水平的“大国重器”，中国交通建设集团有限公司（简称中交集团）推...,
国内最大货物滚装船交付,https://news.sina.com.cn/c/2025-04-03/doc-inervuvx2870904.shtml,2025-04-03 08:50:00,近日，招商局集团旗下招商工业为意大利船东生产的货物滚装船顺利交付。该船是目前国内船厂建造的最大货物滚装船。据悉，该船总长238米，型宽34米...,
碳减排超4000吨！“海葵一号”再添“混合动力心脏”,https://news.sina.com.cn/c/2025-04-03/doc-inervuwa8593674.shtml,2025-04-03 08:50:00,随着操作员按下启动键，亚洲首艘圆筒型FPSO（浮式生产储卸油装置）“海葵一号”搭载的双燃料发电机组成功并网运行，这是我国首个深水油田二次开发项目在能源综合利用领域取得...,发电机组
“玲龙一号”全球首堆首台主泵成功验收发运,https://news.sina.com.cn/c/2025-04-03/doc-inervuvz1819151.shtml,2025-04-03 08:50:00,近日，由哈电集团动装公司研制的“玲龙一号”全球首堆首台主泵完成验收工作，从哈尔滨发运，标志着“玲龙一号”取得又一重要突破，对扩展核能应用领域...,哈电集团
中国节能光伏治沙项目全面开工 助力三北工程攻坚战,https://news.sina.com.cn/c/2025-04-03/doc-inervuvv8751948.shtml,2025-04-03 08:49:00,近日，中国节能所属太阳能公司达拉特旗50万千瓦光伏治沙一体化项目全面开工，该项目为“三北”工程攻坚战重点项目，采用“光伏+治沙”模式，同步开展5.1万亩异地防沙治沙工程。,"中国,攻坚战"
累计超360万小时 东方电气“AI+光伏”点亮乌兹别克斯坦万家灯火,https://news.sina.com.cn/c/2025-04-03/doc-inervuvv8751934.shtml,2025-04-03 08:49:00,踏入四月，东方电气集团所属东方国际在乌兹别克斯坦撒马尔罕光伏电站投运的450余名AI清扫机器人昼夜不停地工作。撒马尔罕光伏电站覆盖约450万平方米的土地...,"AI,机器人,光伏电站"
宁夏新型储能并网规模超500万千瓦,https://news.sina.com.cn/c/2025-04-03/doc-inervuvx2870815.shtml,2025-04-03 08:49:00,近日，从国家电网获悉，宁夏新型储能并网规模超过500万千瓦，达到511.4万千瓦，比去年同期增长44.87%。近年来，宁夏加大新能源开发力度...,"宁夏,新能源,电网"
前两个月我国软件业务收入同比增长9.9%,https://news.sina.com.cn/c/2025-04-03/doc-inerwfmr8577103.shtml,2025-04-03 08:41:00,工业和信息化部数据显示，今年前两个月，我国软件和信息技术服务业运行态势良好，软件业务收入增速平稳。今年1—2月，我国软件业务收入18965亿元，同比增长9.9%,
清明假期中东部持续回暖 南方多地雨纷纷西南地区雨雪混杂,https://news.sina.com.cn/c/2025-04-03/doc-inervuwa8588808.shtml,2025-04-03 08:28:00,今天（4月3日），我国大部地区维持升温模式。 明天进入清明假期，假期前两日冷空气将给北方部分地区带来气温波动，但整体回暖趋势不变。,"清明,气温,西南地区"
“养老服务更贴心了”,https://news.sina.com.cn/c/2025-04-03/doc-inervzcv2817378.shtml,2025-04-03 08:20:00,王洪发，安徽省东至县花园乡集中供养五保户。我叫王洪发，今年70岁，是东至县花园敬老院的一位院民，也是花园乡养老服务中心党支部的一名党员。,养老服务
【8点见】一股民操纵多只股票被罚没3.96亿元,https://news.sina.com.cn/c/2025-04-03/doc-inervuvv8743818.shtml,2025-04-03 08:16:00,来源：央视网央视网消息：每天8点，央视网为您梳理24小时内发生在咱们身边的大小事儿。·外交部：“台独”挑衅一日不止，反“独”惩戒一刻不停。,缅甸
【新思想引领新征程】共植新绿 建设美丽中国,https://news.sina.com.cn/c/xl/2025-04-03/doc-inervuwa8585135.shtml,2025-04-03 08:13:00,央视网消息（新闻联播）：习近平总书记指出，增绿就是增优势，植树就是植未来，要一茬接着一茬种，一代接着一代干，不断增厚我们的“绿色家底”。,
第一观察｜从这些故事，体悟“徙木立信”的坚定决心,https://news.sina.com.cn/c/xl/2025-04-03/doc-inervuwa8584105.shtml,2025-04-03 08:09:00,全国两会一结束，党中央在全党部署开展深入贯彻中央八项规定精神学习教育。这是习近平总书记亲自谋划的今年党建工作重点任务。制定实施中央八项规定，是我们党在新时代的徙,
广安观潮丨一个山头一个山头攻,https://news.sina.com.cn/c/2025-04-03/doc-inervuvx2856070.shtml,2025-04-03 08:03:00,“全国纪检监察机关共立案87.7万件，留置3.8万人，给予党纪政务处分88.9万人，其中金融领域1.7万人、国有企业9.4万人、烟草系统3147人、医药领域6万人。,"腐败,广安市,全会"
方圆谈丨涵养尚俭戒奢、廉洁自律的道德修为,https://news.sina.com.cn/c/2025-04-03/doc-inervuvz1808245.shtml,2025-04-03 08:01:00,能否做到尚俭戒奢、廉洁自律，检验着党员干部的道德修为。从近年来通报的党员干部违纪违法典型案例来看，生活奢侈、不加检点的不在少数。,
营造遵规守纪浓厚氛围,https://news.sina.com.cn/c/2025-04-03/doc-inervuvx2853645.shtml,2025-04-03 07:53:00,开展纪律教育要绵绵用力、久久为功，持续营造遵规守纪的浓厚氛围。纪检监察机关要坚持经常性和集中性相结合，使纪律教育贯穿干部成长全周期、融入组织管理全过程。,党员干部
广西河池探索查改治贯通融合 系统整治党员干部和公职人员酒驾醉驾,https://news.sina.com.cn/c/2025-04-03/doc-inervuvv8734730.shtml,2025-04-03 07:53:00,河池市点名道姓通报曝光，全面接受群众监督，以“零容忍”态度彰显推进党员干部和公职人员涉酒违纪违法专项整治的坚定决心。 河池市纪委监委贯通监督监管责任...,"醉驾,酒驾,党员干部"
方圆谈丨持续增强基层干部群众减负获得感,https://news.sina.com.cn/c/2025-04-03/doc-inervuvv8734731.shtml,2025-04-03 07:52:00,基层减负，效果如何？且看云南省昆明市西山区一个街道办公室里的变化。 以前，这间办公室犹如“材料的战场”。因工作所需，办公室里堆满台账材料...,"基层干部,方圆"
江苏稻麦玉米农业保险实现“两大转变” 制定风险区划并调整相应费率,https://news.sina.com.cn/c/2025-04-03/doc-inervuvv8731053.shtml,2025-04-03 07:32:00,近日，省财政厅会同省农业农村厅、江苏金融监管局、省地方金融管理局等部门，结合水稻、小麦、玉米三大粮食作物生产风险区域特点...,"农业保险,保险,江苏省"
我省59项涉企税费服务“一键办”,https://news.sina.com.cn/c/2025-04-03/doc-inervuvv8731052.shtml,2025-04-03 07:32:00,江苏“一企来办”平台办税服务功能近日全新升级。此次升级以企业需求为导向，按使用场景进行应用聚合，将涉企税费服务清单扩容至59项，其中，有10项为查询类服务...,"江苏省,税收"
樱花冰粉、三色青团，北京餐饮老字号春季节令新品集中上市,https://news.sina.com.cn/o/2025-04-03/doc-inervuwa8577400.shtml,2025-04-03 07:31:00,新京报讯（记者王萍）红、绿、白三色交织的青团，为赏樱锦上添花的樱花冰粉……清明小长假即将到来，多家北京老字号餐饮也频频“破圈”，高颜值...,"樱花,老字号,青团"
立足于严 立足于实 切实做好森林防灭火风险隐患排查整治,https://news.sina.com.cn/c/2025-04-03/doc-inervuvv8727985.shtml,2025-04-03 07:12:00,4月1日、2日，刘玉江副省长采取“四不两直”方式，先后赴新乡市、洛阳市调研森林防灭火工作。 刘玉江深入辉县白云寺国有林场、伊滨区万安山森林公园山头林区...,"防火,洛阳市"
推进纪律教育常态长效,https://news.sina.com.cn/c/2025-04-03/doc-inervuvx2845104.shtml,2025-04-03 07:02:00,纪律教育作为全面从严治党的重要一环，对于营造风清气正的政治生态，筑牢党员干部拒腐防变的思想防线起着至关重要的作用。纪检监察机关要在建立常态化长效化的纪律教育机制...,党员干部
正风反腐在身边丨六盘水：持续巩固深化“校园餐”专项整治,https://news.sina.com.cn/c/2025-04-03/doc-inervuvx2848897.shtml,2025-04-03 07:00:00,编者按：群众对发生在身边的腐败和作风问题深恶痛绝，感受尤为深切。按照中央纪委国家监委和省委部署要求，2024年4月起，全省各级纪检监察机关和各级各部门以超常规举措集...,六盘水市
解放军报钧声：谋“独”挑衅必遭严惩，祖国统一必将实现,https://news.sina.com.cn/c/2025-04-03/doc-inervuvv8726873.shtml,2025-04-03 07:00:00,来源：澎湃新闻 4月2日，中国人民解放军东部战区位台湾海峡中部、南部相关海域组织“海峡雷霆-2025A”演练，宣示捍卫国家主权和领土完整的坚定意志，检验全时待战...,
理响中国图个明白|清风正气满乾坤——中央八项规定精神一起来学习,https://news.sina.com.cn/c/2025-04-03/doc-inervuwa8569879.shtml,2025-04-03 06:52:00,,中国
龙应台罕见批评赖清德反映出什么？,https://news.sina.com.cn/c/2025-04-03/doc-inervqpz2972575.shtml,2025-04-03 06:42:00,来源：环球网  赖清德当局“独”瘾发作、倒行逆施，在岛内引起持续的动荡和恐慌。台湾作家龙应台近日投书《纽约时报》，从一位台南出租车司机对台湾前途的担忧出发...,
广安观潮 | 一个山头一个山头攻,https://news.sina.com.cn/c/2025-04-03/doc-inervqqc1919375.shtml,2025-04-03 06:32:00,“全国纪检监察机关共立案87.7万件，留置3.8万人，给予党纪政务处分88.9万人，其中金融领域1.7万人、国有企业9.4万人、烟草系统3147人、医药领域6万人。,"腐败,广安市,全会"
不以一毫私意自蔽,https://news.sina.com.cn/c/2025-04-03/doc-inervqqe8693908.shtml,2025-04-03 06:32:00,“不以一毫私意自蔽”语出南宋朱熹所著的《中庸章句》，其意思是不要因一点点私心私欲而蒙蔽自己。私心者，一己之欲也；自蔽者，蒙昧不明也。,
涵养尚俭戒奢、廉洁自律的道德修为,https://news.sina.com.cn/c/2025-04-03/doc-inervqqe8693906.shtml,2025-04-03 06:32:00,能否做到尚俭戒奢、廉洁自律，检验着党员干部的道德修为。从近年来通报的党员干部违纪违法典型案例来看，生活奢侈、不加检点的不在少数。,党员干部
早间播报【2025年4月3日】,https://news.sina.com.cn/c/2025-04-03/doc-inervqqc1923130.shtml,2025-04-03 06:18:00,● 为进一步深化价格改革，完善价格治理机制，中办、国办近日印发《关于完善价格治理机制的意见》。● 4月1日至2日上午，省纪委举办深入贯彻中央八项规定精神学习教育读书班...,"安徽省,纪检监察,中国纪检监察报"
无人船 怪装置……蔚蓝之下谍影重重 海洋间谍暗战升级,https://news.sina.com.cn/c/2025-04-03/doc-inervqpz2970225.shtml,2025-04-03 06:17:00,我国海洋面积辽阔，海岸线漫长，不仅拥有丰富的海洋资源，更是重要的战略屏障，事关国家主权、安全、发展利益。一个时期以来，境外间谍情报机关采取各种手段加强对我国海域...,
庆阳：巡察整改评估推动问题真改实改改到位,https://news.sina.com.cn/c/2025-04-03/doc-inervqpx8842644.shtml,2025-04-03 05:52:00,“对你单位巡察反馈问题整改落实情况督查评估时，发现你单位在巡察整改上仍存在一些问题和不足，你作为党组书记，对巡察整改重视不够、工作措施不力、整改成效不理想...,"巡察,庆阳市"
驻省农业农村厅纪检监察组：驻点监督延伸触角,https://news.sina.com.cn/c/2025-04-03/doc-inervqpx8842642.shtml,2025-04-03 05:52:00,近日，省纪委监委派驻省农业农村厅纪检监察组成立谈话小组，围绕贯彻党的理论和路线方针政策、落实全面从严治党主体责任、廉洁自律等情况，与省农科院9个职能处室...,"纪检,农业农村"
江西“一家三口被撞身亡”案即将开庭，家属盼公正审判,https://news.sina.com.cn/c/2025-04-03/doc-inervuvx2870689.shtml,2025-04-03 00:49:00,#江西一家三口被撞身亡案即将开庭#【江西“一家三口被撞身亡”案即将开庭，家属盼公正审判】#一家三口被撞身亡案家属患重度抑郁#2024年10月2日，江西省景德镇市,
军事专家：突破“三道防线” 对台演练最近距离不足20海里,https://news.sina.com.cn/c/2025-04-03/doc-inervcyi2117994.shtml,2025-04-03 00:23:00,4月2日，中国人民解放军东部战区圆满完成联合演训各项任务。有网友疑问，持续军演的效果到底在哪？ 中国社科院台湾研究所副研究员刘匡宇介绍，每一次军演...,
我驻欧盟使团：希望欧方将一个中国原则落到实处,https://news.sina.com.cn/c/2025-04-03/doc-inervcyc9071660.shtml,2025-04-03 00:06:00,当地时间4月2日，我驻欧盟使团发言人就欧盟对外行动署涉台声明答记者问。 发言人表示，台湾是中国领土不可分割的一部分。台湾问题纯属中国内政，不容任何外来干涉...,
国台办：东部战区近日台岛周边演训是必要措施、正义之举,https://news.sina.com.cn/c/2025-04-02/doc-ineruxsm2202475.shtml,2025-04-02 21:51:00,4月2日，国务院台办发言人朱凤莲答记者问。问：对于中国人民解放军东部战区近日位台岛周边开展联合演训和“海峡雷霆-2025A”演练，民进党当局称此举“升高台海局势,
老人上坟引山火，烧死村民67只羊无钱赔 镇政府：准备补偿村民8万元，对方嫌少没谈妥,https://news.sina.com.cn/zx/2025-04-03/doc-inervuvv8749889.shtml,2025-04-02 21:28:00,陕西商洛的史先生向华商报大风新闻反映，3月25日，他在山梁上放羊时遭遇安康地界烧过来的山火，67只羊被烧死，导致至少13万元损失，至今没得到赔偿。当事人反映——,
国台办：我们有足够能力反对台独分裂 对谋独挑衅必须坚决遏制坚决惩戒,https://news.sina.com.cn/c/2025-04-02/doc-inerutki9279498.shtml,2025-04-02 21:26:00,今天，有记者提及，民进党当局和美国白宫发言人对中国人民解放军东部战区近日位台岛周边开展联合演训和“海峡雷霆-2025A”演练发表评论，并指责中方。,
金句｜建成科技强国，习近平总书记指明前进方向,https://news.sina.com.cn/c/xl/2025-04-02/doc-inerutkp2315243.shtml,2025-04-02 21:06:00,4月1日出版的第7期《求是》杂志发表习近平总书记重要文章《朝着建成科技强国的宏伟目标奋勇前进》。如何一步一个脚印把建成科技强国的战略目标变为现实？,
联播+｜督察利剑 守护绿水青山,https://news.sina.com.cn/c/xl/2025-04-02/doc-inerutki9269613.shtml,2025-04-02 21:04:00,联播+3月31日，中共中央政治局召开会议，审议《生态环境保护督察工作条例》。习近平总书记主持会议。 会议指出，中央生态环境保护督察是党中央推进生态文明建设的一项重大...,
沈阳通报一大楼发生火灾：明火已被扑灭 未发现人员伤亡,https://news.sina.com.cn/c/2025-04-02/doc-inerutkp2315939.shtml,2025-04-02 21:02:00,来源：央广网 [#沈阳通报一大楼发生火灾#]#沈阳铁西大楼明火已被扑灭#据@铁西发布，4月2日17时50分许，铁西区建设东路29号一综合楼发生火情，消防、应急...,
近闻·中国何以被外资视为“确定性的绿洲”,https://news.sina.com.cn/c/xl/2025-04-02/doc-inerutkp2313556.shtml,2025-04-02 21:02:00,3月28日上午，北京人民大会堂，习近平主席与40余位外资企业全球董事长、首席执行官和商协会代表齐聚一堂。 通过习主席的娓娓讲述，信心在会场内外传递。,
沈阳一建筑突发火灾楼顶有多人被困：楼内有银行和口腔医院 已有多人被救出,https://news.sina.com.cn/c/2025-04-02/doc-inerutkp2307951.shtml,2025-04-02 20:43:00,[沈阳一建筑突发火灾楼顶有多人被困：楼内有银行和口腔医院 已有多人被救出]4月2日，辽宁沈阳铁西区一建筑突发火灾，楼顶有多人被困。,
山东入室抢婴案受害者讲述庭审细节：一嫌犯抖腿转眼 眼神让我想起余华英,https://news.sina.com.cn/c/2025-04-02/doc-inerutkm3379117.shtml,2025-04-02 20:37:00,[#山东入室抢婴案受害者讲述庭审细节#：一嫌犯抖腿转眼 眼神让我想起余华英] 4月2日，“山东入室抢婴案”一审结束。“被抱走18年的孩子”姜甲儒向记者讲述了庭审细节。,"山东省,嫌犯"
外交部：强烈敦促缅甸各方确保中方在内各国救援人员和物资安全,https://news.sina.com.cn/o/2025-04-02/doc-inerutki9244011.shtml,2025-04-02 19:55:00,新京报讯 据外交部消息，4月2日外交部发言人郭嘉昆主持例行记者会。彭博社记者：据报道，缅甸士兵向运送中国红十字会为曼德勒地震灾民提供救援物资的车队鸣枪。,"缅甸,中国,外交部"
于东来上台打断永辉高管演讲：调改店最大目标是先活下来，不要想着挣钱！一年挣个两百万就行了,https://news.sina.com.cn/c/2025-04-03/doc-inerwmtt1564242.shtml,2025-04-02 19:44:00,每经编辑张锦河潇湘晨报4月2日报道，近日，在2025中国超市周活动现场，永辉负责调改的高管正在台上发表演讲谈调改。胖东来创始人于东来登台打断其发言，并表示：“让,
媒体：SU7事故遇难者家属已与小米方见面，明天可能会有新进展,https://news.sina.com.cn/c/2025-04-02/doc-inerutkp2301542.shtml,2025-04-02 19:43:00,来源：大河报 近日，小米SU7在高速公路上发生事故起火致车上3人遇难的事故引发全网高度关注。4月2日下午，记者联系其中一位死者的家属。,
针对这件事，公安部要“刀刃向内”了,https://news.sina.com.cn/c/2025-04-02/doc-inerutkm3356302.shtml,2025-04-02 19:37:00,来源：中国新闻周刊近年来，出于趋利目的，一些跨省、跨区域异地执法等情况引发关注，一些民营企业深受其害，业内将违规异地执法形象地称为“远洋捕捞”。,
“台湾是中国的一个省”中国海警闽南语喊话,https://news.sina.com.cn/c/2025-04-02/doc-inerutki9236266.shtml,2025-04-02 19:32:00,4月2日，多支海警舰艇编队持续位台岛周边海域开展执法演练。演练期间，舰艇编队开展雷达侦搜、抵近查证、警告驱离、航路管制、登检拿捕、拦截扣押等科目演练...,"台湾省,中国"
以标准护航银发经济！《家居产品适老化设计指南》发布,https://news.sina.com.cn/c/2025-04-02/doc-inerupap3481199.shtml,2025-04-02 19:08:00,来源：央视网央视网消息：据“市说新语”微信公众号消息，近日，市场监管总局（国家标准委）批准发布《家居产品适老化设计指南》（GB/T 45272—2025）国家标准...,央视网
解放军圆满完成位台岛周边演训,https://news.sina.com.cn/c/2025-04-02/doc-inerupak2068077.shtml,2025-04-02 19:03:00,4月1日至2日，中国人民解放军东部战区圆满完成联合演训各项任务，全面检验了部队一体化联合作战能力。战区部队时刻保持高度戒备，持续加强练兵备战...,
诗歌丨清明祭·青松鉴,https://news.sina.com.cn/c/2025-04-02/doc-inerupam9349626.shtml,2025-04-02 18:53:00,松柏垂露作酒浆我捧星辰祭忠良烽火曾燃真铁骨青史未染半分尘马蹄踏碎旧山河丹心熔铸新朝阳君不见荒野孤冢处清白二字自生光有人血染黎明路有人手绣拒贿章人间若有清风过必是...,"诗歌,烽火"
桂林：深化以案促改 整治民生领域腐败问题,https://news.sina.com.cn/c/2025-04-02/doc-inerupah5290071.shtml,2025-04-02 18:53:00,前不久，在龙胜各族自治县人社局警示教育大会上，该县纪委监委驻县人社局纪检监察组通报了该县某乡镇社保中心原副主任侯某某截留群众用于待办...,"税务局,桂林市,养老"
家风故事丨又是一年艾粑飘香时,https://news.sina.com.cn/c/2025-04-02/doc-inerupak2064598.shtml,2025-04-02 18:53:00,碧玉团圆满屉香，素舂柔艾捣砧忙。人间三月，微风不燥，阳光甚好。屋前院后、田埂菜畦，嫩绿的艾叶在春风中尽情舒展，原野中氤氲着艾草的悠悠清香。,"艾叶,锅"
国防部新闻发言人张晓刚就美台等炒作东部战区位台岛周边联合演训行动答记者问,https://news.sina.com.cn/c/2025-04-02/doc-inerupam9341267.shtml,2025-04-02 18:31:00,记者：据报道，针对中国大陆4月初在台海举行的军演，民进党当局称有关行动破坏地区稳定与国际秩序，美等一些国家声称反对以武力或胁迫单方面改变现状。,"台独,美台"
将在中国裁员20%？香奈儿中国：不回应,https://news.sina.com.cn/c/2025-04-02/doc-inerupak2055681.shtml,2025-04-02 18:29:00,近日有媒体报道，法国奢侈品牌香奈儿将启动中国区战略调整，计划2025年年内将中国员工总数从462人缩减至373人，裁员幅度接近20%，涉及多个部门。对此，香奈儿,
小米辟谣网传雷军致用户和公众的一封信：假的,https://news.sina.com.cn/c/2025-04-02/doc-inerupak2053689.shtml,2025-04-02 18:21:00,4月2日，一篇以雷军之名的《致所有关心小米SU7事故的用户和公众的一封信》在网上传播，信中提到了事故的善后工作包括承诺探寻真相、反思与行动、透明化沟通，以及用十,
信披违规、未按期归还补流募资，塞力医疗及多位高管被罚,https://news.sina.com.cn/o/2025-04-02/doc-inerupam9335288.shtml,2025-04-02 18:19:00,4月1日晚间，塞力医疗连发三条公告。因未按期归还暂时补流的募集资金，塞力医疗被上海证交所通报批评并被湖北证监局责令改正；因未按规定披露关联交易及大股东资金占用情况...,"湖北省,证监局,王政"
剐蹭后男子拒绝“私了”被对方碾压致死，家属发声：他性格很好,https://news.sina.com.cn/c/2025-04-03/doc-inervuwa8585271.shtml,2025-04-02 18:18:00,正在新闻热点组4月1日，海南临高县。16时25分许，临高县X303县道多文镇路段发生一起刑事警情。120急救中心到现场对伤者进行抢救，经抢救无效后死亡。经调查，,
张又侠和尹力参加首都义务植树活动,https://news.sina.com.cn/c/2025-04-02/doc-inerupap3452414.shtml,2025-04-02 18:13:00,中共中央政治局委员、中央军委副主席张又侠2日上午来到北京市通州区绿化地块参加义务植树活动。中共中央政治局委员、北京市委书记尹力参加义务植树。,"张又侠,中央军委,植树"
石泰峰听取部机关深入贯彻中央八项规定精神学习教育开展情况,https://news.sina.com.cn/c/2025-04-02/doc-inerupak2049798.shtml,2025-04-02 18:06:00,4月2日，中共中央政治局委员、中央组织部部长石泰峰听取部机关深入贯彻中央八项规定精神学习教育开展情况。,
王沪宁：做深做实长江生态环境保护民主监督工作,https://news.sina.com.cn/c/2025-04-02/doc-inerupak2046299.shtml,2025-04-02 18:03:00,新华社北京4月2日电 各民主党派中央、无党派人士长江生态环境保护民主监督工作座谈会2日在京召开。中共中央政治局常委、全国政协主席王沪宁出席并讲话。,"民主监督,生态环境保护,王沪宁"
香港特区政府拟规范篮球博彩活动，持牌经营者不得接受未成年人士的投注,https://news.sina.com.cn/c/2025-04-02/doc-inerupam9320299.shtml,2025-04-02 17:43:00,4月2日，香港特区政府就规范篮球博彩活动的建议方案展开公众咨询，咨询期至5月2日。根据香港赛马会的最新评估，去年非法篮球赌博投注额高达700亿至900亿港元。为,
查处重大事故隐患和安全生产违法行为 应急管理部公布4起举报典型案例,https://news.sina.com.cn/c/2025-04-02/doc-inerupap3432048.shtml,2025-04-02 17:23:00,《应急管理部关于进一步加强安全生产举报工作的指导意见》实施以来，各地积极推动并取得明显成效，通过举报查处了一大批重大事故隐患和安全生产违法行为。,"应急管理部,管理局,福安市"
智能药学产教融合创新发展大会暨生物医药集群产才对接专场活动在南京举办,https://news.sina.com.cn/c/2025-04-07/doc-inesismw5814985.shtml,2025-04-02 17:12:00,为深化“1650”产业体系建设，推动政产学研协同创新，加快人工智能赋能生物医药集群高质量发展，3月28日，省工业和信息化厅、中国药科大学在南京共同举办智能药学产教融合创...,"南京市,人工智能"
海南一男子开车反复碾压他人致其身亡 警方通报,https://news.sina.com.cn/c/2025-04-02/doc-inerupap3434617.shtml,2025-04-02 17:06:00,来源：临高警方 [# 警情通报#]2025年4月1日16时25分许，临高县X303县道多文镇路段发生一起刑事警情。120急救中心到现场对伤者进行抢救，经抢救无效后死亡。,
应急管理部公布4起安全生产举报案例,https://news.sina.com.cn/c/2025-04-02/doc-inerupam9308852.shtml,2025-04-02 17:03:00,来源：央视网央视网消息：据应急管理部网站消息，《应急管理部关于进一步加强安全生产举报工作的指导意见》实施以来，各地积极推动并取得明显成效...,"应急管理部,管理局,福安市"
甘南藏族自治州卫生学校原校长赵苏静接受纪律审查和监察调查,https://news.sina.com.cn/c/2025-04-02/doc-inerupah5260606.shtml,2025-04-02 17:00:00,据甘南藏族自治州纪委监委消息：甘南藏族自治州卫生学校原校长赵苏静涉嫌严重违纪违法，目前正接受甘南藏族自治州纪委监委纪律审查和监察调查。,甘南藏族自治州
独家视频丨现场画面来了！山东舰航母编队位台岛以东海空域参加演练,https://news.sina.com.cn/c/2025-04-02/doc-ineruhuk5371968.shtml,2025-04-02 16:57:00,FlashPlayer插件未安装安装插件，如果已经安装请检查是否被禁用undefinedundefined4月2日，中国人民解放军东部战区组织山东舰航母编队位台,
4月2日24时起，国内汽、柴油价格每吨分别上涨230元和220元,https://news.sina.com.cn/c/2025-04-02/doc-ineruhur3556425.shtml,2025-04-02 16:56:00,来源：央视网央视网消息：据国家发改委公告，根据近期国际市场油价变化情况，按照现行成品油价格形成机制，自2025年4月2日24时起，国内汽、柴油价格（标准品...,"柴油,央视网,元和"
车主注意！今晚国内油价调整 油价今晚要上调,https://news.sina.com.cn/c/2025-04-02/doc-ineruhur3550914.shtml,2025-04-02 16:55:00,[[话筒]车主注意！#今晚国内油价调整##油价今晚要上调#]根据国家发展改革委消息，新一轮成品油调价窗口将于今天（4月2日）24时开启。,
中国国民党副主席率团访陆：要和平、要发展、要交流是台湾社会主流民意,https://news.sina.com.cn/c/2025-04-02/doc-inerupap3438309.shtml,2025-04-02 16:54:00,3月29日到4月4日，中国国民党副主席夏立言率团参访河南、江苏两地，这是中国国民党高层今年展开的首次大陆之行。2日下午，国务院台办主任宋涛在江苏徐州会见夏立言一,
七部门：将生产安全事故每人死亡伤残责任全国最低保障限额由30万元提升至40万元,https://news.sina.com.cn/c/2025-04-02/doc-ineruhur3541216.shtml,2025-04-02 16:42:00,应急管理部、财政部、金融监管总局等七部门4月2日对外发布新修订的《安全生产责任保险实施办法》，推动安责险高质量发展。《实施办法》提高了保障额度。将生产安全事故每,
挑动互撕、炒作“运动员CP”！这些体育“饭圈”问题账号被处置,https://news.sina.com.cn/c/2025-04-02/doc-ineruhuk5362944.shtml,2025-04-02 16:37:00,近期，网信部门会同体育主管部门持续加大对网上体育饭圈问题治理力度，依法严惩拉踩引战和攻击谩骂等行为，清理违法违规信息160万余条，处置账号7.6万个...,运动员
新兴际华集团功能性防护性材料项目建设按下“快进键”,https://news.sina.com.cn/c/2025-04-02/doc-ineruhun2123264.shtml,2025-04-02 16:23:00,一季度，坚持科技创新，加速培育以上海实验室为引领、多地实验小试基地为支撑的新兴际华特色实验研发体系，突破尼龙66特种纤维、高性能复材等功能性防护性材料研发及产业化...,上海市
港股收评：恒生指数收跌0.02%，恒生科技指数涨0.35%，小米集团跌超4%,https://news.sina.com.cn/c/2025-04-02/doc-ineruhur3525478.shtml,2025-04-02 16:13:00,4月2日，港股收盘，恒生指数收跌0.02%，恒生科技指数收涨0.35%。消费、科技股走高，周大福涨逾10%，商汤涨逾4%。原材料股下挫，中国宏桥跌逾4%。零跑汽,
美国欧盟日本等指责解放军4月1日在台岛周边联合演训，外交部回应,https://news.sina.com.cn/c/2025-04-02/doc-ineruhun2116928.shtml,2025-04-02 16:08:00,来源：北京日报客户端 4月2日，外交部发言人郭嘉昆主持例行记者会。 法新社记者提问，菲律宾军方负责人表示，如果台湾附近发生冲突，菲律宾将不可避免地卷入...,"外交部,台湾省,菲律宾"
有关部门严厉打击网上体育“饭圈”问题,https://news.sina.com.cn/c/2025-04-02/doc-ineruhur3522802.shtml,2025-04-02 16:07:00,近期，网信部门会同体育主管部门持续加大对网上体育饭圈问题治理力度，依法严惩拉踩引战和攻击谩骂等行为，清理违法违规信息160万余条，处置账号7.6万个...,运动员
国家发展改革委有关负责人就《关于完善价格治理机制的意见》答记者问,https://news.sina.com.cn/c/2025-04-02/doc-ineruhuk5343215.shtml,2025-04-02 16:01:00,价格治理是宏观经济治理的重要内容。为进一步深化价格改革，完善价格治理机制，中办、国办近日印发《关于完善价格治理机制的意见》。为何出台该意见？,国家发展改革委
中办、国办印发《关于完善价格治理机制的意见》,https://news.sina.com.cn/c/2025-04-02/doc-ineruhup9402435.shtml,2025-04-02 16:00:00,中共中央办公厅 国务院办公厅关于完善价格治理机制的意见 （2024年12月5日） 价格治理是宏观经济治理的重要内容。为进一步深化价格改革，完善价格治理机制，经党中央...,国办
台媒：解放军视频首现台北街景，有深意,https://news.sina.com.cn/c/2025-04-02/doc-ineruhun2106858.shtml,2025-04-02 15:50:00,据台湾“中时新闻网”4月2日报道，解放军东部战区4月1日组织陆军、海军、空军、火箭军等兵力，位台岛周边组织舰机多向抵近台岛，强调这是对“台独”分裂势力的严重警告和有力遏...,
小米车祸警示：智驾是助手，不是司机,https://news.sina.com.cn/c/2025-04-02/doc-ineruhur3528587.shtml,2025-04-02 15:50:00,来源：大象新闻 命是自己的，方向盘得自己握。 “小米SU7高速车祸致3死”事件提醒所有驾驶者，智驾虽然方便，但安全意识应该永远高于一切。,
两部门发布4月份全国自然灾害风险形势,https://news.sina.com.cn/c/2025-04-02/doc-ineruhuk5338654.shtml,2025-04-02 15:35:00,来源：央视网央视网消息：据应急管理部网站消息，近日，国家防灾减灾救灾委员会办公室、应急管理部会同自然资源部、水利部、农业农村部、中国气象局、国家能源局...,"甘肃省,云南省,山西省"
外交部回应美欧日涉解放军演训言论,https://news.sina.com.cn/c/2025-04-02/doc-ineruhur3502705.shtml,2025-04-02 15:29:00,来源：财联社财联社4月2日电，外交部4月2日下午举行例行记者会。记者：据报道，美国、欧盟、日本等就中国人民解放军4月1日在台岛周边开展联合演训发表评论...,
太和：规范处分决定执行 增强案件查办效果,https://news.sina.com.cn/c/2025-04-02/doc-ineruhur3496491.shtml,2025-04-02 15:22:00,“赵某某因违反中央八项规定精神、廉洁纪律、工作纪律、国家法律法规被开除党籍和公职……”近期，太和县纪委监委审理室及第一纪检监察室派员到受处分人员所在单位宣布处分决定...,"处分决定送达回证,政务处分"
孙绍骋：有些乡党委书记讲着和省委书记一样的话，结果很多工作难以落细落地,https://news.sina.com.cn/c/2025-04-02/doc-ineruhuk5313894.shtml,2025-04-02 15:16:00,转自：政事儿 4月1日，内蒙古党校（行政学院）网站刊发了内蒙古自治区党委书记、内蒙古党校（行政学院）校长（院长）孙绍骋3月1日在内蒙古党校（行政学院）2025年春季学期...,
从历史风云到经典文献——郭怡孮系列学术文献述评,https://news.sina.com.cn/c/2025-04-02/doc-ineruhun2092528.shtml,2025-04-02 15:16:00,来源：央视网郭怡孮先生2020年摄于海南热带植物园 对历史的总结与塑造，向来是中华文化的核心命题，更是中华民族得以绵延不绝的命脉所在。,
A股收评：三大指数小幅上涨，全市场成交额不足万亿，人形机器人等概念涨幅居前,https://news.sina.com.cn/c/2025-04-02/doc-ineruhur3481932.shtml,2025-04-02 15:03:00,4月2日下午，上证指数收涨0.05%，深证成指收涨0.09%，创业板指收涨0.13%；北证50收涨0.52%。两市成交额约9744.93亿元，较前一个交易日缩量,
商务部：对原产于欧盟的进口相关白兰地反倾销调查延长至2025年7月5日,https://news.sina.com.cn/c/2025-04-02/doc-ineruhur3480455.shtml,2025-04-02 14:58:00,商务部4月2日发布《关于原产于欧盟的进口相关白兰地反倾销调查的延期公告》：根据《中华人民共和国反倾销条例》的规定，2024年1月5日，商务部发布2024年第1号,
商务部：对原产于欧盟的进口相关白兰地反倾销调查延长至2025年7月5日,https://news.sina.com.cn/c/2025-04-02/doc-ineruhun2087002.shtml,2025-04-02 14:53:00,来源：央视网央视网消息：商务部4月2日发布《关于原产于欧盟的进口相关白兰地反倾销调查的延期公告》：根据《中华人民共和国反倾销条例》的规定，2024年1月5日...,"商务部,欧盟"
中国电气装备攻克世界级难题 世界首台超高海拔抽水蓄能成套开关设备研制成功,https://news.sina.com.cn/c/2025-04-02/doc-ineruanq2198998.shtml,2025-04-02 14:34:00,近日，由中国电气装备所属中国西电西开电气自主研制的超高海拔抽水蓄能用成套开关设备通过全部型式试验，标志着我国在全球高海拔电力装备领域实现重大技术突破。,抽水蓄能
银行业保险业支持科技创新“施工图”公布,https://news.sina.com.cn/c/2025-04-02/doc-ineruann5424904.shtml,2025-04-02 14:20:00,金融监管总局、科技部、国家发展改革委1日联合对外发布《银行业保险业科技金融高质量发展实施方案》，从加强科技金融服务机制、产品体系...,科技型企业
高速公路管理中心回应小米汽车事故路况：事故发生后调整了施工状态,https://news.sina.com.cn/c/2025-04-02/doc-ineruhuk5354961.shtml,2025-04-02 14:07:00,封面新闻记者胡倩3月29日晚，一辆小米SU7标准版在安徽铜陵枞阳高速发生严重交通事故，车辆燃烧致三名年轻女孩去世。其中一名死者的母亲告诉封面新闻，女儿今年23岁,
“基层退役军人服务站建设与服务规范研究” 课题申报评审结果公示,https://news.sina.com.cn/c/2025-04-02/doc-ineruanr9480428.shtml,2025-04-02 14:05:00,按照有关程序，现将退役军人事务部2025年“基层退役军人服务站建设与服务规范研究”部级课题申报评审结果（拟承研单位及课题负责人）公示如下：,"退役军人,退役军人事务部"
东部战区组织山东舰航母编队位台岛以东海空域进行对海对陆打击等科目演练,https://news.sina.com.cn/o/2025-04-02/doc-ineruant3586730.shtml,2025-04-02 14:02:00,新京报讯 据@东部战区微博消息，东部战区新闻发言人施毅陆军大校表示，4月2日，中国人民解放军东部战区组织山东舰航母编队位台岛以东海空域，与海空兵力进行舰机协同...,"东部战区,东海,山东舰"
东部战区对台军演新代号意味着什么,https://news.sina.com.cn/c/2025-04-02/doc-ineruann5405515.shtml,2025-04-02 13:38:00,来源：央视网4月1日起，解放军位于台海周边开展“海峡雷霆-2025A”行动，这是针对赖清德谋“独”言行的再一次有力反制。从去年的“联合利剑”行动到如今的“海峡雷霆”行动...,"东部战区,雷霆,解放军"
澳媒称中国科考船系“间谍船”，航经澳海底电缆，中使馆回应,https://news.sina.com.cn/o/2025-04-02/doc-ineruanr9456791.shtml,2025-04-02 13:33:00,新京报讯 据中国驻澳大利亚大使馆官微消息，驻澳大利亚使馆发言人就澳媒炒作中国科考船途径澳附近海域答记者问。 问：据报道，一艘中国科考船日前出现在澳大利亚南部海域。...,"中国,中使馆,澳大利亚"
前哨：中日韩谈了几件大事,https://news.sina.com.cn/c/2025-04-02/doc-ineruant3577745.shtml,2025-04-02 13:33:00,来源：央视网 3月30日，中日韩经贸部长会议在韩国举行。谭主了解到，这次会议的氛围不错，日韩高度重视这场会，大家都说希望合作。,"关税,半导体"
东部战区空军多批次歼轰机模拟打击台岛高价值军事目标,https://news.sina.com.cn/c/2025-04-02/doc-inertweq5514341.shtml,2025-04-02 12:09:00,4月2日，中国人民解放军东部战区位台湾海峡中部、南部相关海域组织“海峡雷霆—2025A”演练。在联合预警体系支撑下，战区空军多批多架歼轰机以战斗编组前出，位台湾,
A股午评：沪指半日涨0.24%，机器人板块再度活跃，可控核聚变概念股回调,https://news.sina.com.cn/c/2025-04-02/doc-inertwet9551542.shtml,2025-04-02 11:35:00,4月2日，A股三大指数集体上涨，截至午盘，沪指涨0.24%，深成指涨0.31%，创业板指涨0.40%，北证50指数涨1.30%。全市场半日成交额6285亿元，较,
张小泉集团及法人被执行31.3亿，债务危机拖垮老字号,https://news.sina.com.cn/c/2025-04-02/doc-ineruann5407694.shtml,2025-04-02 11:32:00,据天眼查法律诉讼信息显示，近日，杭州张小泉集团有限公司、上海富春投资有限公司、张樟生、张国标等新增一条被执行人信息，执行标的31.3亿余元，执行法院为浙江省杭州,
市场监管总局发布《集中用餐单位落实 食品安全主体责任监督管理规定》,https://news.sina.com.cn/c/2025-04-02/doc-inertwev3664240.shtml,2025-04-02 11:11:00,来源：央视网 央视网消息：据国家市场监督管理总局网站消息，近日，市场监管总局发布《集中用餐单位落实食品安全主体责任监督管理规定》（以下简称《规定》）...,"食品安全,规定"
袭艳春，回京履新,https://news.sina.com.cn/c/2025-04-02/doc-inertwes2262973.shtml,2025-04-02 11:09:00,据人力资源和社会保障部网站4月2日消息，国务院任免国家工作人员，任命袭艳春（女）为新华通讯社副社长，免去袁炳忠的新华通讯社副社长职务。袭艳春资料图公开简历显示，,
国务院任免国家工作人员：徐青森任教育部副部长,https://news.sina.com.cn/c/2025-04-02/doc-inertwes2275669.shtml,2025-04-02 10:50:00,来源：央视网央视网消息：据人社部网站消息，国务院任免国家工作人员。任命徐青森为教育部副部长；任命袭艳春（女）为新华通讯社副社长；任命马琰铭为浙江大学校长（副部长...,"国务院,教育部,浙江大学"
国家发改委：将制定公共信用信息授权运营管理办法 发展壮大信用经济,https://news.sina.com.cn/c/2025-04-02/doc-inertwev3647606.shtml,2025-04-02 10:19:00,来源：央视网央视网消息：4月2日，国新办举行新闻发布会，介绍健全社会信用体系有关情况。国家发展改革委副主任李春临会上介绍，近年来...,"国家发改委,国家发展改革委"
东部战区对台军演新代号意味着什么？为何今日公布？,https://news.sina.com.cn/o/2025-04-02/doc-inertrwu2361354.shtml,2025-04-02 10:10:00,据@玉渊谭天 消息，4月2日，中国人民解放军东部战区位台湾海峡中部、南部相关海域组织“海峡雷霆-2025A”演练。 东部战区对台军演新代号意味着什么？,"雷霆,解放军,东部战区"
东部战区陆军部队位东海相关海域实施远程火力实弹射击演练,https://news.sina.com.cn/c/2025-04-02/doc-inertrwx3756000.shtml,2025-04-02 10:04:00,东部战区新闻发言人施毅陆军大校表示，4月2日，中国人民解放军东部战区陆军部队，按照“海峡雷霆-2025A”演练计划，位东海相关海域实施远程火力实弹射击演练，对重要港口...,"陆军,东部战区,实弹射击"
廉语清风丨“匡人于微”与治病救人,https://news.sina.com.cn/c/2025-04-02/doc-inertrwx3749143.shtml,2025-04-02 09:54:00,《了凡四训》中记载了这样一件事：吕文懿公辞去相位回归故里，某日遭一醉酒乡人破口大骂，没有理会，认为“醉者勿与较也”。一年后此人犯死罪入狱，吕文懿公颇为后悔...,洪学智
持续增强基层干部群众减负获得感,https://news.sina.com.cn/c/2025-04-02/doc-inertrwx3749096.shtml,2025-04-02 09:54:00,基层减负，效果如何？且看云南省昆明市西山区一个街道办公室里的变化。 以前，这间办公室犹如“材料的战场”。因工作所需，办公室里堆满台账材料...,基层干部
画里有话丨上好纪念碑下的思政课,https://news.sina.com.cn/c/2025-04-02/doc-inertrws5575261.shtml,2025-04-02 09:54:00,清明节临近，各地组织开展“清明祭英烈”活动，通过献花、默哀等方式表达对革命先烈的崇高敬仰。 图为3月29日，学校师生在位于安徽省亳州市的皖北烈士陵园缅怀先烈。,思政课
多措并举全面铲除腐败滋生的土壤和条件③以反腐惩恶清障碍,https://news.sina.com.cn/c/2025-04-02/doc-inertrws5575204.shtml,2025-04-02 09:54:00,二十届中央纪委四次全会工作报告围绕健全风腐同查同治机制，将“以反腐惩恶清障碍”作为全面铲除腐败滋生的土壤和条件的重要举措，作出系统部署。,"腐败,反腐"
解读：东部战区今天对台演练为何公布代号？,https://news.sina.com.cn/c/2025-04-02/doc-inertrws5570184.shtml,2025-04-02 09:45:00,来源：玉渊谭天 [解读：东部战区今天对台演练为何公布代号] 4月2日，中国人民解放军东部战区位台湾海峡中部、南部相关海域组织“海峡雷霆-2025A”演练，很多网友在疑问...,
A股开盘：三大指数涨跌不一，工业气体、CPO概念股表现强势,https://news.sina.com.cn/c/2025-04-02/doc-inertrws5558687.shtml,2025-04-02 09:28:00,4月2日，A股开盘，上证指数低开0.13%，深证成指低开0.03%，创业板指高开0.07%。工业气体、CPO概念股表现强势，光刻工厂、超导、跨境支付、工业母机概,
9个城市、30个项目 四部门公布首批车网互动规模化应用试点名单,https://news.sina.com.cn/c/2025-04-02/doc-inertrws5558987.shtml,2025-04-02 09:06:00,来源：央视网央视网消息：国家发展改革委办公厅、国家能源局综合司、工业和信息化部办公厅、市场监管总局办公厅发布通知，为支撑新型能源体系和新型电力系统构建...,"国家发展改革委,国家能源局,试点名单"
市场监管总局印发《网络交易合规数据报送管理暂行办法》,https://news.sina.com.cn/c/2025-04-02/doc-inertrwv9604809.shtml,2025-04-02 09:04:00,来源：央视网央视网消息：据市说新语微信公众号消息，近日，市场监管总局印发《网络交易合规数据报送管理暂行办法》（以下简称《办法》），规范网络交易合规数据报送行为...,
坚持优势互补、协同发展 甘肃省积极推动央地国企互惠合作、同向发力,https://news.sina.com.cn/c/2025-04-02/doc-inertrwx3710961.shtml,2025-04-02 09:03:00,近年来，甘肃省深入实施国有企业改革深化提升行动，把加强中央企业和地方国有企业合作作为深化改革、推动高质量发展的引擎。各市州和省属企业加强对接交流...,"甘肃省,中央企业"
全流程数字化！国内船燃加注新标杆诞生,https://news.sina.com.cn/c/2025-04-02/doc-inertrwx3708662.shtml,2025-04-02 08:59:00,4月1日，中远海运集团所属中国船燃在上海洋山深水港完成了全国首单全流程数字保税船燃加注。其间，中国船燃以电子燃油交付单方式为中远海运“CSCL...,"燃油,中远海运,保税"
抖音：网传“字节跳动创始人张一鸣加入新加坡国籍”不实,https://news.sina.com.cn/c/2025-04-02/doc-inertrwx3710041.shtml,2025-04-02 08:59:00,据@抖音黑板报，抖音官方4月2日发布消息称，网传“字节跳动创始人张一鸣加入新加坡国籍”为不实信息。,
【新思想引领新征程】雄安新区绘就高质量的城市发展新画卷,https://news.sina.com.cn/c/xl/2025-04-02/doc-inertrws5531302.shtml,2025-04-02 08:47:00,央视网消息（新闻联播）：设立河北雄安新区是以习近平同志为核心的党中央深入推进京津冀协同发展作出的一项重大决策部署，是千年大计、国家大事。,
壹视界·任仲平文章解读｜改进作风必须自上而下、以上率下,https://news.sina.com.cn/c/xl/2025-04-02/doc-inertrws5530429.shtml,2025-04-02 08:45:00,作风建设，要在引领，形成“头雁效应”。习近平总书记强调：“改进作风必须自上而下、以上率下。” 中央八项规定之所以具有润物细无声的穿透力，关键就在于“从党中央抓起...,
秦皇岛:把警示教育作为党校开学第一课,https://news.sina.com.cn/c/2025-04-02/doc-inertrwv9587210.shtml,2025-04-02 08:45:00,“昔日身边人，今日狱中人，看了这些发生在身边人身上的典型案件，深受触动，令人警醒。”“同为自然资源规划部门的干部，我一定要以郭某某为诫，切实做到自重自省自律。,秦皇岛市
贯彻落实中央纪委四次全会精神 把纪律建设融入日常教育管理监督,https://news.sina.com.cn/c/2025-04-02/doc-inertrwx3702328.shtml,2025-04-02 08:42:00,近日，在福建省泉州市惠安县总医院“以案促改”警示馆里，一场为全县医疗卫生机构“一把手”量身定制的纪律教育大会正在进行。会上播放了该县查处的系列腐败案件警示教育片《“...,"全会,中央纪委,党员干部"
方圆谈丨持续增强基层干部群众减负获得感,https://news.sina.com.cn/c/2025-04-02/doc-inertrws5530068.shtml,2025-04-02 08:41:00,基层减负，效果如何？且看云南省昆明市西山区一个街道办公室里的变化。以前，这间办公室犹如“材料的战场”。因工作所需，办公室里堆满台账材料，手机群里的消息不断刷屏。,"基层干部,方圆"
广安观潮丨多措并举全面铲除腐败滋生的土壤和条件③,https://news.sina.com.cn/c/2025-04-02/doc-inertrwx3702344.shtml,2025-04-02 08:41:00,二十届中央纪委四次全会工作报告围绕健全风腐同查同治机制，将“以反腐惩恶清障碍”作为全面铲除腐败滋生的土壤和条件的重要举措，作出系统部署。,"腐败,广安市,反腐"
中储粮集团跨省协作一盘棋 共绘秋粮收储的丰收“粮”景,https://news.sina.com.cn/c/2025-04-02/doc-inertrwx3698196.shtml,2025-04-02 08:35:00,春回大地，东北地区作为我国重要的粮食主产区，秋粮收购数量大、任务重。2024年适逢深化粮食购销和储备管理体制机制改革第一年，中储粮全面承担收购任务...,秋粮收购
国家能源集团山东公司年发电量突破100亿千瓦时,https://news.sina.com.cn/c/2025-04-02/doc-inertrwu2300743.shtml,2025-04-02 08:35:00,近日，国家能源集团山东公司年发电量达到100.9亿千瓦时，成功突破百亿千瓦时大关，为区域经济发展和能源供应提供了坚实保障。,"山东省,火电"
日均1748班次！国航2025年夏秋新航季同比增长7.3%,https://news.sina.com.cn/c/2025-04-02/doc-inertrwu2300740.shtml,2025-04-02 08:35:00,3月30日，国航开始执行2025年夏秋季航班计划。新航季，国航计划执行462条航线，其中国际客运航线113条、地区航线13条、国内航线336条；共通航45个国家及地区...,"北京市,成都市,温州市"
中国一汽打造全场景智能驾驶解决方案 以科技创新赋能智慧出行,https://news.sina.com.cn/c/2025-04-02/doc-inertrwx3698116.shtml,2025-04-02 08:35:00,在全球汽车产业迈向智能化转型的关键时期，中国一汽以自主创新为引擎，持续推进智能驾驶与智能座舱技术的突破，在近日的红旗品牌智能体验日上...,"中国一汽,智能驾驶"
长二丁火箭成功发射卫星互联网技术试验卫星,https://news.sina.com.cn/c/2025-04-02/doc-inertrwv9579195.shtml,2025-04-02 08:35:00,4月1日，长征二号丁运载火箭在酒泉卫星发射中心点火起飞，随后成功将卫星互联网技术试验卫星送入预定轨道，发射任务取得圆满成功。,"卫星,火箭,运载火箭"
中国石油2024年经营业绩持续增长 油气两大产业链创效能力持续增强,https://news.sina.com.cn/c/2025-04-02/doc-inertrwv9579112.shtml,2025-04-02 08:34:00,3月30日，中国石油宣布，2024年，该公司积极应对形势变化，持续加大勘探开发力度，深入推进炼化转型升级，不断提升市场营销质量，着力实施提质增效行动...,中国石油
爷爷的墨斗与“墨线”,https://news.sina.com.cn/c/2025-04-02/doc-inertrwx3697631.shtml,2025-04-02 08:33:00,“我有一间房，半间租与转轮王，要是射出一条线，天下邪魔不敢挡。”小时候，身为木匠的爷爷经常用这个谜语让我的小伙伴们猜不透，而我却心知肚明...,纪检监察
广西北海探索贯通监督有效路径 纪巡审联动释放叠加效应,https://news.sina.com.cn/c/2025-04-02/doc-inertrwx3697634.shtml,2025-04-02 08:33:00,近日，广西壮族自治区北海市某国有企业工作人员李某和王某因弄虚作假骗取住房公积金贷款受到政务警告处分，相关款项已按程序退回。,"巡察,北海市,纪检监察"
高质量发展践悟丨因地制宜 精准施策,https://news.sina.com.cn/c/2025-04-02/doc-inertrws5525680.shtml,2025-04-02 08:33:00,山东省蒙阴县纪委监委聚焦“校园餐”突出问题，开展集中整治，督促县教育和体育局完善制度机制，切实保障学校食品安全。图为该县纪委监委工作人员在县中小学（幼儿园）大宗食...,巡察
热解读·见微｜中国为何是外资企业投资的沃土？,https://news.sina.com.cn/c/xl/2025-04-02/doc-inertrwx3697969.shtml,2025-04-02 08:33:00,热解读 3月的北京，春意盎然。一场全球瞩目、跨越国界的对话会在人民大会堂举行。 习近平主席与40余位外资企业全球董事长、首席执行官和商协会代表围坐一堂...,外资企业
镜头丨大美三月,https://news.sina.com.cn/c/2025-04-02/doc-inertrwv9578774.shtml,2025-04-02 08:32:00,三月，春光灿烂，春风拂面，人们纷纷走出去，在户外感触春天的气息，尽享春日的美好。 春日，当清早的阳光穿透薄雾，连绵起伏的山峦若隐若现，热气球悠然飘舞在云端...,江西省
玉渊谭天丨东部战区对台军演新代号意味着什么？,https://news.sina.com.cn/c/2025-04-02/doc-inertrwv9581940.shtml,2025-04-02 08:25:00,4月1日起，解放军位于台海周边开展“海峡雷霆-2025A”行动，这是针对赖清德谋“独”言行的再一次有力反制。从去年的“联合利剑”行动到如今的“海峡雷霆”行动...,"台军,雷霆,解放军"
芒果花开农正忙,https://news.sina.com.cn/c/2025-04-02/doc-inertrws5519906.shtml,2025-04-02 08:23:00,喷药、淋水、施肥……春日暖阳，走进广西壮族自治区百色市右江区澄碧湖芒果产业（核心）示范区，满山的芒果树相继开花，果农们忙碌着，抢抓时节保花保果...,百色市
贯彻落实中央纪委四次全会精神 把纪律建设融入日常教育管理监督,https://news.sina.com.cn/c/2025-04-02/doc-inertrwv9568523.shtml,2025-04-02 08:13:00,近日，在福建省泉州市惠安县总医院“以案促改”警示馆里，一场为全县医疗卫生机构“一把手”量身定制的纪律教育大会正在进行。会上播放了该县查处的系列腐败案件警示教育片《“...,"中央纪委,党员干部,全会"
精准规范用好纪检监察建议,https://news.sina.com.cn/c/2025-04-02/doc-inertrwv9568514.shtml,2025-04-02 08:13:00,广西壮族自治区柳州市纪委监委坚持把纪检监察建议运用作为履行监督职责、放大监督效能的重要措施，作为做深做实查办案件“后半篇文章”的重要抓手...,"纪检监察,柳州市"
【8点见】闯大祸！北京女子在路口烧纸祈福引燃9辆车被刑拘,https://news.sina.com.cn/c/2025-04-02/doc-inertrwx3686206.shtml,2025-04-02 08:04:00,来源：央视网央视网消息：每天8点，央视网为您梳理24小时内发生在咱们身边的大小事儿。·4月1日，中国人民解放军东部战区组织舰艇、战机编队，协同常导、远箱火等...,北京市
东部战区位台湾海峡中部、南部相关海域组织“海峡雷霆-2025A”演练,https://news.sina.com.cn/c/2025-04-02/doc-inertmqw2416778.shtml,2025-04-02 08:00:00,新华社南京4月2日电 东部战区新闻发言人施毅陆军大校表示，4月2日，中国人民解放军东部战区位台湾海峡中部、南部相关海域组织“海峡雷霆-2025A”演练，重点实施,
一季度江苏农村产权交易额近50亿元,https://news.sina.com.cn/c/2025-04-02/doc-inertmqx9685753.shtml,2025-04-02 07:32:00,根据全省农村产权交易信息服务平台数据，今年一季度全省各级农村产权交易市场共交易项目4.8万笔、交易金额49.7亿元、溢价金额1.7亿元，交易数量、交易金额...,"无锡市,徐州市,苏州市"
造成6死3伤 河南周口项城市较大爆炸事故初步调查结果公布,https://news.sina.com.cn/o/2025-04-02/doc-inertmqu5630577.shtml,2025-04-02 07:25:00,据央视新闻消息，3月31日，应急管理部发布河南周口红旗生物科技有限公司“3·20”较大爆炸事故初步调查结果，具体如下： 2025年3月20日...,"河南省,周口市,青岛市"
中国驻冰岛使馆提醒在冰中国公民及游客注意防范火山喷发危险,https://news.sina.com.cn/c/2025-04-02/doc-inertrwv9624361.shtml,2025-04-02 07:24:00,来源：央视网央视网消息：据中国驻冰岛大使馆微信公众号消息，当地时间4月1日上午10时，冰岛雷克雅内斯半岛火山再次喷发，这是近一年多来第8次喷发。,"冰岛,中国公民,中国"
新华时评·锲而不舍落实中央八项规定精神丨久久为功，化风成俗,https://news.sina.com.cn/c/2025-04-02/doc-inertmqx9683752.shtml,2025-04-02 07:07:00,当前全党上下正在开展深入贯彻中央八项规定精神学习教育。作风建设如逆水行舟，一篙松劲退千寻，唯有一体推进学查改，融入日常、抓在经常，久久为功...,"新华时评,作风建设"
反间防谍，针对谁？警惕别有用心的刻意误读,https://news.sina.com.cn/c/2025-04-02/doc-inertrwx3755345.shtml,2025-04-02 07:06:00,来源：央视网央视网消息：据国家安全部微信公众号消息，2023年7月1日，新修订的《中华人民共和国反间谍法》公布施行，为新形势下防范打击各种间谍活动...,"间谍,反间谍法,法律"
上好纪念碑下的思政课,https://news.sina.com.cn/c/2025-04-02/doc-inertmqx9678565.shtml,2025-04-02 07:03:00,清明节临近，各地组织开展“清明祭英烈”活动，通过献花、默哀等方式表达对革命先烈的崇高敬仰。 图为3月29日，学校师生在位于安徽省亳州市的皖北烈士陵园缅怀先烈。,思政课
持续增强基层干部群众减负获得感,https://news.sina.com.cn/c/2025-04-02/doc-inertmqz3795341.shtml,2025-04-02 06:52:00,基层减负，效果如何？且看云南省昆明市西山区一个街道办公室里的变化。以前，这间办公室犹如“材料的战场”。因工作所需，办公室里堆满台账材料，手机群里的消息不断刷屏。,基层干部
黔南：用好纪检监察建议书 做好监督执纪“后半篇文章”,https://news.sina.com.cn/c/2025-04-02/doc-inertmqz3797835.shtml,2025-04-02 06:43:00,“请你单位修订完善就业培训资金管理制度，进一步细化明确资金申请、审批、使用、监督及违规责任等方面内容……”近日，黔南州荔波县纪委监委针对县人社局就业培训资金使用问题...,"纪检监察,黔南布依族苗族自治州,黔南州"
亲属违规收礼党员干部可能触犯哪些纪法条款,https://news.sina.com.cn/c/2025-04-02/doc-inertmqx9674383.shtml,2025-04-02 06:42:00,党员干部的亲属违规收礼，该党员干部可能触犯哪些纪法条款，实践中存在不同认识。有观点认为，党员干部亲属违规收礼，大多系党员干部授意、指使...,"党员干部,条例,领导干部"
探索深化各类监督贯通协调有效路径,https://news.sina.com.cn/c/2025-04-02/doc-inertmqz3789745.shtml,2025-04-02 06:32:00,党的二十大报告指出，健全党统一领导、全面覆盖、权威高效的监督体系，完善权力监督制约机制，以党内监督为主导，促进各类监督贯通协调，让权力在阳光下运行。,纪检监察
三堂会审 |  透过购买原始股表象识别利益输送本质,https://news.sina.com.cn/c/2025-04-02/doc-inertmqx9670820.shtml,2025-04-02 06:32:00,特邀嘉宾王瑞琼南京市纪委监委案件审理室副主任李璇南京市纪委监委第四审查调查室副主任夏瑜南京市人民检察院第三检察部副主任王方方南京市中级人民法院刑二庭副庭长编者按...,南京市
以反腐惩恶清障碍,https://news.sina.com.cn/c/2025-04-02/doc-inertmqz3788079.shtml,2025-04-02 06:22:00,二十届中央纪委四次全会工作报告围绕健全风腐同查同治机制，将“以反腐惩恶清障碍”作为全面铲除腐败滋生的土壤和条件的重要举措，作出系统部署。,"腐败,反腐"
“匡人于微”与治病救人,https://news.sina.com.cn/c/2025-04-02/doc-inertmqx9669146.shtml,2025-04-02 06:22:00,《了凡四训》中记载了这样一件事：吕文懿公辞去相位回归故里，某日遭一醉酒乡人破口大骂，没有理会，认为“醉者勿与较也”。一年后此人犯死罪入狱，吕文懿公颇为后悔...,洪学智
定西：做实巡察整改 助力退役军人就业创业,https://news.sina.com.cn/c/2025-04-02/doc-inertmqu5610943.shtml,2025-04-02 06:12:00,春节前夕，定西市退役军人事务局的抖音直播间人气火爆，征选的该市9家军创企业46款单品上架，陇西腊肉、岷县点心、黄芪切片、漳县木耳等产品备受青睐...,"退役军人,巡察,就业"
驻省供销联社纪检监察组：下沉监督护春耕,https://news.sina.com.cn/c/2025-04-02/doc-inertmqu5610942.shtml,2025-04-02 06:12:00,备农资、翻田地、育秧苗……眼下，陇原大地春耕春种陆续展开，处处充盈着希望、孕育着生机。在春耕保供的关键时期，省纪委监委派驻省供销联社纪检监察组前往兰州、天水等地...,"纪检,天水市"
孕妇乘网约车遇车祸流产 网约车平台被判担全责,https://news.sina.com.cn/c/2025-04-02/doc-inertmqz3785525.shtml,2025-04-02 06:02:00,因司机违规驾驶 网约车发生车祸 车上孕妇不幸流产 意外突如其来 责任由谁承担？ 近日 上海市浦东新区人民法院 审理了这样一起 公路旅客运输合同纠纷案 ↓↓↓ 网约车司机违规...,
整治疯狂“追星”乱象 首都机场公安对31名粉丝行政处罚,https://news.sina.com.cn/c/2025-04-02/doc-inertfhz9778845.shtml,2025-04-02 03:59:00,近年来 “饭圈”文化引发的问题频发 粉丝疯狂“追星”的行为 扰乱了公共场所秩序 侵害了其他旅客的正当权益 也为公共安全埋下了隐患 针对粉丝在登机口聚集追拍 进入隔离区后...,"公安,首都机场"
两杆破百！丁俊晖10-3马克-威廉姆斯，晋级斯诺克巡回锦标赛8强,https://news.sina.com.cn/2025-04-02/doc-inertfic3900545.shtml,2025-04-02 03:31:00,来源：直播吧 直播吧4月2日讯2025斯诺克巡回锦标赛12进8轮次，丁俊晖以10-3的比分战胜马克-威廉姆斯，晋级8强。 全场比赛丁俊晖打出两杆破百（116、102）和六杆50+（63...,
公网服务器“裸奔”被不法分子远程控制 某企业被依法查处,https://news.sina.com.cn/c/2025-04-02/doc-inersyyy5816825.shtml,2025-04-02 02:49:00,你是否还在侥幸 认为网络安全离你的企业很遥远？ 2025年的一起真实案例告诉你 网络安全就在身边！ 案情回顾 2025年2月，江西赣州公安网安部门在日常监督检查中发现...,
券商去年分仓总收入109.86亿元 中信证券居榜首,https://news.sina.com.cn/c/2025-04-02/doc-inersyza2576252.shtml,2025-04-02 02:04:00,每经记者 李娜 每经编辑 肖芮冬 随着公募基金2024年年报披露完毕，券商的2024年分仓收入也揭晓。 《每日经济新闻》记者注意到，2024年，公募基金股票交易总额出现下滑...,"券商,证券,中信证券"
事关失信记录修复、网购诚信 健全社会信用体系23项举措发布,https://news.sina.com.cn/c/2025-04-02/doc-inersyzf4003070.shtml,2025-04-02 01:13:00,中共中央办公厅、国务院办公厅近日印发《关于健全社会信用体系的意见》（以下简称《意见》），部署了23项政策举措，涉及构建覆盖各类主体的社会信用体系...,
胜算几成？郑钦文查尔斯顿站第二轮对手确定，将战希腊名将萨卡里,https://news.sina.com.cn/2025-04-02/doc-inersuth0010602.shtml,2025-04-02 00:50:00,来源：直播吧 直播吧4月2日讯 WTA500查尔斯顿站，郑钦文第二轮对手确定，将迎战希腊好手萨卡里。 萨卡里在刚刚结束的比赛中，2比0击败了斯塔库斯奇。,
肖国栋10比8击败吴宜泽晋级斯诺克巡回锦标赛8强，将战希金斯,https://news.sina.com.cn/2025-04-02/doc-inersuti4121459.shtml,2025-04-02 00:16:00,来源：直播吧 直播吧4月2日讯 在刚刚结束的斯诺克巡回锦标赛12进8轮次的一场比赛中，肖国栋10比8击败吴宜泽，晋级8强。 全场比赛肖国栋打出四杆50+...,
河南周口项城市“3·20”较大爆炸事故初步调查结果公布,https://news.sina.com.cn/c/2025-04-01/doc-inersuti4111210.shtml,2025-04-01 23:27:00,3月31日，应急管理部发布河南周口红旗生物科技有限公司“3·20”较大爆炸事故初步调查结果，具体如下： 2025年3月20日，河南省周口市项城市红旗生物科技有限公司发生爆炸事故...,
东部战区半月两次位台岛周边演训，这次演练内容有新变化,https://news.sina.com.cn/c/2025-04-02/doc-inersuta5878244.shtml,2025-04-01 22:57:00,来源：北京青年报 撰文丨李岩 4月1日，东部战区新闻发言人施毅陆军大校发布消息—— 4月1日开始，中国人民解放军东部战区组织陆军、海军、空军、火箭军等兵力...,"东部战区,解放军"
雷军回应SU7车祸：很多问题此刻还没办法回答，承诺无论发生什么小米都不会回避,https://news.sina.com.cn/c/2025-04-01/doc-inersqme5994227.shtml,2025-04-01 22:26:00,来源：澎湃新闻 29日晚上的这起事故，我的心情非常沉重。三位年轻女孩不幸离世，这样的消息，对她们的家人、朋友，乃至我们每一个人，都是难以承受的悲痛。,
雷军回应SU7车祸：很多问题此刻还没办法回答，承诺无论发生什么小米都不会回避,https://news.sina.com.cn/c/2025-04-01/doc-inersqma7112127.shtml,2025-04-01 22:22:00,来源：澎湃新闻 29日晚上的这起事故，我的心情非常沉重。三位年轻女孩不幸离世，这样的消息，对她们的家人、朋友，乃至我们每一个人，都是难以承受的悲痛。,"车祸,雷军,小米"
安徽SU7事故发生后，小米官方为什么不联系家属？小米汽车回应,https://news.sina.com.cn/c/2025-04-01/doc-inersqmh2767031.shtml,2025-04-01 22:21:00,来源：小米汽车 01 网上传闻，安徽事故发生后，小米官方为什么不联系家属？ 碰撞发生后，我们立即与车主取得联系，了解到非车主本人在驾驶。,
小米SU7遇难者母亲回应“驾龄争议”等问题,https://news.sina.com.cn/c/2025-04-01/doc-inersqmk0099492.shtml,2025-04-01 21:57:00,近日，小米SU7在高速路上碰撞后爆燃致三人死亡。4月1日晚，其中一位受害女孩的妈妈@诗雨370491153再发文：对于我女儿最主要的几点问题，我做出以下回应。首,
强脑科技首次于交个朋友直播间展示脑机接口技术,https://news.sina.com.cn/c/2025-04-01/doc-inersqmk0097540.shtml,2025-04-01 21:54:00,4月1日晚间，杭州“六小龙”之一的强脑科技出现在交个朋友抖音直播间，展示公司的前沿技术。这是“非侵入式脑机接口”技术首次通过直播间进入公众视野。直播当晚，强脑科,
中央港澳办再发《大公报》社评，事关长和巴拿马交易,https://news.sina.com.cn/c/2025-04-01/doc-inersqmh2759074.shtml,2025-04-01 21:38:00,4月1日，中央港澳工作办公室、国务院港澳事务办公室官方网站在“涉港澳资讯”一栏再度转发香港大公报社评《依法审查长和“非一般买卖”香港政商界坚决支持“有国家作靠山,
王毅谈中美贸易战：若美继续搞各种讹诈，中方必将坚决反制,https://news.sina.com.cn/c/2025-04-01/doc-inersqme5981331.shtml,2025-04-01 21:26:00,当地时间4月1日，中共中央政治局委员、外交部长王毅在应邀对俄罗斯进行正式访问期间接受了“今日俄罗斯”国际媒体集团专访。记者问及中美贸易战将何去何从？中方是否将进,
王毅同俄罗斯外长拉夫罗夫会谈,https://news.sina.com.cn/c/2025-04-01/doc-inersqma7091654.shtml,2025-04-01 21:15:00,当地时间2025年4月1日，中共中央政治局委员、外交部长王毅在莫斯科同俄罗斯外长拉夫罗夫举行会谈。 王毅说，今年以来，习近平主席同普京总统两度战略沟通...,"王毅,拉夫罗夫,中国"
美国作出环氧树脂双反终裁,https://news.sina.com.cn/c/2025-04-01/doc-inersqmh2742205.shtml,2025-04-01 21:05:00,据中国贸易救济信息网，3月31日，美国商务部发布公告，对进口自中国、印度、韩国、泰国4国和中国台湾地区的环氧树脂（EpoxyResins）作出反倾销终裁，因中国,
印度对华数字胶印印版作出反补贴终裁,https://news.sina.com.cn/c/2025-04-01/doc-inersqme5967251.shtml,2025-04-01 21:04:00,据中国贸易救济信息网，3月28日，印度商工部发布公告，对原产于或进口自中国大陆和中国台湾地区的数字胶印印版（DigitalOffsetPrintingPlate,
印度对华塑料加工机械作出反倾销终裁,https://news.sina.com.cn/c/2025-04-01/doc-inersqmk0076705.shtml,2025-04-01 21:03:00,据中国贸易救济信息网，3月27日，印度商工部发布公告，对原产于或进口自中国大陆和中国台湾地区的塑料加工机械（PlasticProcessingMachines）,
印度对涉华叔丁醇钾和叔丁醇钠作出反倾销终裁,https://news.sina.com.cn/c/2025-04-01/doc-inersqma7086476.shtml,2025-04-01 21:03:00,据中国贸易救济信息网，3月25日，印度商工部发布公告，对原产于或进口自中国的叔丁醇钾[PotassiumTertiaryButoxide(KTB)]和叔丁醇钠[,
一见·这两次与企业家交流，有一些相同的关键词,https://news.sina.com.cn/c/xl/2025-04-01/doc-inerskce7201041.shtml,2025-04-01 20:18:00,2月17日，在京出席民营企业座谈会；3月28日，在京会见国际工商界代表。 春日的北京，习近平总书记这两次与企业家交流，凝聚共识、传递信心...,
河南一制药厂爆炸致7死3伤 系非法生产事故处置过程中发生二次爆炸,https://news.sina.com.cn/c/2025-04-01/doc-inerskck2851546.shtml,2025-04-01 20:05:00,【#河南一制药厂爆炸致7死3伤#系非法生产事故处置过程中发生二次爆炸】#河南一制药厂非法生产发生爆炸#4月1日，@新京报记者从权威部门获悉，3月20日，河南省项,
王毅谈俄美元首通话成果：和平不能坐等 需要积极争取,https://news.sina.com.cn/c/2025-04-01/doc-inersqmh2747011.shtml,2025-04-01 19:51:00,当地时间4月1日，中共中央政治局委员、外交部长王毅在应邀对俄罗斯进行正式访问期间接受了“今日俄罗斯”国际媒体集团专访。,"王毅,中国,普京"
清明节假期期间预计约有458万人次进出香港,https://news.sina.com.cn/c/2025-04-01/doc-inerskce7200036.shtml,2025-04-01 19:50:00,来源：央视网央视网消息：据@大湾区之声 微博消息，今年清明节假期期间（即4月3日至4月6日），香港特区政府入境事务处（入境处）预计约有458万人次（包括香港居民及访客）...,"清明节,香港"
郭嘉昆：中方敦促美方停止借涉藏问题干涉中国内政,https://news.sina.com.cn/c/2025-04-01/doc-inerskce7190636.shtml,2025-04-01 19:47:00,“外交部发言人办公室”消息，在4月1日外交部例行记者会上，总台央视记者提问：3月31日，美国国务卿鲁比奥在国务院网站发布声明称，中国拒绝美国外交官、记者等进入藏区...,"中国,美国,涉藏问题"
郭嘉昆：中方坚决反对美国国务院发布涉港报告并制裁中方人员,https://news.sina.com.cn/c/2025-04-01/doc-inerskcn0180573.shtml,2025-04-01 19:47:00,郭嘉昆：美方再度发布充斥谎言谬论的所谓“报告”，抹黑“一国两制”，攻击香港国安法和香港国安条例，诋毁香港民主、法治、自由、人权状况，干预香港国安案件审理...,"香港,美国,中国"
缅甸震后农村：数百灾民佛堂避难，父母送孩子做义务消防员,https://news.sina.com.cn/o/2025-04-01/doc-inerskce7187727.shtml,2025-04-01 19:43:00,3月28日地震发生后，曼德勒市郊区的一座佛寺sein pan kyang thit kyaung接待了至少800名灾民。灾民来自附近的6个村庄，他们的家都被震裂开了口子，房里坠着电线...,"消防员,缅甸,农村"
解析：解放军“蟒蛇战术”震撼登场 全面锁岛预演,https://news.sina.com.cn/c/2025-04-01/doc-inerskce7206216.shtml,2025-04-01 19:39:00,直新闻：刘先生，在您看来，解放军东部战区今天在台湾岛周边展开的联合演训，都具备一些什么样的特点？特约评论员刘和平：我认为，东部战区这次演训的最大特点，其实就隐,
小米SU7事故遇难者母亲：诸多问题有待回答，期待厘清真相,https://news.sina.com.cn/c/2025-04-01/doc-inerskck2833746.shtml,2025-04-01 19:23:00,来源：澎湃新闻 小米披露SU7高速事故细节后，仍有诸多疑问待解。 4月1日，小米SU7事故中遇难的罗某母亲在接受澎湃新闻记者采访时表示...,"小米,遇难者"
竖屏微视频｜卫星瞰“千年之城”雄安的拔节生长,https://news.sina.com.cn/c/xl/2025-04-01/doc-inerskcn0155609.shtml,2025-04-01 18:58:00,从高空俯瞰，华北平原上，一座新城破土、萌芽、生长。雄安新区，从“一张白纸”着墨，讲述着日新月异的变迁故事。河北雄安新区的设立，是千年大计、国家大事。从谋划选址到,
习近平同印度总统穆尔穆就中印建交75周年互致贺电,https://news.sina.com.cn/c/xl/2025-04-01/doc-inerskck2820028.shtml,2025-04-01 18:57:00,原标题：习近平同印度总统穆尔穆就中印建交75周年互致贺电李强同印度总理莫迪互致贺电新华社北京4月1日电 4月1日，国家主席习近平同印度总统穆尔穆互致贺电，庆祝两,
国台办：强烈谴责民进党当局欺凌大陆配偶恶劣行径,https://news.sina.com.cn/c/2025-04-01/doc-inerskce7159380.shtml,2025-04-01 18:40:00,据国务院台办消息，有记者提问，民进党当局日前以发表“武统”言论为由，废止陆配“恩绮”、“小微”居留许可并要求限期离境。2人抗议无果后，前者昨天自行离台，后者今日,
小米SU7高速上碰撞爆燃致3人死亡，小米通报后三大疑问待解,https://news.sina.com.cn/c/2025-04-01/doc-inerskch6031995.shtml,2025-04-01 18:32:00,来源：南方日报 [小米SU7高速上碰撞爆燃致3人死亡，#小米通报后三大疑问待解#]2025年3月29日，一辆小米SU7在安徽铜陵高速路上碰撞后爆燃。,
长城汽车一季度总销量25.68万辆，同比减少6.73%,https://news.sina.com.cn/c/2025-04-01/doc-inerskch6036393.shtml,2025-04-01 18:32:00,"4月1日，长城汽车发布产销快报：2025年3月总销量97,991辆，同比减少2.28%；总产量100,067辆，同比减少6.67%。2025年1-3月总销量25",
农业农村部部署2025年“绿剑护粮安”执法行动,https://news.sina.com.cn/c/2025-04-01/doc-inerskce7170843.shtml,2025-04-01 18:23:00,来源：央视网央视网消息：据农业农村部网站消息，为充分发挥农业执法对“三农”中心工作的服务保障作用，夯实国家粮食安全根基，近日...,"农业农村部,通知,农产品"
人大教授岳希明：我国个人所得税“起征点”不宜进一步提高,https://news.sina.com.cn/c/2025-04-01/doc-inerscvk6151112.shtml,2025-04-01 18:02:00,来源：澎湃新闻 3月31日，国家税务总局党委机关报《中国税务报》刊发了中国人民大学教授岳希明署名撰写的《我国个人所得税“起征点”不宜进一步提高》一文。,"费用,个税,起征点"
十四届甘肃省委第六轮巡视对象公布,https://news.sina.com.cn/c/2025-04-01/doc-inerskcn0144659.shtml,2025-04-01 17:50:00,记者从4月1日召开的十四届甘肃省委第六轮巡视动员部署会上获悉，根据省委巡视工作统一部署，十四届省委第六轮巡视将对省社会科学院、省农业科学院...,
国家助学贷款本金延期申请 多家银行今起陆续受理,https://news.sina.com.cn/c/2025-04-01/doc-inerscvq0261186.shtml,2025-04-01 17:48:00,记者今天从国家开发银行、中国银行了解到，根据财政部、教育部、中国人民银行、金融监管总局《关于做好2025年国家助学贷款免息及本金延期偿还工作的通知》要求...,"助学贷款,银行,本金"
高德已上线缅甸震区卫星实景地图，为救援队提供技术支持,https://news.sina.com.cn/c/2025-04-01/doc-inerscvn2911107.shtml,2025-04-01 17:35:00,4月1日，针对缅甸地震灾害，高德经过紧急协调和技术筹备，结合渲染和世界地图服务能力，上线震区卫星实景地图系统，支撑现场救援组织，观察了解缅甸震区建筑和道路的损毁,
成都：部分不良自媒体发布虚假不实信息且涉嫌干扰官方平台正常运行已被依法抓捕,https://news.sina.com.cn/c/2025-04-01/doc-inerscvh7248835.shtml,2025-04-01 17:18:00,4月1日，成都住建局通报，近期，成都住建局发现部分不良自媒体通过大型互联网平台发布“可通过外挂手段代抢保障性租赁住房”的虚假不实信息，且涉嫌干扰我市住房保障服务,
商务部：2025年1—2月我国服务进出口总额13095.6亿元 同比增长9.9%,https://news.sina.com.cn/c/2025-04-01/doc-inerscvh7261004.shtml,2025-04-01 17:15:00,来源：央视网央视网消息：据商务部网站消息，2025年1-2月，我国服务贸易较快增长，服务进出口总额13095.6亿元（人民币，下同），同比增长9.9%。,"商务部,央视网,进出口总额"
国羽何济霆疑似被女友爆料：痛骂队友、教练、领导，参与赌博,https://news.sina.com.cn/c/2025-04-01/doc-inerskce7179442.shtml,2025-04-01 17:14:00,疑似国家队羽毛球运动员何济霆的女友、微博用户yygch-在网上爆料多段聊天记录和电话录音，直指何济霆辱骂队友、教练、领导乃至乒乓球圈，甚至还参与赌博。在这段时间,
江苏省工业企业节能降碳政策与技术宣贯服务活动在扬州举办,https://news.sina.com.cn/c/2025-04-07/doc-inesismq1364915.shtml,2025-04-01 17:12:00,3月28日，江苏省工业企业节能降碳政策与技术宣贯服务活动在扬州举办。省工业和信息化厅党组成员、副厅长石晓鹏出席活动并致辞。,"扬州市,江苏省"
学习问答·加强党的作风建设③作风问题的核心是什么？为什么？,https://news.sina.com.cn/c/2025-04-01/doc-inerscvq0241872.shtml,2025-04-01 17:10:00,来源：中央纪委国家监委网站,"作风建设,中央纪委"
民生银行：已向东方集团就欠款提起公诉 不会对经营产生重大影响,https://news.sina.com.cn/o/2025-04-01/doc-inerscvq0233808.shtml,2025-04-01 17:08:00,新京报贝壳财经讯（记者姜樊）4月1日，民生银行副行长黄红日在2024年业绩发布会上回应了东方集团欠款的问题。他表示，东方集团在该行总体贷款占比不高...,"民生银行,欠款,北京市"
学习问答·加强党的作风建设③作风问题的核心是什么？为什么？,https://news.sina.com.cn/c/2025-04-01/doc-inerscvq0229527.shtml,2025-04-01 16:58:00,来源：中央纪委国家监委网站,"作风建设,中央纪委"
小米SU7爆燃遇难者父亲：女儿遗体已碳化，车企仍没来联系,https://news.sina.com.cn/c/2025-04-01/doc-inerscvh7223137.shtml,2025-04-01 16:30:00,“小米SU7高速上碰撞爆燃致人员伤亡”一事持续发酵。4月1日，遇难者父亲罗先生向南都记者表示，“我女儿和她的同学被活活烧死，第三位女孩被送到医院抢救无效死亡。我,
小米回应SU7碰撞燃烧事故，车门疑似无法打开,https://news.sina.com.cn/o/2025-04-01/doc-inerrxps0328564.shtml,2025-04-01 16:07:00,家属称，质疑的点有很多，包括为什么车门会锁等，希望小米能够正面回应。 近日，一辆小米SU7 在高速公路上碰撞爆燃一事引发关注。,小米
外交部：提醒在菲律宾及拟赴菲中国公民加强安全防范,https://news.sina.com.cn/c/2025-04-01/doc-inerscvq0199679.shtml,2025-04-01 16:06:00,来源：央视网 央视网消息：外交部领事司4月1日发文，提醒在菲律宾及拟赴菲中国公民加强安全防范。 近段时间以来，菲律宾社会治安不靖...,"外交部,菲律宾,中国公民"
小米官方公布SU7高速车祸的相关数据，遇难者家属：2秒内反应不现实,https://news.sina.com.cn/c/2025-04-01/doc-inerrxpn6220339.shtml,2025-04-01 16:04:00,来源：澎湃新闻 4月1日12时46分，小米公司发言人微博回应“一辆小米SU7在高速公路上遭遇严重交通事故致3人死亡”一事。 据小米公布的行车记录信息，在3月29日 22：44：24...,"小米,车祸,遇难者"
王兴兴：蚂蚁集团和中国移动计划投资宇树科技为不实消息,https://news.sina.com.cn/o/2025-04-01/doc-inerrxps0317841.shtml,2025-04-01 15:52:00,新京报贝壳财经讯（记者 张晗）4月1日，有媒体报道称，机器人独角兽公司宇树科技计划引入新投资方，包括蚂蚁集团和中国移动，目前还在沟通具体投资份额。,"贝壳财经,中国移动,新京报"
海外“顶流”网红中国行引发热议，外交部答澎湃：展现一个没有滤镜的真实中国,https://news.sina.com.cn/c/2025-04-01/doc-inerrxps0316002.shtml,2025-04-01 15:49:00,来源：澎湃新闻 4月1日，外交部发言人郭嘉昆主持例行记者会。 澎湃新闻（www.thepaper.cn）记者提问，最近，不少外国朋友来华旅游...,
三部门联合发布《银行业保险业科技金融高质量发展实施方案》,https://news.sina.com.cn/c/2025-04-01/doc-inerrxps0327476.shtml,2025-04-01 15:45:00,来源：央视网央视网消息：据国家金融监督管理总局网站消息，为贯彻落实中央经济工作会议、中央金融工作会议、全国科技大会精神，按照《国务院办公厅关于做好金融“五篇大文...,"科技型企业,科技保险,央视网"
税收被称为经济“晴雨表”，税务总局这场发布会信息量很大,https://news.sina.com.cn/c/2025-04-01/doc-inerrxpk7324033.shtml,2025-04-01 15:45:00,税收被称为经济“晴雨表”，最新税收数据显示今年经济高质量发展开局良好。4月1日，国家税务总局召开新闻发布会，介绍今年全国税收宣传月相关情况。税务总局副局长王道树,
外交部：中印实现“龙象共舞”是双方的正确选择,https://news.sina.com.cn/c/2025-04-01/doc-inerrxps0323292.shtml,2025-04-01 15:41:00,4月1日，外交部发言人郭嘉昆主持例行记者会。有记者提问，今天是中国和印度建交75周年纪念日，中方如何评价中印关系的整体发展，对两国关系未来有何展望？,"外交部,中印关系,印度"
外交部：祝贺吉、塔、乌签署三国国界交汇点条约,https://news.sina.com.cn/c/2025-04-01/doc-inerrxpk7327956.shtml,2025-04-01 15:41:00,4月1日，外交部发言人郭嘉昆主持例行记者会。总台央视记者提问，3月31日，吉尔吉斯斯坦、塔吉克斯坦、乌兹别克斯坦三国总统签署三国国界交汇点条约...,"吉尔吉斯斯坦,乌兹别克斯坦,外交部"
外交部：美粗暴干涉西藏事务严重违反国际法,https://news.sina.com.cn/c/2025-04-01/doc-inerrxpk7327345.shtml,2025-04-01 15:41:00,4月1日，外交部发言人郭嘉昆主持例行记者会，总台央视记者就美国国务卿鲁比奥发表声明称对部分中方官员实施签证限制一事提问。,"外交部,西藏,中国"
外交部回应解放军位台岛周边联合演训,https://news.sina.com.cn/o/2025-04-01/doc-inerrxps0310101.shtml,2025-04-01 15:36:00,据@日月谭天 消息，4月1日下午，外交部举行例行记者会，有记者就解放军位台岛周边联合演训进行提问。 外交部发言人郭嘉昆：东部战区和国务院台办已经对外发布了消息。,"外交部,解放军,台湾省"
王毅：中俄关系有利于推进世界多极化,https://news.sina.com.cn/c/2025-04-01/doc-inerrxpq2981203.shtml,2025-04-01 15:35:00,新京报讯 据外交部消息，当地时间2025年4月1日，中共中央政治局委员、外交部长王毅在应邀对俄罗斯进行正式访问期间接受了“今日俄罗斯”国际媒体集团专访。,"王毅,中俄关系"
王毅谈中俄务实合作成果和目标,https://news.sina.com.cn/c/2025-04-01/doc-inerrxpn6208297.shtml,2025-04-01 15:33:00,当地时间2025年4月1日，中共中央政治局委员、外交部长王毅在应邀对俄罗斯进行正式访问期间接受了“今日俄罗斯”国际媒体集团专访。,"王毅,中俄,俄罗斯"
外交部回应解放军位台岛周边联合演训,https://news.sina.com.cn/c/2025-04-01/doc-inerrxps0310395.shtml,2025-04-01 15:32:00,4月1日下午，外交部举行例行记者会，有记者就解放军位台岛周边联合演训进行提问。外交部发言人郭嘉昆：东部战区和国务院台办已经对外发布了消息。中方有关联合演训是对“,
纪法百科·一图读懂应知应会党纪法规 中国共产党组织工作条例,https://news.sina.com.cn/c/2025-04-01/doc-inerrxps0314036.shtml,2025-04-01 15:28:00,来源：中央纪委国家监委网站,"中国共产党,中央纪委"
2025年国家助学贷款免息且本金可延期偿还,https://news.sina.com.cn/c/2025-04-01/doc-inerrxpk7326847.shtml,2025-04-01 15:27:00,记者31日从财政部了解到，财政部、教育部、中国人民银行、国家金融监管总局日前发布通知称，决定2025年延续实施国家助学贷款免息及本金延期偿还政策。,助学贷款
纪法百科·一图读懂应知应会党纪法规,https://news.sina.com.cn/c/2025-04-01/doc-inerrxps0314181.shtml,2025-04-01 15:24:00,来源：中央纪委国家监委网站,
车企“抢先”公开事故车信息，合适吗？,https://news.sina.com.cn/c/2025-04-01/doc-inerrxpk7318295.shtml,2025-04-01 15:23:00,#专家谈车企抢先公开事故车信息#【车企“抢先”公开事故车信息，合适吗？】4月1日，“小米SU7在高速公路撞上护栏起火燃烧致三人死亡”的事件成为了全社会关注的话题,
麦当劳北京、上海两城上线京东外卖，不到一周日均单量超2万,https://news.sina.com.cn/c/2025-04-01/doc-inerrxpq2967993.shtml,2025-04-01 15:08:00,4月1日消息，界面新闻从知情人士处获悉，麦当劳北京、上海两地部分门店自3月27日上线京东外卖启动测试后，不到一周时间，其在京东外卖上的日均单量已突破2万单。据相,
A股收评：上证指数收涨0.38%，创业板指跌0.09%，医药股领涨，AI概念回调,https://news.sina.com.cn/c/2025-04-01/doc-inerrxps0293554.shtml,2025-04-01 15:03:00,4月1日，A股三大指数涨跌不一，截至收盘，上证指数收涨0.38%，深证成指收跌0.01%，创业板指收跌0.09%；北证50收涨0.42%。两市成交额约11322,
福建海警位东引岛、乌丘屿附近海域开展综合执法巡查,https://news.sina.com.cn/c/2025-04-01/doc-inerrxpn6183851.shtml,2025-04-01 15:00:00,4月1日，福建海警组织舰艇编队位东引岛、乌丘屿附近海域开展综合执法巡查，重点开展查证识别、临检拿捕、管控驱离等科目演练，检验快速反应、应急处置能力。,
安徽致命智驾3死背后：母亲曾多次劝告女儿，盲目相信智驾很危险,https://news.sina.com.cn/c/2025-04-01/doc-inerrxpn6205571.shtml,2025-04-01 14:53:00,3月29日，晚9点，武汉某高校学生罗某、同学李某与另一所学校朋友霍某，结伴出发安徽池州参加某岗位的事业编制考试。罗某的母亲张洁(化名)告诉《正在新闻》，罗某出发,
东部战区位台岛北部、南部及以东海域开展多科目演练,https://news.sina.com.cn/c/2025-04-01/doc-inerrxpn6179915.shtml,2025-04-01 14:50:00,4月1日，中国人民解放军东部战区组织舰艇、战机编队，协同常导、远箱火等，位台岛北部、南部及以东海域，开展空中截击、对海突击、对陆打击、联合封控等科目演练...,
海南“千企千项金融赋能行动计划”启动,https://news.sina.com.cn/c/2025-04-01/doc-inerrxpq2947367.shtml,2025-04-01 14:31:00,南海网3月31日消息(记者 汪慧 通讯员句梦月)记者从海南省金融发展促进会获悉，备受关注的《千企千项金融赋能行动计划工作方案》于3月31日正式印发...,"自贸港,南海网,金融产品"
中国矿产资源集团第一季度重点项目建设日新月异,https://news.sina.com.cn/c/2025-04-01/doc-inerrxpn6171785.shtml,2025-04-01 14:30:00,近日， 中国矿产紧紧抓住醒春启航的关键期，加速推进重点项目建设，推动全年工作开好局起好步。中国矿产雄安总部项目建设一派火热。,中国
美贸易报告点名台湾地区对美猪设限，台媒批：“欺人太甚”,https://news.sina.com.cn/c/2025-04-01/doc-inerrxps0277073.shtml,2025-04-01 14:26:00,来源：环球网 [环球网报道]据台湾《联合报》4月1日报道，美国贸易代表署（USTR）在当地时间3月31日发布“2025年对外贸易障碍评估报告”...,"台湾省,台媒,联合报"
税务部门去年对169名网络主播开展检查，查补收入8.99亿元,https://news.sina.com.cn/o/2025-04-01/doc-inerrxpn6168287.shtml,2025-04-01 14:18:00,新京报讯（记者姜慧梓）4月1日，第34个全国税收宣传月正式启动。记者获悉，2024年，税务部门共对169名网络主播开展检查，累计查补收入8.99亿元。,"税务部门,税收"
破、踏、劈、斩！现场视频感受海军舰艇围岛进逼压迫感,https://news.sina.com.cn/c/2025-04-01/doc-inerrtfs3058328.shtml,2025-04-01 13:23:00,破浪！ 踏浪！ 劈浪！ 斩浪！ 4月1日 中国人民解放军东部战区 组织陆海空火等兵力 位台岛周边组织舰机多向抵近台岛 开展联合演训 现场视频...,海军舰艇
税务部门公布5起偷逃税款被处罚案件,https://news.sina.com.cn/c/2025-04-01/doc-inerrxps0262678.shtml,2025-04-01 13:19:00,来源：央视网 央视网消息：据国家税务总局消息，4月1日，税务部门公布5起偷逃税款被处罚案件，分别是：一、国家税务总局上海市税务局第四稽查局依法查处网络主播乐传曲偷税...,"国家税务总局,税务部门,滞纳金"
国家税务总局：2024年对169名网络主播开展检查 累计查补收入8.99亿元,https://news.sina.com.cn/c/2025-04-01/doc-inerrtfn7387392.shtml,2025-04-01 13:01:00,国家税务总局今天发布的数据显示，税务部门持续优化稽查执法方式，依法严厉打击各类涉税违法犯罪活动，切实维护国家税收安全、维护经济运行秩序、维护社会公平正义。,"国家税务总局,税务部门"
“共耕希望田，米香谱新篇”暨汤溪镇2025春耕备耕启动及优质大米评选活动在派溪童村启幕,https://news.sina.com.cn/c/2025-04-01/doc-inerrtfu0347433.shtml,2025-04-01 11:58:00,来源：央视网 春分至，万物生。天气回暖、春意融融，浙江省金华开发区汤溪镇的田野间迎来了春耕的繁忙时节。日前，“共耕希望田，米香谱新篇”暨汤溪镇2025春耕备耕启动及优...,助农
北京市市场监管局发布清明节食品安全提示,https://news.sina.com.cn/c/2025-04-01/doc-inerrxps0275972.shtml,2025-04-01 11:56:00,来源：央视网央视网消息：据“北京市场监督”微信公众号消息，清明节是缅怀先辈、踏青祭扫的传统节日，随着气温回升、风沙增多，食源性疾病进入高发期。,"北京市,清明节,食品安全"
《春暖花开的中国》 Show出你眼中的春天~,https://news.sina.com.cn/c/2025-04-01/doc-inerrtfs3028149.shtml,2025-04-01 11:44:00,来源：央视网 花期为线、山水为脉 4月1日起 CCTV-12 18:30 大型融媒体行动 “美丽中国 四季行歌”之《春暖花开的中国》 带你游“三山”，行“五岳” “绿水青山”为卷...,春暖花开的中国
海警船用混天绫圈住台湾 本次执法管控的三个细节,https://news.sina.com.cn/c/2025-04-01/doc-inerrtfu0349455.shtml,2025-04-01 11:41:00,4月1日，多支海警舰艇编队位台岛周边海域组织执法巡查，开展临检拿捕、拦截扣押等科目演练。谭主从相关人士那里了解到，本次海警执法管控示意图有以下三点细节：,台湾省
中国网络视听大会|微博王巍：AI正在让媒体传播发生“智”变,https://news.sina.com.cn/c/2025-04-01/doc-inerrnxw0471294.shtml,2025-04-01 11:39:00,来源：中国青年网 近日，作为网络视听行业风向标，“极视听·强赋能”第十二届中国网络视听大会在成都举办。微博COO、新浪移动CEO王巍受邀参会...,
海警执法管控示意图的三个细节,https://news.sina.com.cn/c/2025-04-01/doc-inerrtfq6254768.shtml,2025-04-01 11:37:00,来源：央视网4月1日，多支海警舰艇编队位台岛周边海域组织执法巡查，开展临检拿捕、拦截扣押等科目演练。谭主从相关人士那里了解到...,台湾省
河南许昌枯井发现近百具遗骸 官方：身份核查中，暂未认定烈士,https://news.sina.com.cn/c/2025-04-01/doc-inerrnxq7480716.shtml,2025-04-01 11:36:00,来源：央广网遗骸发现现场（图源@余浩BUG 央广网发） 央广网北京4月1日消息（记者白德彰）3月31日，有媒体报道“河南许昌市襄城县一枯井内发现近百具遗骸”的话题登上微博热...,
加力扩围、惠民升级！河南汽车家电电动车以旧换新最新攻略→,https://news.sina.com.cn/c/2025-04-01/doc-inerrtfs3031976.shtml,2025-04-01 11:24:00,加力扩围、惠民升级！今年你计划参与以旧换新活动吗？3月31日河南省商务厅等8部门印发《关于做好2025年汽车以旧换新工作的通知》《河南省2025年加力扩围开展家电及数码产品...,"乘用车,电动,电动车"
总统弹劾案宣判期间可能有大规模政治集会 中国驻韩国大使馆再次发布提醒,https://news.sina.com.cn/c/2025-04-01/doc-inerrnxw0463706.shtml,2025-04-01 11:00:00,来源：央视网央视网消息：据中国驻韩国大使馆微信公众号消息，韩国宪法法院定于4月4日对尹锡悦总统弹劾案进行宣判。预计届时及之后一段时期...,"韩国,中国,宪法法院"
台防务部门：山东舰航母编队进入所谓“应变区”,https://news.sina.com.cn/c/2025-04-01/doc-inerrnxs6356830.shtml,2025-04-01 10:40:00,据台湾“中央社”报道，中国人民解放军东部战区4月1日起组织陆海空火等兵力位台岛周边开展联合演训，台防务部门当日表示，自3月29日起陆续掌握山东舰编队等机舰动态...,"防务部门,台湾省,东部战区"
海警舰艇编队按一个中国原则环台岛执法管控,https://news.sina.com.cn/c/2025-04-01/doc-inerrnxu3127260.shtml,2025-04-01 10:30:00,中国海警局东海分局新闻发言人朱安庆表示，4月1日，多支海警舰艇编队位台岛周边海域组织执法巡查，开展临检拿捕、拦截扣押等科目演练。,"中国海,东海"
2025年3月国务院国资委网站五大互动热点,https://news.sina.com.cn/c/2025-04-01/doc-inerrnxs6344949.shtml,2025-04-01 10:15:00,2025年3月国务院国资委网站政务咨询栏目部分网友提出的咨询，我们初步做出了认真的回应，现选择五条关注度高、点击量高的问题，再次推荐分享。,"国务院国资委,审计报告,国有企业"
国家移民管理局：清明节假期全国口岸预计日均210万人次出入境,https://news.sina.com.cn/c/2025-04-01/doc-inerrnxq7449896.shtml,2025-04-01 10:09:00,来源：央视网央视网消息：据国家移民管理局消息，今年清明节假期全国口岸日均出入境人员将达210万人次，较去年同期增长21.4%。北京首都、上海浦东、广州白云、杭州萧山...,"祭祖,出入境,清明节"
财政部等四部门：做好2025年国家助学贷款免息及本金延期偿还工作,https://news.sina.com.cn/c/2025-04-01/doc-inerrnxw0450604.shtml,2025-04-01 10:04:00,来源：央视网央视网消息：财政部等四部门发布关于做好2025年国家助学贷款免息及本金延期偿还工作的通知。全文如下：关于做好2025年国家助学贷款免息及本金延期偿还工作的通...,
绿色低碳发展未来可期！我国两项温室气体排放规范指南获批,https://news.sina.com.cn/c/2025-04-01/doc-inerrnxw0429365.shtml,2025-04-01 09:15:00,来源：央视网央视网消息：日前，经国家认监委同意，中国合格评定国家认可中心（CNAS）向亚太认可合作组织提交了ISO 14064-1《组织层面上对温室气体排放和清除的量化和报告...,绿色低碳
打造科技人才强磁场 激发创新发展新动能,https://news.sina.com.cn/c/2025-04-01/doc-inerrhry0514584.shtml,2025-04-01 09:01:00,华润生物医药有限公司（以下简称华润生物医药）是华润（集团）有限公司旗下专门从事生物医药创新研发的子企业。华润生物医药全面落实国有企业改革深化提升行动部署要求...,双循环
C909飞机首次交付老挝航空,https://news.sina.com.cn/c/2025-04-01/doc-inerrhrs7523051.shtml,2025-04-01 08:59:00,3月30日，中国商飞公司向老挝航空公司交付首架C909飞机，这是中国的喷气式客机首次进入老挝市场，标志着我国商用飞机国际化发展迈出新步伐。,老挝
第二艘国产大型邮轮爱达·花城号船体涂装揭幕,https://news.sina.com.cn/c/2025-04-01/doc-inerrhry0512953.shtml,2025-04-01 08:59:00,近日，爱达邮轮正式揭晓旗下第二艘国产大型邮轮爱达·花城号的船体涂装。爱达·花城号将沿用首艘国产大型邮轮爱达·魔都号的涂装设计理念，从敦煌壁画艺术中采撷灵感...,邮轮
国台办：解放军联合演训是对赖清德当局猖狂谋“独”挑衅的坚决惩戒,https://news.sina.com.cn/o/2025-04-01/doc-inerrhrs7521384.shtml,2025-04-01 08:54:00,新京报讯 国务院台办发言人朱凤莲4月1日表示，中国人民解放军东部战区位台岛周边开展联合演训，是对赖清德当局猖狂谋“独”挑衅的坚决惩戒...,"国台办,解放军,台独"
粤港举行纪念典礼庆祝东江水供港60周年,https://news.sina.com.cn/c/2025-04-01/doc-inerrnxu3113867.shtml,2025-04-01 08:47:00,广东省政府和香港特区政府31日在特区政府总部举行东江水供港60周年纪念典礼暨“舞动水滴展”开幕礼。 香港特区行政长官李家超在典礼致辞时表示...,"东江,香港,广东省"
方圆谈丨科学立法守护古树名木,https://news.sina.com.cn/c/2025-04-01/doc-inerrhrs7530456.shtml,2025-04-01 08:45:00,近日，有关部门专门出台《古树名木保护条例》，这是我国首次以行政法规形式明确古树名木保护管理工作应遵守的行为规范，对于加强古树名木保护、传承中华优秀传统文化...,方圆
长征七号改运载火箭成功发射通信技术试验卫星十六号,https://news.sina.com.cn/c/2025-04-01/doc-inerrhry0507298.shtml,2025-04-01 08:44:00,3月30日，长征七号改运载火箭在文昌航天发射场点火起飞，随后将通信技术试验卫星十六号顺利送入预定轨道，发射任务取得圆满成功。,"运载火箭,长征七号,卫星"
我国首个海洋氢氨醇一体化项目建设完工,https://news.sina.com.cn/c/2025-04-01/doc-inerrhry0507276.shtml,2025-04-01 08:44:00,近日，我国首个海洋氢氨醇一体化项目在山东烟台建设完工，正式进入调试阶段，为项目投运及海上制氢全流程实证检验奠定基础。,"制氢,一体化,烟台市"
新航季！南航集团2025年夏秋计划执行航班62万班,https://news.sina.com.cn/c/2025-04-01/doc-inerrhrs7517261.shtml,2025-04-01 08:44:00,近日，从南航集团获悉，该公司将于3月30日至10月25日正式执行2025年夏秋航季航班计划。今年夏秋航季共计210天，南航集团计划执行航班总量超62万班，执飞航线将超940条。,"南航,航线,广州市"
中广核电力2024年上网电量超2272亿千瓦时,https://news.sina.com.cn/c/2025-04-01/doc-inerrhry0507329.shtml,2025-04-01 08:44:00,近日，从中广核下属中广核电力获悉。2024年，该公司经营业绩保持稳健，年度上网电量达2272.84亿千瓦时，同比提升6.13%，在运、在建机组装机容量超过5120万千瓦...,中广核
壹视界·任仲平文章解读丨作风建设的目标就是风化俗成,https://news.sina.com.cn/c/xl/2025-04-03/doc-inervuvx2860257.shtml,2025-04-01 08:30:00,作风问题具有顽固性和反复性，抓一抓有好转，松一松就反弹。习近平总书记强调：“对享乐奢靡歪风露头就打，对隐形变异新动向时刻防范，对顶风违纪行为从严查处，决不允许死,
张掖：全链条培养 锻造纪检监察铁军,https://news.sina.com.cn/c/2025-04-01/doc-inerrhrs7512980.shtml,2025-04-01 08:30:00,“既能学到业务知识，解决工作难题，又可以学习兄弟县区的好做法，为今后工作提供思路和借鉴。”近日，张掖市纪委监委2025年度第一期信访举报“学思课堂”开讲...,
江南华南阴雨暂歇有望放晴 中东部温暖回归多地重返20℃,https://news.sina.com.cn/c/2025-04-01/doc-inerrhry0503363.shtml,2025-04-01 08:28:00,来源：央视网央视网消息：据中国天气网消息，进入四月第一天，我国大部地区将继续回暖，北方多地最高气温重回20℃以上，江南、华南多地阴雨天气暂时停歇...,"气温,中东部,新疆"
深度关注 | 账目清 乡村美,https://news.sina.com.cn/c/2025-04-01/doc-inerrhrs7513004.shtml,2025-04-01 08:28:00,云南省陆良县纪委监委紧盯农村集体“三资”管理领域不正之风和腐败问题，组织纪检监察干部深入基层一线，通过走访调研、明察暗访等方式收集问题线索，纠治虚报套取...,
芒果花开农正忙,https://news.sina.com.cn/c/2025-04-01/doc-inerrhrw3198111.shtml,2025-04-01 08:26:00,喷药、淋水、施肥……春日暖阳，走进广西壮族自治区百色市右江区澄碧湖芒果产业（核心）示范区，满山的芒果树相继开花，果农们忙碌着，抢抓时节保花保果，力争今年有好收成。,
驻省审计厅纪检监察组：精准监督 为审计工作注入“廉动力”,https://news.sina.com.cn/c/2025-04-01/doc-inerrhrw3198105.shtml,2025-04-01 08:25:00,省纪委监委派驻省审计厅纪检监察组立足“监督的再监督”职责定位，主动融入审计项目全周期管理，精准监督、靠前监督、全程监督，为全省审计工作高质量开展注入“廉动力”。,
2025年江苏重点文旅产业项目名录发布,https://news.sina.com.cn/c/2025-04-01/doc-inerrhry0495939.shtml,2025-04-01 08:23:00,为充分发挥重点文旅产业项目对稳投资、促增长的重要作用，促进全省文旅产业高质量发展，江苏省文化和旅游厅日前公布79个2025年全省重点文旅产业项目，项目计划总投资1004...,"文旅,产业项目,江苏省"
因地制宜 精准施策,https://news.sina.com.cn/c/2025-04-01/doc-inerrhry0502959.shtml,2025-04-01 08:01:00,山东省蒙阴县纪委监委聚焦“校园餐”突出问题，开展集中整治，督促县教育和体育局完善制度机制，切实保障学校食品安全。图为该县纪委监委工作人员在县中小学（幼儿园）大宗食...,
【8点见】家门口能装摄像头吗？今起有新规了,https://news.sina.com.cn/c/2025-04-01/doc-inerrhru6415303.shtml,2025-04-01 08:00:00,来源：央视网央视网消息：每天8点，央视网为您梳理24小时内发生在咱们身边的大小事儿。·公安部交通管理局发出2025年清明节假期交通安全提示。,
天津、浙江、河南排查整治存安全隐患加注站,https://news.sina.com.cn/c/2025-04-01/doc-inerrhry0487452.shtml,2025-04-01 07:48:00,3月30日，总台《每周质量报告》栏目报道了浙江、天津、河南等地一些加注站以“新能源”的名义，销售车用燃油的乱象，节目播出后，各地监管部门立即行动...,"天津市,河南省,新能源"
1-2月江苏高技术制造业增加值增长11.8%,https://news.sina.com.cn/c/2025-04-01/doc-inerrhry0484131.shtml,2025-04-01 07:34:00,今年以来，受益于科技创新和产业创新的双轮驱动，江苏工业经济增长的新动能持续释放，为经济发展提供了有力支撑。数据显示，1-2月高技术制造业...,
清明小长假期间江苏铁路计划增开临客29对,https://news.sina.com.cn/c/2025-04-01/doc-inerrhrs7493359.shtml,2025-04-01 07:33:00,在即将到来的清明小长假中，江苏铁路预计发送旅客近600万人次，全省铁路单日最高客发量纪录有望再次被刷新。为满足广大居民的出行需求，江苏铁路计划增加临客29对。,"南京市,江苏省,列车"
江苏税务推出效能税务建设三年行动计划,https://news.sina.com.cn/c/2025-04-01/doc-inerrhry0483296.shtml,2025-04-01 07:33:00,近日，江苏省税务局印发《效能税务建设三年行动计划》，推出3大类12项任务51条具体措施，推进税务法治强链、税务数智赋能和税务治理提质“三大行动”，不断提升税费征管...,"税务局,江苏省"
东部战区组织陆海空火等兵力位台岛周边开展联合演训,https://news.sina.com.cn/c/2025-04-01/doc-inerrhry0482592.shtml,2025-04-01 07:30:00,新华社南京4月1日电 东部战区新闻发言人施毅陆军大校表示，4月1日开始，中国人民解放军东部战区组织陆军、海军、空军、火箭军等兵力，位台岛周边组织舰机多向抵近台岛,
去年以来全国超30城优化、取消住房限售，业内：极大提升房屋交易市场流动性,https://news.sina.com.cn/c/2025-04-01/doc-inerrhru6405759.shtml,2025-04-01 07:09:00,来源：澎湃新闻 南京市风光 视觉中国 资料图 又有一城加入取消商品住房限售的队伍。 据南京发布，3月31日，南京市举行进一步促进南京房地产市场平稳健康发展有关政策新闻发...,"南京市,住房,商品住房"
推动农民专业合作社规范发展,https://news.sina.com.cn/c/2025-04-01/doc-inerrhrs7513027.shtml,2025-04-01 07:02:00,近日，湖南省衡南县三塘镇大山村原党支部书记、村委会主任王某利用农民专业合作社挪用乡村振兴资金、挪用村集体资金，被判处拘役六个月。,"农民专业合作社,合作社"
新华时评·锲而不舍落实中央八项规定精神丨浪费之风务必狠刹,https://news.sina.com.cn/c/2025-04-01/doc-inerrhru6407364.shtml,2025-04-01 07:00:00,厉行勤俭节约是中央八项规定的重要内容，也是需要久久为功的长期任务。深入贯彻中央八项规定精神，务必狠刹浪费之风，以优良党风凝聚人心，引领“浪费可耻...,新华时评
贵阳：召开全市征地拆迁领域警示教育大会,https://news.sina.com.cn/c/2025-04-01/doc-inerraiu7618995.shtml,2025-04-01 07:00:00,近日，贵阳市召开全市征地拆迁领域警示教育大会，通过观看警示教育片、通报典型案例，教育警醒党员干部以案为鉴，坚守廉洁底线。,"征地拆迁,贵阳市"
澳大利亚监控中国科考船，中方：希望澳方正确看待，别疑神疑鬼,https://news.sina.com.cn/c/2025-04-01/doc-inerraiw6528386.shtml,2025-04-01 06:31:00,来源：环球网  【环球时报综合报道】据澳大利亚广播公司（ABC）3月31日报道，澳大利亚当局正在密切监控一艘中国科考船，该船搭载深海潜水器，近期穿过澳大利亚南部水域。,
巡回锦标赛12进8：丁俊晖5比3领先威廉姆斯，明天凌晨2点分胜负,https://news.sina.com.cn/2025-04-01/doc-inerraiy3307416.shtml,2025-04-01 06:15:00,来源：直播吧 直播吧4月1日讯 斯诺克巡回锦标赛12进8轮次，丁俊晖vs马克-威廉姆斯结束第一阶段争夺，丁俊晖在第一阶段5比3领先马克-威廉姆斯。,
再次呼叫81192：请你立即返航！,https://news.sina.com.cn/c/2025-04-01/doc-inerraiu7610082.shtml,2025-04-01 05:30:00,“81192收到！ 我已无法返航，你们继续前进。” 24年前的今天， 33岁的海军航空兵飞行员王伟， 为保卫祖国领空， 遭美机撞机被迫跳伞坠海。,
省委书记会见“全网最爱发钱”的企业家,https://news.sina.com.cn/c/2025-04-01/doc-inerqfee8023905.shtml,2025-04-01 04:00:00,来源：北京青年报 撰文丨董鑫 余晖 3月30日，2025全球豫商大会在郑州举行。 这是河南招引广大豫商归乡投资、共话桑梓的重要平台，于2006年8月首次举行...,"河南省,企业家,省委书记"
云南德宏州芒市发生3.2级地震,https://news.sina.com.cn/c/2025-04-01/doc-inerqvzw7725591.shtml,2025-04-01 02:19:00,中国地震台网正式测定：04月01日02时13分在云南德宏州芒市（北纬24.33度，东经98.38度）发生3.2级地震，震源深度10千米。,
官方通报：河南一原局长因诬告陷害等行为被“双开”,https://news.sina.com.cn/c/2025-03-31/doc-inerqmne6847902.shtml,,3月31日，河南省孟州市纪委监委公开通报4起惩治诬告陷害和澄清正名典型案例。 其中包括，孟州市人大常委会农村工作委员会原主任、四级调研员卫某某诬告纪检监察干部案。,
美加征关税前中日韩谈了半导体，一致对冲美关税冲击,https://news.sina.com.cn/c/2025-03-31/doc-inerqmnk0923073.shtml,,3月30日，美宣布“对等”关税前3天，中日韩经贸部长会议在韩国举行。据了解，这次会议的氛围不错，日韩高度重视这场会，大家都说希望合作。在一些我们关心的具体议题上,
