headline,url,time,summary,tags
南宁持续整治“三资”管理突出问题 看牢村集体家底,https://news.sina.com.cn/c/2025-05-23/doc-inexnynn6376268.shtml,2025-05-23 08:15:18,前不久，广西壮族自治区南宁市马山县纪委监委在开展农村集体“三资”管理专项监督检查中，发现百龙滩镇大球社区、林圩镇东庄村六往屯个别干部违规挪用集体土地征地补偿款问题...,"南宁市,农村集体"
正风反腐在身边·变化看得见丨守护漓江水清岸绿,https://news.sina.com.cn/c/2025-05-23/doc-inexnyni4323124.shtml,2025-05-23 08:15:18,广西壮族自治区恭城瑶族自治县纪委监委将水质提升纳入政治监督重要内容，聚焦主体责任落实、职能部门履职、干部工作作风等方面，综合运用下沉监督、联合督查、约谈提醒...,"漓江,桂林市,广西壮族自治区"
方圆谈丨用权为民就得多干事,https://news.sina.com.cn/c/2025-05-23/doc-inexnynn9035144.shtml,2025-05-23 08:01:18,权为民所赋，必为民所用，用权为民要常思权力来自谁、在为谁干事。 权力是干事创业的重要基础，干事是领导干部最基本、最起码的职责所在，是执政之要。,方圆
时政“留声机”·总书记的“待客茶”,https://news.sina.com.cn/c/xl/2025-05-23/doc-inexnynn6370958.shtml,2025-05-23 07:51:18,茶，起源于中国，盛行于世界，蕴含着中国人的处世哲学和待客之道。在国际外交舞台上，习近平主席频频以茶会友、以茶论道，在弘扬中华优秀传统文化的同时...,
总书记河南行｜记者手记：走自己的路，继续伟大下去,https://news.sina.com.cn/c/xl/2025-05-23/doc-inexnyni4317616.shtml,2025-05-23 07:50:18,河出潼关，在一望开阔的平原滔滔东去，伊水洛河蜿蜒汇流，华夏曙光于此初现，“昔三代之居，皆在河洛之间”。 肇兴于斯、灿烂于斯。,
【新思想引领新征程】推进精神文明建设 为强国复兴伟业凝心聚力,https://news.sina.com.cn/c/xl/2025-05-23/doc-inexnyni4317526.shtml,2025-05-23 07:50:18,央视网消息（新闻联播）：人无精神不立，国无精神不强。一个民族的复兴需要强大的物质力量，也需要强大的精神力量。习近平总书记指出...,
时政微纪录丨奋进中原——习近平总书记赴河南考察纪实,https://news.sina.com.cn/c/xl/2025-05-23/doc-inexnynn9029303.shtml,2025-05-23 07:48:18,黄河奔涌，滋养出沃野千里的河南大地 5月19日到20日 习近平总书记赴河南考察调研 从智能工厂生产线到文化遗产保护地 从夯实制造业基础到文化传承保护 总书记殷殷叮嘱...,
全省首张“二检合一”专项计量授权证书发出,https://news.sina.com.cn/c/2025-05-23/doc-inexnynn9026788.shtml,2025-05-23 07:33:18,为进一步打造更优营商环境，激发经营主体活力，服务企业降本增效，省市场监管局在全省范围内创新开展民用水表、燃气表出厂检定和安装前首次强制检定合并实施的“二检合一”改...,
微企业融资难题,https://news.sina.com.cn/c/2025-05-23/doc-inexnynn9023146.shtml,2025-05-23 07:15:00,融资作为推动企业发展的重要动力，直接关系到企业的生存与发展能力。为化解小微企业反映强烈的融资“难贵慢”问题，中央纪委国家监委驻中国工商银行纪检监察组坚持与工商银行...,纪检
清风为伴产业兴 | 蟹塘生金富农家,https://news.sina.com.cn/c/2025-05-23/doc-inexnynm1085472.shtml,2025-05-23 07:15:00,近日，安徽省无为市姚沟镇纪委副书记沈玉琴来到飞雁村，了解惠民政策落实情况。沈玉琴走上塘埂，向蟹农们了解商品饵料的质量和价格情况...,农业农村
监督故事丨拖欠多年的补助金追回来了,https://news.sina.com.cn/c/2025-05-23/doc-inexnynn9022958.shtml,2025-05-23 07:15:00,不久前，张掖市临泽县板桥镇友好村六社原村民任某某终于收到了被拖欠将近6年的2万余元空置房拆除和宅基地复垦补助。此前，任某某向板桥镇纪委反映...,
特写 | 村里来了巡视组,https://news.sina.com.cn/c/2025-05-23/doc-inexnynn9022791.shtml,2025-05-23 07:14:00,“那天我就是在这儿打完水，回去路上遇到的巡视组同志。”近日，在北京市门头沟区王平镇南港村供水管网施工现场，村民石宏德指着深逾两米的管沟回忆说。,巡察
查改治贯通推动黑臭水体问题整改,https://news.sina.com.cn/c/2025-05-23/doc-inexnynn9022690.shtml,2025-05-23 07:13:00,广西壮族自治区恭城瑶族自治县纪委监委将水质提升纳入政治监督重要内容，聚焦主体责任落实、职能部门履职、干部工作作风等方面，综合运用下沉监督、联合督查、约谈提醒...,"桂林市,漓江,广西壮族自治区"
遵义：强化生态环保领域政治监督 推动生态优势转化为发展优势,https://news.sina.com.cn/c/2025-05-23/doc-inexnynn9028651.shtml,2025-05-23 07:11:00,春夏时节，遵义市汇川区板桥镇长田村吸引不少游客前来踏青、郊游，青瓦白墙的黔北民居家家户户房前屋后干净整洁、绿荫葱葱，尽显宁静与惬意。,"生态环境保护,遵义市,生态环境"
给小学生回信写错字？浙江省文广旅厅厅长个人公众号发文回应,https://news.sina.com.cn/c/2025-05-23/doc-inexnyni4310455.shtml,2025-05-23 07:06:00,访亲问友，书面语该写成“作客”还是“做客”，或者可以通用？ 浙江省文化广电和旅游厅厅长陈广胜为此写了一篇近2000字的文章，5月22日夜间在个人公众号发布。,"“长官意志”,浙江省,小学生"
史无前例的“校园餐”反腐，来了,https://news.sina.com.cn/c/2025-05-23/doc-inexnyni4314996.shtml,2025-05-23 07:05:00,来源：中国新闻周刊 2025年春季开学，成都市温江区的中小学及幼儿园食堂有了新变化。 教职工窗口被撤下，取而代之的是统一就餐口；为了降低自主采购环节存在的腐败可能...,
中国科学家发现罕见掩食脉冲星,https://news.sina.com.cn/c/2025-05-23/doc-inexnpws9257263.shtml,2025-05-23 02:00:00,日前，中国科学院国家天文台韩金林研究员带领团队利用中国天眼FAST发现了一个罕见的毫秒脉冲星，与伴星以3.6小时的周期相互绕转，且有六分之一的时间被伴星遮挡（即,
“高校大市”变迁史：广州稳坐“第一城” 总量拐点何时至？,https://news.sina.com.cn/c/2025-05-23/doc-inexnpws6595963.shtml,2025-05-23 01:46:00,21世纪经济研究院研究员 陈洁 实习研究员 黎雨佳 2024年各个城市的高等教育数据陆续公布。 根据各地发布的2024年统计公报，27个万亿GDP城市中...,"郑州市,广州市"
万亿城市大手笔“抢人”，这次有点不一样,https://news.sina.com.cn/c/2025-05-23/doc-inexniqr4657330.shtml,2025-05-22 23:26:00,2024年末，泉州常住人口891.4万人，比2023年末增加3.1万人，人口总量保持全省首位。不过在全国万亿城市中，泉州人口增量并不出众。,"泉州市,厦门市"
现场视频公布 中国海警依法对菲非法闯入船只采取管控措施,https://news.sina.com.cn/c/2025-05-22/doc-inexniqu9369030.shtml,2025-05-22 23:19:00,5月21日，菲律宾3002、3003号公务船未经中国政府允许，非法闯入中国南沙渚碧礁、铁线礁附近海域，并组织人员非法登上铁线礁活动。,"中国海警,菲律宾"
何立峰：中国欢迎美资企业深化对华互利合作，推动中美经贸关系健康稳定持续发展,https://news.sina.com.cn/c/2025-05-22/doc-inexncht4771653.shtml,2025-05-22 22:29:00,中共中央政治局委员、国务院副总理何立峰22日晚在钓鱼台国宾馆会见美国摩根大通集团董事长兼首席执行官杰米·戴蒙。何立峰表示，近日中美经贸会谈取得实质性进展，为两国,
毛宁：中方强烈谴责巴基斯坦校车遇袭事件,https://news.sina.com.cn/c/2025-05-22/doc-inexncht4768541.shtml,2025-05-22 22:18:00,“外交部发言人办公室”消息，在5月22日外交部例行记者会上，《环球时报》记者提问：据报道，巴基斯坦西部俾路支省胡兹达尔地区5月21日发生一起针对校车的爆炸袭击事件...,"毛宁,中国,巴基斯坦"
文化中国行｜如果我写河南,https://news.sina.com.cn/c/2025-05-22/doc-inexnchw6819445.shtml,2025-05-22 22:06:00,大河之南 嵩岳巍巍 中原大地 沃野千里 宅兹中国 华夏之源 炎黄子孙 老家河南 《中国电视报》 “如果我写家乡”主题征文 带您探秘“宝藏”河南 “豫”见美好 河南...,
习言道丨到河南考察，习近平为何再提“洋火”,https://news.sina.com.cn/c/xl/2025-05-22/doc-inexnchv1533969.shtml,2025-05-22 21:54:00,中新网5月21日电题：到河南考察，习近平为何再提“洋火”“我们坚持发展实业，从过去洋火、洋皂、洋铁等靠买进来，到现在成为工业门类最齐全的世界制造业第一大国，这条,
大学生体育课后坠入化粪池遇难，官方通报：校方负有严重的安全管理责任，分管副校长免职,https://news.sina.com.cn/c/2025-05-22/doc-inexnchv1530696.shtml,2025-05-22 21:35:00,5月22日，“重庆教育”微信公众号发布情况通报：2025年5月19日15:51，重庆对外经贸学院2024级学生张某上完体育课后，途经B校区篮球场附近便道旁草坪时,
玄戒O1、小米YU7等集中亮相，雷军：小米芯片要对标苹果,https://news.sina.com.cn/c/2025-05-22/doc-inexncht4750316.shtml,2025-05-22 21:14:00,红星资本局5月22日消息，小米15周年战略新品发布会举办，小米集团（01810.HK）董事长雷军回应了公司造芯片的原因。雷军表示，小米的芯片要对标苹果。,"小米,雷军,苹果"
雷军谈小米YU7定价：19万9是不可能的，将于今年7月正式上市,https://news.sina.com.cn/c/2025-05-22/doc-inexnchw9457899.shtml,2025-05-22 21:13:00,5月22日，小米15周年战略新品发布会上，小米集团董事长、CEO雷军发表演讲。发布会上，小米首款SUV车型小米YU7亮相，定位豪华高性能SUV。谈到定价，雷军表,
小米汽车：小米YU 7零百加速3.23s，最高时速253km/h,https://news.sina.com.cn/c/2025-05-22/doc-inexmwyy9582185.shtml,2025-05-22 20:53:00,5月22日，小米YU7发布，搭载小米超级电机V6sPlus，最大马力690PS。0-100km/h加速3.23s，最高时速253km/h，100-0km/h最短,
曾任反贪局局长的广东厅官王天鸿，被开除党籍！,https://news.sina.com.cn/c/2025-05-22/doc-inexmwyv4872706.shtml,2025-05-22 20:49:00,来源：中国青年报 5月22日，广东省通报了一名检察系统厅官被开除党籍的情况。据广东省纪委监委消息：日前，经广东省委批准，广东省纪委监委对茂名市人民检察院原党组书记...,"珠海市,检察长,广东省"
“年度增长KPI”正从白酒企业年报消失？解码头部酒企年报“隐藏信号”,https://news.sina.com.cn/c/2025-05-22/doc-inexmwyy9579535.shtml,2025-05-22 20:38:00,◎近年来，白酒行业增速明显放缓，多家酒企纷纷调整策略，追求稳健发展。 ◎茅台将2025年营收增长目标定为9%，五粮液、泸州老窖等头部酒企则未明确提出具体增长目标...,"酒企,净利润,茅台"
中国驻欧盟使团发言人就欧盟第17轮对俄罗斯制裁列单中国企业事答记者问,https://news.sina.com.cn/o/2025-05-22/doc-inexmwyy9576878.shtml,2025-05-22 20:29:00,新京报讯 据中国驻欧盟使团消息，驻欧盟使团发言人就欧盟第17轮对俄罗斯制裁列单中国企业事答记者问。 问：日前，欧盟宣布在第17轮对俄罗斯制裁中将中国企业列入清单。,"欧盟,俄罗斯,中国"
小米汽车：小米汽车首款SUV小米YU 7发布,https://news.sina.com.cn/c/2025-05-22/doc-inexmwyx1640750.shtml,2025-05-22 20:25:00,5月22日，小米集团董事长雷军在小米15周年战略新品发布会上宣布，小米YU7正式发布，定位“豪华高性能SUV”。,
习近平同法国总统马克龙通电话,https://news.sina.com.cn/c/xl/2025-05-22/doc-inexmwyv4860327.shtml,2025-05-22 20:06:00,新华社北京5月22日电 5月22日下午，国家主席习近平应约同法国总统马克龙通电话。习近平指出，去年5月我访问法国，双方一致同意弘扬独立自主、相互理解、高瞻远瞩、,
小米手表S4发布：搭载玄戒T1长续航4G手表芯片，售价1299元,https://news.sina.com.cn/c/2025-05-22/doc-inexmwyy6911770.shtml,2025-05-22 20:00:00,5月22日，小米WatchS4发布，搭载自研玄戒T1长续航4G手表芯片，集成小米自研4G基带。售价1299元。,
武汉发布暴雨临灾警报！武大校门被淹一米深,https://news.sina.com.cn/c/2025-05-22/doc-inexmwyy9569260.shtml,2025-05-22 19:54:00,澎湃新闻 综合报道 5月22日，武汉暴雨来袭。14时51分，武汉市气象台升级发布暴雨红色预警。15时50分，武汉市气象台发布城市暴雨临灾警报。,"武汉市,暴雨,气象台"
小米平板7 Ultra发布，售价5699元起,https://news.sina.com.cn/c/2025-05-22/doc-inexmwyy9563595.shtml,2025-05-22 19:41:00,5月22日，小米平板7Ultra发布，售价5699元起。首发搭载“玄戒O1”3nm旗舰处理器。,
小米15SPro售价5499元起,https://news.sina.com.cn/c/2025-05-22/doc-inexmwyv4850635.shtml,2025-05-22 19:31:00,【#小米15SPro售价5499元起#】#小米15SPro售价#在今日的小米15周年战略新品发布会上，小米创办人、董事长、CEO@雷军发表演讲。#小米发布会#搭,
支持老年人社会参与 19部门首次联合发文明确目标,https://news.sina.com.cn/c/2025-05-22/doc-inexmwyv4871739.shtml,2025-05-22 19:26:00,来源：央视网央视网消息：据民政部网站消息，为实施积极应对人口老龄化国家战略，支持老年人实现自我价值，更好为推进中国式现代化贡献“银发力量”，近日...,民政部
3750亿净投放！MLF连续三个月加量续作,https://news.sina.com.cn/o/2025-05-22/doc-inexmwyy9559207.shtml,2025-05-22 19:24:00,5月政府债供给节奏加快，而买断式逆回购到期规模9000亿元，MLF到期规模1250亿元。 降准之后，5月MLF（中期借贷便利）继续净投放，引发市场关注。,"MLF,流动性,逆回购"
广西党委书记陈刚撰文：决不能为了个人升迁，干不切实际、欺上瞒下的事,https://news.sina.com.cn/c/2025-05-22/doc-inexmwyv4846569.shtml,2025-05-22 19:20:00,最新一期《党建研究》刊发了广西壮族自治区党委书记陈刚的署名文章，题为“以作风建设新成效奋力谱写中国式现代化广西篇章”。,"陈刚,广西"
一习话丨“实现生态环境保护和经济高质量发展双赢”,https://news.sina.com.cn/c/xl/2025-05-22/doc-inexmwyx1619218.shtml,2025-05-22 19:16:00,来源：央广网“生态文明是人类文明发展的历史趋势”“从保护自然中寻找发展机遇，实现生态环境保护和经济高质量发展双赢”……新时代以来，习近平主席就建设生态文明...,
学习进行时｜习近平总书记与“茶”的故事,https://news.sina.com.cn/c/xl/2025-05-22/doc-inexmwyv4843484.shtml,2025-05-22 19:12:00,【学习进行时】茶起源于中国，盛行于世界，既是全球同享的健康饮品，也是承载历史和文化的“中国名片”。习近平总书记高度重视茶产业发展和茶文化交流。5月21日是“国际,
一见·从总书记的考察足迹，看徙木立信、化风为俗,https://news.sina.com.cn/c/xl/2025-05-22/doc-inexmwyy9554407.shtml,2025-05-22 19:08:00,深入贯彻中央八项规定精神学习教育正在全党深入开展。5月20日，习近平总书记在河南考察调研时强调，要在一体推进学查改上下功夫，把党员干部个人查摆整改与组织查摆整改,
雷军：未来五年，小米研发投入预计达2000亿元,https://news.sina.com.cn/c/2025-05-22/doc-inexmwyx1619067.shtml,2025-05-22 19:08:00,5月22日，小米15周年战略新品发布会上，小米集团董事长雷军宣布，未来五年（2026-2030）小米预计再投入2000亿元研发费用。,
贵州大方县果瓦乡山体滑坡初判致19人被困，电力中断仍在抢修,https://news.sina.com.cn/o/2025-05-22/doc-inexmwyv4841120.shtml,2025-05-22 19:05:00,新京报讯（记者赵敏 实习生张楠）5月22日9时许，贵州省大方县果瓦乡庆阳村发生一起山体滑坡。据央视新闻消息，当地有关部门初步摸排，有8户19人被困。,"山体滑坡,庆阳市,村民"
李泽钜：有财务实力，遇到风浪会较易顶得住、捱得起,https://news.sina.com.cn/c/2025-05-22/doc-inexmwyx1614466.shtml,2025-05-22 18:59:00,“小心驶得万年船。”5月22日下午，长江实业集团有限公司（长实集团，01113.HK）主席李泽钜在2025年股东周年大会上回答关于对经济前景看法的问题时表示...,"李泽钜,物业,香港"
比亚迪4月欧洲纯电车销量首次击败特斯拉,https://news.sina.com.cn/c/2025-05-22/doc-inexmwyy6897544.shtml,2025-05-22 18:53:00,比亚迪在欧洲销售的电动汽车数量首次超过特斯拉，超越了这个长期主导欧洲电动汽车市场的美国品牌。根据市场研究公司JatoDynamics的数据，比亚迪4月新增电动汽,
习近平同法国总统马克龙通电话,https://news.sina.com.cn/c/xl/2025-05-22/doc-inexmwyx1612409.shtml,2025-05-22 18:52:00,5月22日下午，国家主席习近平应约同法国总统马克龙通电话。习近平指出，去年5月我访问法国，双方一致同意弘扬独立自主、相互理解、高瞻远瞩、互利共赢的中法建交精神...,
习近平同法国总统马克龙通电话,https://news.sina.com.cn/c/xl/2025-05-22/doc-inexmsta9674897.shtml,2025-05-22 18:32:00,5月22日下午，国家主席习近平应约同法国总统马克龙通电话。 习近平指出，去年5月我访问法国，双方一致同意弘扬独立自主、相互理解、高瞻远瞩、互利共赢的中法建交精神...,
今日辟谣（2025年5月22日）,https://news.sina.com.cn/o/2025-05-22/doc-inexmssz1730652.shtml,2025-05-22 18:13:00,2025年5月22日 辟 谣近日这些关于暴雨、极端天气的传言是假的 详情：近期，多地持续遭遇强降雨天气，汛情动态牵动社会各界目光。,减重
河南省市场监管局严查粽子等重点节日商品过度包装、价格违法行为,https://news.sina.com.cn/c/2025-05-22/doc-inexmssz1730919.shtml,2025-05-22 18:08:00,为提倡节俭、反对浪费，纠治重点节日商品过度包装、价格违法行为，近日，省市场监管局在全省部署开展2025年端午节过度包装和“天价”粽子治理工作。,"河南省,市场监管局"
暴雨黄色预警：安徽西南部、江西北部、浙江西南部、福建西北部等地部分地区有大暴雨,https://news.sina.com.cn/c/2025-05-22/doc-inexmsta9668993.shtml,2025-05-22 18:06:00,中央气象台5月22日18时继续发布暴雨黄色预警：预计，5月22日20时至23日20时，江淮大部、江汉东部、江南中东部和西南部、华南北部和西部、西南地区东南部等地,
台媒：台湾渔船遭菲律宾海巡登船临检并扣押，船长家属怒批台“渔业署”消极应对,https://news.sina.com.cn/c/2025-05-22/doc-inexmssx4953683.shtml,2025-05-22 18:04:00,[环球网报道]据台湾中时新闻网5月22日报道，台湾地区“升渔丰号”渔船19日凌晨无故被菲律宾公务船人员登船临检，船长陈宗顿更是被持枪挟持带回菲港口进行调查。,"船长,台媒,菲律宾"
天津增投8万个摇号指标,https://news.sina.com.cn/c/2025-05-22/doc-inexmssz1724702.shtml,2025-05-22 17:58:00,天津市人民政府办公厅日前印发《天津市进一步优化小客车调控管理的若干措施》，6月1日起施行。《若干措施》明确，在《天津市小客车总量调控管理办法》规定的每年10万个,
四川雅安官方通报核查进展，黄杨钿甜父亲被立案调查,https://news.sina.com.cn/c/2025-05-22/doc-inexmsta6999677.shtml,2025-05-22 17:44:00,#黄杨钿甜父亲被立案调查#【#官方通报黄杨钿甜父亲在雅情况核查进展#】近期，网络反映黄杨某甜“天价耳环”有关情况引发社会关注。雅安市成立由纪检监察、公安、市场监,
中国海警局新闻发言人就菲非法闯入渚碧礁、铁线礁附近海域发表谈话,https://news.sina.com.cn/c/2025-05-22/doc-inexmssx4940093.shtml,2025-05-22 17:30:00,【中国海警局新闻发言人就菲非法闯入渚碧礁、铁线礁附近海域发表谈话】中国海警局新闻发言人刘德军表示，5月21日，菲律宾3002、3003号公务船未经中国政府允许，,
高合汽车“复活”？破产重整后重启运营新公司，中东资本成关键推手,https://news.sina.com.cn/c/2025-05-22/doc-inexmsta9644881.shtml,2025-05-22 17:04:00,红星资本局5月22日消息，据天眼查，江苏高合汽车有限公司在5月22日成立，注册资本约1.43亿美元（约合人民币10.3亿元）。新公司位于江苏省盐城市...,华人运通
白银市会宁县委常委、宣传部部长王池柳接受纪律审查和监察调查,https://news.sina.com.cn/c/2025-05-22/doc-inexmssz1707352.shtml,2025-05-22 16:50:00,据白银市纪委监委消息：白银市会宁县委常委、宣传部部长王池柳涉嫌严重违纪违法，目前正接受白银市纪委监委纪律审查和监察调查。,"白银市,甘肃省"
神舟二十号航天员乘组圆满完成第一次出舱活动,https://news.sina.com.cn/c/2025-05-22/doc-inexmsta9635915.shtml,2025-05-22 16:48:00,神舟二十号航天员乘组圆满完成第一次出舱活动。©2025中央广播电视总台版权所有。未经许可，请勿转载使用。,
一定之规•党政机关厉行节约反对浪费条例 国内差旅和因公临时出国(境)有关规定,https://news.sina.com.cn/c/2025-05-22/doc-inexnchw9487922.shtml,2025-05-22 16:41:00,来源：中央纪委国家监委网站,
一定之规•党政机关厉行节约反对浪费条例 国内差旅和因公临时出国(境)有关规定,https://news.sina.com.cn/c/2025-05-22/doc-inexmssx4921764.shtml,2025-05-22 16:33:00,来源：中央纪委国家监委网站,
学习问答•加强党的作风建设⑭如何理解党的干部是人民的公仆？,https://news.sina.com.cn/c/2025-05-22/doc-inexmsta9633542.shtml,2025-05-22 16:31:00,来源：中央纪委国家监委网站,作风建设
金融监管总局：支持银行综合运用科技企业创新积分等多方面信息，提升科技型企业首贷率,https://news.sina.com.cn/c/2025-05-22/doc-inexmssz1690198.shtml,2025-05-22 16:29:00,5月22日，金融监管总局新闻发言人、政策研究司司长郭武平在国新办新闻发布会上表示，《加快构建科技金融体制 有力支撑高水平科技自立自强的若干政策举措》是七部门围绕科技...,"金融监管,银行,科技型企业"
全固态电池新标准出台 解决行业界定模糊、测试方法缺失等问题,https://news.sina.com.cn/c/2025-05-22/doc-inexmssx4936603.shtml,2025-05-22 16:27:00,今天（5月22日），中国汽车工程学会正式发布《全固态电池判定方法》团体标准，首次明确了全固态电池的定义，解决了行业界定模糊、测试方法缺失等问题...,
证监会严伯进：持续优化科技企业境内上市环境，支持优质红筹科技企业回归境内上市,https://news.sina.com.cn/c/2025-05-22/doc-inexmnme7096860.shtml,2025-05-22 16:18:00,证监会首席风险官、发行监管司司长严伯进5月22日在国新办新闻发布会上表示，证监会将持续优化科技企业境内上市的环境，会实施更加灵活精准的新股发行逆周期调节机制，把,
证监会：持续深化科创板、创业板发行上市制度改革,https://news.sina.com.cn/c/2025-05-22/doc-inexmnmc1816134.shtml,2025-05-22 16:15:00,中国证监会发行监管司司长严伯进5月22日在国新办发布会上说，持续深化科创板、创业板发行上市制度改革，进一步增强制度包容性、适应性。（新华社）,
证监会：稳妥实施科创板第五套上市标准,https://news.sina.com.cn/c/2025-05-22/doc-inexmnme9751125.shtml,2025-05-22 16:14:00,中国证监会发行监管司司长严伯进5月22日在国新办发布会上说，用好用足现有制度，更大力度支持优质未盈利科技企业上市，积极稳妥实施科创板第五套上市标准，推动新的典型,
港股收评：恒生指数跌1.19%，恒生科技指数跌1.7%，消费股走弱,https://news.sina.com.cn/c/2025-05-22/doc-inexmnmc1816551.shtml,2025-05-22 16:12:00,5月22日，港股收盘，恒生指数跌1.19%，恒生科技指数跌1.70%。小鹏汽车涨超5%。百度集团跌超4%，阿里巴巴跌超3%，小米集团、宁德时代跌超2%。消费股领,
“买买买”爱上“河南造”，不得不说的吸金秘密→,https://news.sina.com.cn/c/2025-05-22/doc-inexmnme7096539.shtml,2025-05-22 16:12:00,“你爱我我爱你”熟悉的旋律带来好消息5月21日蜜雪集团市值突破2000亿港元“雪王”又一次登上热搜成了餐饮界“最靓的仔”河南简称“豫”豫的字面意思是“我牵着一头象”在当今消费江...,"河南省,泡泡玛特"
青海省人大常委会社会建设委员会原主任委员薛建华被“双开”：私藏、浏览有严重政治问题的网络文章,https://news.sina.com.cn/c/2025-05-22/doc-inexmnme9749681.shtml,2025-05-22 16:01:00,中央纪委国家监委网站5月22日通报，据青海省纪委监委消息：经中共青海省委批准，青海省纪委监委对省人大常委会社会建设委员会原主任委员薛建华严重违纪违法问题进行了立,
甘肃省博物馆原馆长贾建威接受纪律审查和监察调查,https://news.sina.com.cn/c/2025-05-22/doc-inexmssx4924801.shtml,2025-05-22 16:00:00,甘肃省博物馆原馆长贾建威涉嫌严重违纪违法，目前正接受甘肃省纪委监委纪律审查和监察调查。贾建威简历贾建威，男，汉族，1964年7月出生，河北定州人，大学学历...,"甘肃省,纪检监察,河北省"
所罗门群岛总理重申奉行一个中国原则，外交部：高度赞赏,https://news.sina.com.cn/c/2025-05-22/doc-inexmnmc1804513.shtml,2025-05-22 15:53:00,5月22日，外交部发言人毛宁主持例行记者会。 有记者提问，据报道，所罗门群岛总理马内莱近期发表声明，重申所政府坚定奉行一个中国原则...,"所罗门群岛总理,外交部,毛宁"
学习问答•加强党的作风建设⑭如何理解党的干部是人民的公仆？,https://news.sina.com.cn/c/2025-05-22/doc-inexmnme9746760.shtml,2025-05-22 15:49:00,来源：中央纪委国家监委网站,作风建设
美太空部队高官渲染中俄“威胁”，外交部：中国坚持和平利用外空,https://news.sina.com.cn/c/2025-05-22/doc-inexmnkz5024120.shtml,2025-05-22 15:43:00,5月22日，外交部发言人毛宁主持例行记者会。 有外媒提问，美国太空作战司令部司令萨尔茨曼近日表示，中国和俄罗斯军队率先发展的技术是美方外太空防御的最大威胁。,"外空,毛宁,中国"
今年1-4月超3400万名消费者参加家电产品以旧换新 带动销售1745亿元,https://news.sina.com.cn/c/2025-05-22/doc-inexmnme7087863.shtml,2025-05-22 15:38:00,来源：央视网央视网消息：2025年5月22日（星期四）下午，商务部举行新闻发布会，请新闻发言人介绍近期商务领域重点工作有关情况，并答记者问。,"商务部,消费者"
菲方称中国海警船“袭击”菲科考船，外交部回应,https://news.sina.com.cn/c/2025-05-22/doc-inexmnme7075902.shtml,2025-05-22 15:35:00,5月22日，外交部发言人毛宁主持例行记者会。 法新社记者提问，菲律宾方面今天表示，中国海警船在铁线礁附近使用水炮“袭击”了菲方的一艘科考船。请问中方对此有何评论？,"毛宁,中国,外交部"
外交部回应林佳龙有关言论：暴露出狂妄无知,https://news.sina.com.cn/c/2025-05-22/doc-inexmnme9734040.shtml,2025-05-22 15:33:00,5月22日，外交部发言人毛宁主持例行记者会。 路透社记者提问，台湾外事部门负责人林佳龙昨日表示，“台湾可以自己决定是否是一个国家。”请问外交部对此有何回应？,"外交部,台湾省,林佳龙"
外交部回应巴基斯坦校车遭爆炸袭击,https://news.sina.com.cn/c/2025-05-22/doc-inexmnme7073197.shtml,2025-05-22 15:28:00,5月21日，巴基斯坦发生一起针对校车的爆炸袭击事件，造成至少5人死亡，包括3名儿童，另有38人受伤。对此，中国外交部发言人毛宁表示：中方注意到有关报道，对此次针,
陈文清将赴俄出席安全事务高级代表国际会议等并访问俄罗斯、匈牙利,https://news.sina.com.cn/c/2025-05-22/doc-inexmnmc1789496.shtml,2025-05-22 15:21:00,外交部网站22日消息，外交部发言人宣布： 中共中央政治局委员、中央政法委书记陈文清将于5月23日至29日应邀赴俄罗斯出席第十三届安全事务高级代表国际会议...,"陈文清,俄罗斯"
商务部再回应美国对人工智能芯片出口管制,https://news.sina.com.cn/o/2025-05-22/doc-inexmnme9726744.shtml,2025-05-22 15:18:00,据@日月谭天 消息，5月22日下午，商务部召开例行新闻发布会，有记者就美国对人工智能芯片出口管制一事提问。 商务部新闻发言人何咏前：中方已多次阐明立场。,"商务部,人工智能,美国"
铜陵铜官：用好“红黄牌”预警  切实提升集中整治工作质效,https://news.sina.com.cn/c/2025-05-22/doc-inexmnme7065980.shtml,2025-05-22 15:13:00,“请驻区教育局纪检监察组汇报一下专项整治工作推进情况、存在问题以及下一步如何改进。”近日，在铜陵市铜官区纪委常委会上，部分纪检监察组织作表态发言。,"铜陵市,纪检监察"
A股收评：北证50重挫逾6%，全市场超4400家个股飘绿，宠物经济等板块走弱,https://news.sina.com.cn/c/2025-05-22/doc-inexmnme7066327.shtml,2025-05-22 15:04:00,5月22日，A股三大指数集体调整，截至收盘，上证指数跌0.22%，深证成指跌0.72%，创业板指跌0.96%；北证50跌6.15%。两市成交额约11026.9亿,
凤阳鼓楼楼宇是违建？当地回应“有批文”,https://news.sina.com.cn/c/2025-05-22/doc-inexmnme7066594.shtml,2025-05-22 15:01:00,来源：中国新闻周刊 安徽省文物局对相关复建方案做了正式批复 近日，安徽省滁州市凤阳县鼓楼楼宇顶部“瓦片脱落”事件持续受到舆论关注。,"鼓楼,安徽省,违建"
境外间谍盯上在校大学生，国安部披露详情,https://news.sina.com.cn/c/2025-05-22/doc-inexmnme9709418.shtml,2025-05-22 14:22:00,国家安全，离我们并不遥远。潜心求学的高校学子，在日常学习生活中，只要对威胁国家安全的可疑情况保持警惕，不断提升国家安全意识和素养...,在校大学生
精神病人之死：家属质疑警方处警中违规操作，追逐中扑倒病人致其受伤后身亡,https://news.sina.com.cn/c/2025-05-22/doc-inexmhch7163999.shtml,2025-05-22 13:35:00,来源：新黄河  新黄河记者：刘钊  一场突如其来的变故，让来自山西省运城市稷山县化峪镇南位村的牛先生一家陷入了无尽的悲痛之中。,
医保钱包开通地区再扩容 22省227个地区实现跨省共济,https://news.sina.com.cn/c/2025-05-22/doc-inexmnme7056070.shtml,2025-05-22 13:27:00,来源：央视网 央视网消息：据国家医疗保障局官网消息，截至2025年5月8日，已有河北、内蒙古、辽宁、吉林、黑龙江、上海、江苏、浙江、安徽、山东、河南、湖北、广西...,"新疆生产建设兵团,医保,甘肃省"
广西发布暴雨蓝色预警，启动防汛四级应急响应,https://news.sina.com.cn/c/2025-05-22/doc-inexmhch7164800.shtml,2025-05-22 13:18:00,来源：央视网央视网消息：据广西壮族自治区防汛抗旱指挥部消息，据预报，5月22日夜间至24日，广西将出现今年“龙舟水”期间首场强降雨，自西北向东南有一次大雨到暴雨...,"广西防汛抗旱应急预案,广西,防汛"
贵州省大方县果瓦乡山体滑坡初步判断十余人被困,https://news.sina.com.cn/c/2025-05-22/doc-inexmhcc5103480.shtml,2025-05-22 13:07:00,新华社贵阳5月22日电（记者李凡、骆飞）5月22日9时许，贵州省大方县果瓦乡庆阳村发生一起山体滑坡。据相关部门消息，初步判断6栋8户十余人被困。现场山势较高、坡,
国家医保局：1—4月职工医保个人账户共济金额177.92亿元,https://news.sina.com.cn/c/2025-05-22/doc-inexmhch7167905.shtml,2025-05-22 12:34:00,来源：央视网央视网消息：据国家医疗保障局官网消息，目前，职工医保个人账户共济可以通过即时调用被绑定人个人账户、医保钱包转账等方式实现。,医保
我国多措促进珍稀濒危野生动植物种群恢复,https://news.sina.com.cn/c/2025-05-22/doc-inexmhch7145937.shtml,2025-05-22 12:17:00,来源：央视网 5月22日是国际生物多样性日，今年的主题是“万物共生 和美永续”。记者从国家林业和草原局获悉，通过实施以国家公园为主体的自然保护地体系建设及野生动植物保...,"旗舰,自然保护地,熊猫"
教育部拟同意设置32所本科高等学校,https://news.sina.com.cn/c/2025-05-22/doc-inexmhcf1864504.shtml,2025-05-22 12:14:00,关于拟同意设置本科高等学校的公示 根据《中华人民共和国高等教育法》《普通高等学校设置暂行条例》《普通本科学校设置暂行规定》《本科层次职业学校设置标准（试行）》等...,
中央纪委国家监委网站丨贵州：开展重点领域关键岗位年轻干部廉洁宣讲,https://news.sina.com.cn/c/2025-05-22/doc-inexkzvk7261134.shtml,2025-05-22 11:31:00,“廉洁和干事的关系如同‘1’和‘0’一样，前面的‘1’必须立得正、站得稳，后面的‘0’才能创造无限可能。”日前，贵州省纪委监委机关联合团省委举办清廉贵州·“青廉宣讲团”省级宣讲...,"贵州省,中央纪委"
中国足协公布18强赛大名单：武磊回归,https://news.sina.com.cn/c/2025-05-22/doc-inexkzvf5209818.shtml,2025-05-22 11:30:00,来源：央视网央视网消息：据中国足球协会官网消息，北京时间5月22日，中国足协公布了国家男子足球队备战6月份最后两场2026世界杯亚洲区预选赛18强赛的27人集训名单。,"中国足协,武磊,足球队"
视评线丨美国“芯”机算尽 难阻中国标“芯”立义,https://news.sina.com.cn/c/2025-05-22/doc-inexnchv1540636.shtml,2025-05-22 11:17:00,FlashPlayer插件未安装安装插件，如果已经安装请检查是否被禁用undefinedundefined美国“芯”机算尽这几天的中美科技圈着实热闹。中国方面，,
王赋在嘉峪关调研督导集中整治和 “三化”建设年行动等工作,https://news.sina.com.cn/c/2025-05-22/doc-inexkzvk9900532.shtml,2025-05-22 10:57:00,5月20日至21日，甘肃省委常委、省纪委书记、省监委主任王赋在嘉峪关市调研督导群众身边不正之风和腐败问题集中整治、“纪检监察工作规范化法治化正规化建设年”行动...,"纪检监察,嘉峪关市"
定远：严把审理关口 守牢案件质量生命线,https://news.sina.com.cn/c/2025-05-22/doc-inexkzvk7230095.shtml,2025-05-22 10:53:00,“审查报告引用条规没有精准到款项。”“违纪事实表述过于简单，违纪时间、地点等要素要写详尽。”近日，在安徽省定远县纪委监委召开的案件审理研讨会上，委机关、派驻机构...,纪检监察
国足公布世预赛大名单，最后两战不容有失,https://news.sina.com.cn/o/2025-05-22/doc-inexkzvk9886757.shtml,2025-05-22 10:47:00,新京报讯（记者孙海光）中国国家男子足球队5月22日公布了新一期集训名单，备战下月与印尼和巴林队的两场世界杯亚洲区预选赛，刚刚完成会籍转换的杨明洋首次进入大名单。,"国足,世预赛,印尼队"
9万余条物种记录向全球开放 中国首个热带生物多样性数字平台发布,https://news.sina.com.cn/c/2025-05-22/doc-inexkzvk9879304.shtml,2025-05-22 10:23:00,5月22日是国际生物多样性日，由中国科学院西双版纳热带植物园打造的“西双版纳生物多样性平台”正式向全球开放。该平台整合了科研人员和自然爱好者多年来收集的西双版纳地区...,"中国,西双版纳傣族自治州,生物"
贵州大方县接连发生两起山体滑坡 有人员被困,https://news.sina.com.cn/c/2025-05-22/doc-inexkzvi1952364.shtml,2025-05-22 10:12:00,今天（5月22日），贵州省大方县长石镇和果瓦乡分别发生了两起山体滑坡，均造成人员被困。记者从大方县相关部门初步了解到，长石镇有两人被困，果瓦乡有多人被困...,"山体滑坡,贵州省"
今年前四个月全国累计发电装机容量近35亿千瓦,https://news.sina.com.cn/c/2025-05-22/doc-inexkzvf5173131.shtml,2025-05-22 09:57:00,国家能源局发布统计数据显示，截至4月底，全国累计发电装机容量34.9亿千瓦，同比增长15.9%。其中，太阳能发电装机容量9.9亿千瓦，同比增长47.7%；风电装机容量5.4亿千瓦...,"国家能源局,电网工程,许可"
高温“熄火”冷空气来袭 南方降雨进入最强时段,https://news.sina.com.cn/c/2025-05-22/doc-inexkvpn9959108.shtml,2025-05-22 09:08:00,今天（5月22日）南方进入此轮降雨过程的最强时段，安徽中南部、湖北中东部、湖南大部、江西西部和北部、广西北部和西部有暴雨或大暴雨，同时，内蒙古中部、山西...,
方圆谈丨找准小切口 讲活思政课,https://news.sina.com.cn/c/2025-05-22/doc-inexkvpi5264729.shtml,2025-05-22 08:54:00,思政课怎样活起来？在辽宁理工职业大学，一部情景剧，为如何上好思政课提供了启示。辽沈战役期间，锦州的苹果已然熟透，行军路过的战士们虽饥渴难耐，却一个也不摘。,"思政课,方圆"
遥感技术扎根土地 航天科技“四维耘田”助力智慧新农业,https://news.sina.com.cn/c/2025-05-22/doc-inexkvpm2033807.shtml,2025-05-22 08:50:00,近日，中国航天科技集团有限公司所属中国四维农业团队依托于四维云平台数字基座的高效数据处理能力和平台服务能力，打造了面向涉农用户的轻量级农业遥感平台——“四维耘田·时...,
贯彻落实中央纪委四次全会精神 以“同查”严惩风腐交织问题,https://news.sina.com.cn/c/2025-05-22/doc-inexkvpi5264811.shtml,2025-05-22 08:46:00,强化系统观念 树立整体思维以“同查”严惩风腐交织问题不正之风与腐败问题同根同源、互为表里。二十届中央纪委四次全会强调，一体推进正风反腐，强化系统观念...,"腐败,中央纪委,全会"
中国华能无人纯电动矿用卡车首次实现百台编组运营,https://news.sina.com.cn/c/2025-05-22/doc-inexkvpn9946229.shtml,2025-05-22 08:36:00,近日，“华能睿驰”百台无人电动矿用卡车正式编组，在华能伊敏露天矿投入运营，这是全球范围内无人纯电动矿用卡车首次实现百台编组运营。,"卡车,电动,纯电动"
西藏年内绿电交易电量突破1亿千瓦时,https://news.sina.com.cn/c/2025-05-22/doc-inexkvpm2028918.shtml,2025-05-22 08:36:00,截至5月16日，依托全国大电网统一调控和大市场资源配置优势，在北京电力交易中心和国网西北、西南分部的支持下，西藏年内绿电交易电量首次突破1亿千瓦时。,"电力,新能源,西藏"
多式联运再优化 中国物流光伏玻璃货运班列实现常态化运营,https://news.sina.com.cn/c/2025-05-22/doc-inexkvpn7287294.shtml,2025-05-22 08:36:00,截至5月20日，中国物流组织运营的蚌埠至太原光伏玻璃货运班列已累计发运13列，实现了蚌埠至太原光伏玻璃货运班列常态化运营，全年预计发运40万吨。,"玻璃,货运,中国物流"
中煤地质总局举行“中国地热一张图”助推乡村振兴发布会,https://news.sina.com.cn/c/2025-05-22/doc-inexkvpm2028724.shtml,2025-05-22 08:35:00,近日，中煤地质总局在福建坦洋村举行“中国地热一张图”助推乡村振兴发布会。“中国地热一张图”是中煤地质总局研发的全国首个地热资源数据融合平台...,"中国,乡村振兴"
贯彻落实中央纪委四次全会精神 以“同查”严惩风腐交织问题,https://news.sina.com.cn/c/2025-05-22/doc-inexkvpn9942945.shtml,2025-05-22 08:24:00,强化系统观念 树立整体思维以“同查”严惩风腐交织问题 不正之风与腐败问题同根同源、互为表里。二十届中央纪委四次全会强调，一体推进正风反腐，强化系统观念...,"腐败,中央纪委,全会"
图片新闻-广西纪检监察网,https://news.sina.com.cn/c/2025-05-22/doc-inexkvpn9942926.shtml,2025-05-22 08:24:00,广西壮族自治区蒙山县紧抓发展机遇，不断推动产业转型升级，把蚕丝绸产业打造成为全县经济优势特色产业，助力农业增效农民增收，推进乡村振兴。,"广西壮族自治区,纪检监察,广西"
广西贺州做实年轻干部教育管理监督 系好履职风纪扣,https://news.sina.com.cn/c/2025-05-22/doc-inexkvpn9942854.shtml,2025-05-22 08:24:00,日前，广西壮族自治区贺州市纪委监委机关联合团市委组织120余名年轻干部走进市党风廉政教育基地，通过沉浸式参观学习接受廉洁教育。,"贺州市,广西贺州"
冷空气来袭中东部高温退场 南方降雨进入最强时段,https://news.sina.com.cn/c/2025-05-22/doc-inexkvpn7305102.shtml,2025-05-22 08:22:00,来源：央视网央视网消息：据中国天气网消息，今天（5月22日）南方进入此轮降雨过程的最强时段，安徽中南部、湖北中东部、湖南大部、江西西部和北部...,"降雨,中东部,高温"
方圆谈丨找准小切口 讲活思政课,https://news.sina.com.cn/c/2025-05-22/doc-inexkvpn7282002.shtml,2025-05-22 08:15:00,思政课怎样活起来？在辽宁理工职业大学，一部情景剧，为如何上好思政课提供了启示。 辽沈战役期间，锦州的苹果已然熟透，行军路过的战士们虽饥渴难耐，却一个也不摘。,"思政课,方圆"
把好政策落实好,https://news.sina.com.cn/c/2025-05-22/doc-inexkvpm2016219.shtml,2025-05-22 07:46:00,“出台民营经济促进法”“开展规范涉企执法专项行动”“制定全国统一大市场建设指引”……今年经济工作的重点任务中，不少都指向了进一步优化营商环境。,襄阳市
监督故事 | 停水问题终于解决了,https://news.sina.com.cn/c/2025-05-22/doc-inexkvpn7276171.shtml,2025-05-22 07:44:00,不久前，庆阳市庆城县“三抓三促”行动专项工作机制办公室接到309国道庆城县桐川服务区负责人反映，服务区及周边群众家中停水多天，期间他曾多次向有关部门反映...,农村
厚植企业发展沃土,https://news.sina.com.cn/c/2025-05-22/doc-inexkvpn7276076.shtml,2025-05-22 07:44:00,湖北省襄阳市纪委监委持续推动优化营商环境，定期组织干部走访企业，压紧压实相关部门责任，保障惠企政策落细落实。图为5月21日，该市纪检监察干部联合发改...,"襄阳市,湖北省"
省级“一卡通”惠民惠农财政补贴政策清单发布,https://news.sina.com.cn/c/2025-05-22/doc-inexkvpn7273909.shtml,2025-05-22 07:35:00,近日，省财政厅组织省级主管部门集中制定并公开了《江苏省省级惠民惠农财政补贴政策清单（2025年）》。清单通过规范“一卡通”发放的补贴项目要素...,"惠民,补贴"
方圆谈丨找准小切口 讲活思政课,https://news.sina.com.cn/c/2025-05-22/doc-inexkvpn9934987.shtml,2025-05-22 07:03:00,思政课怎样活起来?在辽宁理工职业大学，一部情景剧，为如何上好思政课提供了启示。辽沈战役期间，锦州的苹果已然熟透，行军路过的战士们虽饥渴难耐，却一个也不摘。,"思政课,方圆"
贵阳：紧盯重要节点 深化整治违规收送礼品礼金问题,https://news.sina.com.cn/c/2025-05-22/doc-inexkvpi5245058.shtml,2025-05-22 07:03:00,近日，贵阳市纪委监委派驻市管企业第一纪检监察组联合驻在企业纪委，组建监督检查组，围绕违规收送礼品礼金等“四风”问题，对驻在企业及其下属子公司开展明察暗访...,贵阳市
“小官巨贪校长”，让乡镇初中生吃不饱,https://news.sina.com.cn/c/2025-05-22/doc-inexkrfp2141851.shtml,2025-05-22 07:02:00,来源：中国新闻周刊 “我们还在发育期，经常吃不饱，有时候晚上还会饿醒”“建议饭堂换点饭菜，一点都不好吃”…… 华南地区一地级市所辖区纪委监委办案人员走进该区一所乡镇初级...,巡察
兼职拍照日薪300竟是间谍陷阱？@高校学子 国家安全就在你身边,https://news.sina.com.cn/c/2025-05-22/doc-inexkrfp2136071.shtml,2025-05-22 06:39:00,记者从国家安全部了解到，国家安全，离我们并不遥远。潜心求学的高校学子，在日常学习生活中，只要对威胁国家安全的可疑情况保持警惕，不断提升国家安全意识和素养...,高校学子
早间播报【2025年5月22日】,https://news.sina.com.cn/c/2025-05-22/doc-inexkrfp2135801.shtml,2025-05-22 06:20:00,● 21日，金融监管总局等八部门联合发文，从增加融资供给、降低综合融资成本等8个方面提出23项工作措施，进一步改善小微企业、个体工商户融资状况。,"纪检监察,中国纪检监察报,安徽省"
小米三纳米自研芯片成色几何？,https://news.sina.com.cn/c/2025-05-22/doc-inexkerv0293125.shtml,2025-05-22 01:45:00,证券时报记者 阮润生 日前，小米集团自研的手机SoC芯片玄戒O1，在董事长雷军“剧透”下一步步走向聚光灯，甚至高通首席执行官亲自下场回应小米造芯的影响。,"芯片,小米,自研芯片"
四川宜宾市高县发生3.7级地震 震源深度10公里,https://news.sina.com.cn/c/2025-05-22/doc-inexkerv0289633.shtml,2025-05-22 00:58:00,中国地震台网正式测定：05月22日00时50分，在四川宜宾市高县（北纬28.34度，东经104.55度）发生3.7级地震，震源深度10公里。,"四川省,地震,震源深度"
多国新冠疫情上升！中疾控紧急提醒,https://news.sina.com.cn/c/2025-05-22/doc-inexiyiv2492205.shtml,2025-05-21 23:51:00,5月20日，国家卫健委召开新闻发布会，中国疾控中心表示，世界卫生组织公布，近期，西非、中美洲和加勒比地区、东欧、西南欧和西亚部分国家新冠疫情呈上升趋势。,"疾控,百日咳,安志杰"
北方高温天气三问：为何持续高温？带来哪些影响？,https://news.sina.com.cn/c/2025-05-21/doc-inexiyix0408473.shtml,2025-05-21 23:35:00,连日来，北方地区多地出现高温天气。才入夏不久，北方多地为什么高温持续？是否属于极端高温天气？带来哪些影响？记者21日采访了气象专家。,"高温,山西省,陕西省"
单方面免签11个常见问题，外交部权威解答,https://news.sina.com.cn/c/2025-05-22/doc-inexiyit5710324.shtml,2025-05-21 23:03:00,单方面免签政策常见问题解答 1。问：哪些国家人员可适用单方面免签政策来华？ 答：文莱、法国、德国、意大利、西班牙、荷兰、马来西亚、瑞士、爱尔兰、匈牙利、奥地利...,外交部
广西：最大限度减少蓝天立涉嫌严重违纪违法对经济社会发展的影响,https://news.sina.com.cn/c/2025-05-21/doc-inexiyiw7737418.shtml,2025-05-21 22:31:00,来源：政知见据《广西日报》消息，5月21日，广西壮族自治区党委书记陈刚主持召开自治区党委常委会会议，传达学习习近平总书记近期重要讲话、中央有关文件精神...,
省委书记下矿井，与一线煤矿工人交流,https://news.sina.com.cn/c/2025-05-21/doc-inexiyix0394995.shtml,2025-05-21 22:21:00,贵州日报消息，5月20日至21日，贵州省委书记徐麟深入六盘水市六枝特区、水城区、盘州市调研。 据报道，调研期间，在盘江精煤股份公司火烧铺煤矿...,"贵州省,省委书记,徐麟"
小鹏汽车：图灵芯片车型三季度度更大范围放量，下一步将部署在第五代机器人,https://news.sina.com.cn/c/2025-05-21/doc-inexitzz0518594.shtml,2025-05-21 21:42:00,小鹏汽车2025年Q1财报电话会上，小鹏汽车董事长何小鹏表示，小鹏图灵芯片在2024年一次流片成功，算力是当前主流车端AI芯片的3-7倍，目前进展顺利。二季度将,
《哪吒2》第四次延长上映，四个月来日均场次仍超万场，能否“更上一层楼”,https://news.sina.com.cn/o/2025-05-21/doc-inexitzv5821403.shtml,2025-05-21 21:24:00,截至当前，《哪吒2》全球票房已超158亿，位居全球影史票房第5。 5月21日，据猫眼专业版数据，电影《哪吒之魔童闹海》（以下称《哪吒2》）片方发布密钥延期通知...,"哪吒2,票房"
售价5年暴涨约6倍，“疯狂的复方枣仁胶囊”背后发生了什么？,https://news.sina.com.cn/c/2025-05-21/doc-inexitzy7849183.shtml,2025-05-21 21:16:00,复方枣仁胶囊价格暴涨引发关注，该药价格从2020年一盒12粒约20元飙升至现在的100多元。 记者调查发现，该药主要原材料中的酸枣仁...,成都市
“茶”字拆开，就是“人在草木间”,https://news.sina.com.cn/c/xl/2025-05-21/doc-inexitzx2581565.shtml,2025-05-21 20:37:00,编者按：党的十八大以来，习近平总书记发表的一系列重要讲话和重要文章，风格鲜明、思想深邃、内涵深刻，用历史映照现实、远观未来，闪耀着马克思主义的真理光芒。,
时政微调查丨雕刻·时光,https://news.sina.com.cn/c/xl/2025-05-21/doc-inexitzy7837176.shtml,2025-05-21 20:37:00,19日下午，习近平总书记在河南省洛阳市考察了龙门石窟。千年汤汤的伊河之水与缄默不语的大佛，共同滋养和守护着这片土地上的人们。,
学习·知行丨习近平总书记情牵“中华文化瑰宝”,https://news.sina.com.cn/c/xl/2025-05-21/doc-inexitzy7836850.shtml,2025-05-21 20:35:00,已有1500多年历史的河南洛阳龙门石窟，是重要的世界文化遗产。 2025年5月19日，习近平来到这里，察看石窟整体布局风貌和代表性窟龛、造像...,
演员陈丽云，被逮捕,https://news.sina.com.cn/c/2025-05-21/doc-inexitzz0493626.shtml,2025-05-21 20:20:00,宁夏检察机关依法对陈丽云决定逮捕 宁夏演艺集团有限公司原党委委员、副总经理、宁夏演艺集团歌舞剧院有限公司原党支部书记、经理陈丽云（正处级）涉嫌贪污、受贿一案...,"石嘴山市,宁夏,陈丽云"
上海：加快出台育儿补贴和产假社保补贴政策,https://news.sina.com.cn/c/2025-05-21/doc-inexitzz0490993.shtml,2025-05-21 20:13:00,上海市人民政府办公厅印发《上海市提振消费专项行动方案》，其中提到，加大生育养育保障力度。落实上海市建设生育友好型社会的若干措施，加快出台育儿补贴和产假社保补贴政,
《上海市提振消费专项行动方案》印发,https://news.sina.com.cn/o/2025-05-21/doc-inexitzy7831297.shtml,2025-05-21 20:13:00,上海市人民政府办公厅关于印发《上海市提振消费专项行动方案》的通知 沪府办发〔2025〕10号 各区人民政府，市政府各委、办、局，各有关单位：...,"三只松鼠,章燎原,生活馆"
潘展乐获得男子100米自由泳冠军,https://news.sina.com.cn/c/2025-05-21/doc-inexitzx2573253.shtml,2025-05-21 19:53:00,2025全国游泳冠军赛男子100米自由泳决赛，潘展乐以47秒77的成绩获得金牌！  本次冠军赛参赛阵容堪称“顶配” 2025年全国游泳冠军赛5月17日在深圳开赛，此次比赛含金量颇高...,"自由泳,冠军赛,全国游泳冠军赛"
每股44.05港元 恒瑞医药公布H股发售价,https://news.sina.com.cn/o/2025-05-21/doc-inexipua7949346.shtml,2025-05-21 19:31:00,新京报贝壳财经讯（记者丁爽）5月21日，恒瑞医药发布公告称，公司已确定H股发行的最终价格为每股44.05港元，为预计发行价格的上限。,"恒瑞医药,新京报,贝壳财经"
“赢了业绩输了股价”的阳光电源，面临电芯定义权争夺战,https://news.sina.com.cn/o/2025-05-21/doc-inexipuc0608175.shtml,2025-05-21 19:31:00,“股价为何低迷？”在阳光电源5月20日的业绩说明会上，这一问题是投资者提及最多的。 5月21日开盘后，阳光电源股价一度下挫，最终收于64.23元/股，涨0.90%。,"阳光电源,股价,系统集成"
黄金该加仓还是观望？世界黄金协会回应,https://news.sina.com.cn/c/2025-05-21/doc-inexipua7950219.shtml,2025-05-21 19:30:00,面对国际金价“过山车”一般的行情，投资者应该趁机加仓还是继续观望？近日，世界黄金协会中国区研究部负责人贾舒畅接受了中新网专访，对投资者给出建议。,"黄金,国际金价,美元"
罗文利，升副部,https://news.sina.com.cn/c/2025-05-21/doc-inexiptz2695670.shtml,2025-05-21 19:20:00,中国国家博物馆“现任领导”一栏最新信息显示，罗文利现任中国国家博物馆馆长（副部长级）、党委副书记。 公开信息显示，罗文利，男，汉族，1968年6月生，研究生学历...,"中国国家博物馆,文物,陕西省"
国家新闻出版署：5月共14款进口网络游戏获批,https://news.sina.com.cn/c/2025-05-21/doc-inexipua7951499.shtml,2025-05-21 19:09:00,5月21日，国家新闻出版署发布2025年进口网络游戏审批信息，5月共14款进口游戏获批。,
格力确认：董明珠将与孟羽童共同直播！“我带你去吃饭”，董明珠喊话孟羽童，两人“520”和解,https://news.sina.com.cn/c/2025-05-21/doc-inexipua7937273.shtml,2025-05-21 18:40:00,今日，就董明珠与孟羽童的“约饭传闻”，格力电器回应南都·湾财社记者，本周五（5月23日）董明珠将与孟羽童见面吃饭。在社交平台上，格力电器发文称：“520这天，爱,
“美女书记”林虹被决定逮捕！任县委书记时曾直播带货，2小时卖出71.2万,https://news.sina.com.cn/c/2025-05-21/doc-inexipuc0595893.shtml,2025-05-21 18:20:00,5月21日，据最高人民检察院消息，浙江省台州市政协原党组成员、副主席林虹（副厅级）涉嫌受贿一案，由浙江省监察委员会调查终结，移送检察机关审查起诉。日前，浙江省人,
两部门：内蒙古湖北湖南等地局地发生山洪灾害可能性较大,https://news.sina.com.cn/c/2025-05-21/doc-inexiptx5906887.shtml,2025-05-21 18:08:00,来源：央视网央视网消息：据@中国气象局 官微消息，水利部和中国气象局5月21日18时联合发布黄色山洪灾害气象预警： 预计，5月21日20时至22日20时，河北西部、山西北部...,"山洪,湖北省,湖南省"
暴雨黄色预警：四川重庆湖北湖南等地部分地区有大暴雨,https://news.sina.com.cn/c/2025-05-21/doc-inexiptz2678742.shtml,2025-05-21 18:02:00,中央气象台5月21日18时发布暴雨黄色预警：预计，5月21日20时至22日20时，四川东部、重庆、贵州中北部和西南部、湖北大部、湖南北部、江西西北部和东北部、浙,
干旱黄色预警继续：陕西西南部、河南西部、甘肃东部等地特旱,https://news.sina.com.cn/c/2025-05-21/doc-inexipua7926917.shtml,2025-05-21 18:01:00,中央气象台5月21日18时继续发布气象干旱黄色预警：据实时气象干旱监测，陕西、河南、甘肃、宁夏等省份存在重度及以上气象干旱，其中，陕西西南部、河南西部、甘肃东部,
百度集团：第一季度营收324.52亿元 同比增3%,https://news.sina.com.cn/c/2025-05-21/doc-inexiptx5892192.shtml,2025-05-21 17:52:00,新京报贝壳财经讯 5月21日，百度集团公告，2025年第一季度总收入为人民币325亿元，同比增长3%。百度核心收入为人民币255亿元，同比增长7%。,"百度集团,人民币,新京报"
热搜第一！网友加价倒卖蜜雪柠檬水，3个半小时赚254块？蜜雪冰城回应,https://news.sina.com.cn/c/2025-05-21/doc-inexipuc0567488.shtml,2025-05-21 17:41:00,近日，网络上一则“博主在景区摆摊转卖蜜雪冰城柠檬水”的推文引发关注与讨论。 21日，相关话题登顶热搜。 网友@黄腿肠 称，在南京梧桐大道景区...,"景区,摆摊"
云南陆良县一装载机因制动失效致6人死亡 一男子被采取刑事强制措施,https://news.sina.com.cn/c/2025-05-21/doc-inexipuc0570821.shtml,2025-05-21 17:27:00,总台记者从云南陆良县人民政府新闻办公室获悉，2025年5月18日上午9时许，朱某（男，52岁，陆良县马街镇人）操作装载机至陆良县马街镇大龙潭村一下坡转弯处...,"云南省,装载机"
国家发改委：大部分稳就业稳经济政策将在6月底前落地,https://news.sina.com.cn/c/2025-05-21/doc-inexiptx5891742.shtml,2025-05-21 17:21:00,记者从国家发展改革委今天举行的新闻发布会上了解到，4月份，中国经济顶住压力，保持平稳增长。未来，我国将加快推出稳就业稳经济推动高质量发展的若干举措...,"稳经济,国家发改委,国家发展改革委"
河南三处世界地质公园再领“绿牌”，联合国教科文组织发来的！,https://news.sina.com.cn/c/2025-05-21/doc-inexiine8035759.shtml,2025-05-21 17:15:00,世界级地质公园，收到世界级认证。 近日，联合国教科文组织向国家林业和草原局发来对河南王屋山—黛眉山、云台山和嵩山等3处世界地质公园的2025—2028“绿牌”认证。,"河南省,地质公园,联合国教科文组织"
中央巡视组进驻期间，“老虎”叶寒冰被查,https://news.sina.com.cn/c/2025-05-21/doc-inexiimz6009668.shtml,2025-05-21 17:14:00,编辑丨余晖据中央纪委国家监委5月21日消息，四川省政府党组成员、副省长、省公安厅厅长叶寒冰涉嫌严重违纪违法，目前正接受中央纪委国家监委纪律审查和监察调查。叶寒冰,
第九届中国成都国际非物质文化遗产节28日启幕,https://news.sina.com.cn/c/2025-05-21/doc-inexiinc2784043.shtml,2025-05-21 17:13:00,来源：央视网 5月21日，文化和旅游部召开新闻发布会。第九届中国成都国际非物质文化遗产节将于5月28日启幕。本届非遗节以“增进交流互鉴 激发传承活力...,"非遗,成都市,非物质文化遗产"
“退休夫妻月入1.2万负债1.2亿”热议背后：个人破产制度还有多远？,https://news.sina.com.cn/o/2025-05-21/doc-inexiinc2782068.shtml,2025-05-21 17:10:00,当前破产法律制度供应不足，社会公众对个人破产制度仍有较大顾虑，已经试点地区也面临一些问题 近日，“月薪4784元负债2544万余元的女子申请破产”“月收入1.2万元负债1...,"债务,退休"
受贿数额特别巨大、滥用职权，国家烟草专卖局原局长凌成兴一审被判十六年,https://news.sina.com.cn/c/2025-05-21/doc-inexiinc2777699.shtml,2025-05-21 17:02:00,2025年5月21日，吉林省长春市中级人民法院一审公开宣判工业和信息化部原党组成员，国家烟草专卖局原党组书记、局长，中国烟草总公司原总经理凌成兴受贿...,"凌成兴,人民币,犯罪"
广西桂林一在建桥桥梁桥墩垮塌？官方辟谣,https://news.sina.com.cn/c/2025-05-21/doc-inexiinf0684787.shtml,2025-05-21 17:01:00,近日，网传广西阳朔县兴坪镇在建桥“桥梁桥墩垮塌、豆腐渣工程”等视频信息引发公众关注。5月20日，阳朔县兴坪镇政府发布情况通报称，经核查，相关传播内容与事实不符。,
四川省政府党组成员、副省长、省公安厅厅长叶寒冰被查,https://news.sina.com.cn/c/2025-05-21/doc-inexiinc2774874.shtml,2025-05-21 17:00:00,四川省政府党组成员、副省长、省公安厅厅长叶寒冰涉嫌严重违纪违法，目前正接受中央纪委国家监委纪律审查和监察调查。（总台央视记者李本扬）©2025中央广播电视总台版,
人形机器人灵犀X2将走出实验室，首轮预售推出3个版本,https://news.sina.com.cn/c/2025-05-21/doc-inexiinf0678700.shtml,2025-05-21 16:54:00,5月21日，上海智元机器人宣布，该公司研制的全智能灵动机器人灵犀X2将于5月22日正式开启合作伙伴招募，B端用户可前往智元机器人官网留资选购。,"灵犀,机器人"
贵阳8小时闪电狂劈1万多次，最大电流192.7千安，这是什么概念？,https://news.sina.com.cn/c/2025-05-21/doc-inexiine8017430.shtml,2025-05-21 16:50:00,贵阳8小时闪电狂劈1万多次，最大电流192.7千安，这是什么概念？ 一、数据解读：闪电的“超常规”表现闪电频次惊人根据气象监测，贵阳在5月20日00时至08时的8小时内...,
时政现场说丨龙门石窟：中华文化瑰宝的时代回响,https://news.sina.com.cn/c/xl/2025-05-22/doc-inexnchw6817581.shtml,2025-05-21 16:41:00,洛阳城南，伊水河畔，龙门石窟迎来了一位特殊的客人。5月19日下午，习近平总书记来到这里，了解当地加强历史文化遗产保护利用、推动文旅产业高质量发展等情况。Flas,
新疆和硕县4.6级地震导致房屋倒塌？官方辟谣,https://news.sina.com.cn/c/2025-05-21/doc-inexiimy0339663.shtml,2025-05-21 16:40:00,据中国地震台网正式测定，5月20日2时3分在新疆巴州和硕县发生4.6级地震，震源深度10公里，震中位于北纬41.74度，东经88.22度。接应急管理部门通报，震,
港股收评：恒生指数涨0.62%，恒生科技指数涨0.51%，阿里影业涨近23%,https://news.sina.com.cn/c/2025-05-21/doc-inexiimy0328675.shtml,2025-05-21 16:13:00,5月21日，港股收盘，恒生指数涨0.62%，恒生科技指数涨0.51%。宁德时代涨超10%，三生制药涨超8%，比亚迪股份、泡泡玛特涨超3%。阿里影业涨近23%，连,
王建军被免去中国证券监督管理委员会副主席职务,https://news.sina.com.cn/c/2025-05-21/doc-inexiinc2754246.shtml,2025-05-21 16:03:00,来源：财联社 国务院任免国家工作人员，免去王建军的中国证券监督管理委员会副主席职务。 相关新闻 证监会副主席王建军任上被查，其在证监系统工作超过20年（红星新闻）▲王...,
中国驻乌克兰大使马升琨应约会见乌克兰外交部副部长米先科,https://news.sina.com.cn/c/2025-05-21/doc-inexiine7997858.shtml,2025-05-21 16:01:00,中国驻乌克兰大使馆消息，5月20日，马升琨大使应约会见乌克兰外交部副部长米先科。双方就中乌关系及共同关心的问题交换了意见。,
王毅谈中阿巴三方外长会晤成果,https://news.sina.com.cn/o/2025-05-21/doc-inexiimy0325569.shtml,2025-05-21 16:01:00,2025年5月21日，中共中央政治局委员、外交部长王毅在京主持中国—阿富汗—巴基斯坦三方外长非正式会晤，巴基斯坦副总理兼外长达尔、阿富汗代理外长穆塔基出席。,"王毅,外长,巴基斯坦"
外交部：在巴以冲突问题上 中方始终站在公平正义一边,https://news.sina.com.cn/c/2025-05-21/doc-inexiimy0319028.shtml,2025-05-21 15:54:00,财联社5月21日电，外交部发言人毛宁5月21日主持例行记者会。在回答有关巴以冲突的问题时，毛宁表示，在巴以冲突问题上，中方始终站在公平正义一边。加沙冲突延宕超过,
从信息化教学到人工智能教育，技术与教育融合发展的现实考量及实践路向,https://news.sina.com.cn/o/2025-05-21/doc-inexiimy0314478.shtml,2025-05-21 15:46:00,严格来说，信息化、人工智能是包含关系。信息化教学指的是充分利用现代信息技术和信息资源，对教学活动进行设计、实施、管理和评价的一种新型教学方式。,"人工智能,信息技术"
“刚果（金）与美国若达成矿产协议，可能触怒中国”,https://news.sina.com.cn/c/2025-05-21/doc-inexiine7990267.shtml,2025-05-21 15:46:00,[文/观察者网 阮佳琪] 作为全球最大钴生产国，刚果（金）于今年2月下旬实施为期4个月的钴出口禁令，旨在提振低迷的钴价。随着禁令即将到期...,
外交部：中巴合作不针对第三方,https://news.sina.com.cn/c/2025-05-21/doc-inexiine7987811.shtml,2025-05-21 15:43:00,5月21日，外交部发言人毛宁主持例行记者会。 有外媒记者提问，昨天，王毅外长与巴基斯坦副总理兼外长达尔会谈。除了已发布的消息稿内容外...,"外长,毛宁,达尔"
外交部：中方高度重视同太平洋岛国的关系 双方友好合作关系正不断深化和发展,https://news.sina.com.cn/c/2025-05-21/doc-inexiimy0312973.shtml,2025-05-21 15:34:00,【外交部：中方高度重视同太平洋岛国的关系双方友好合作关系正不断深化和发展】财联社5月21日电，外交部发言人毛宁5月21日主持例行记者会。有记者提问，中方刚刚发布,
是否担心关税战等外部因素冲击中国经济？外交部：有能力、有条件、有底气,https://news.sina.com.cn/c/2025-05-21/doc-inexiine7987790.shtml,2025-05-21 15:30:00,5月21日，外交部发言人毛宁主持例行记者会。有记者提问，我们关注到联合国在日前发布的报告中指出，受到关税战等影响，2025年全球经济增速预计将放缓至2.4%，比,
A股收评：上证指数涨0.21%，创业板指涨0.83%，黄金、创新药、固态电池等概念活跃,https://news.sina.com.cn/c/2025-05-21/doc-inexicea0426831.shtml,2025-05-21 15:05:00,5月21日，A股三大指数集体上涨，截至收盘，上证指数涨0.21%，深证成指涨0.44%，创业板指涨0.83%；北证50涨0.39%。两市成交额约11734.78,
2024年平均工资，涨了,https://news.sina.com.cn/c/2025-05-21/doc-inexicec6078577.shtml,2025-05-21 14:32:00,来源：中国新闻周刊 5月16日，国家统计局在官网公布了2024年全国城镇非私营单位就业人员和城镇私营单位就业人员的年平均工资等数据。,"就业,王萍萍"
四川绵阳一村民在外务工家中老宅被拆，镇政府回应：系施工方误拆,https://news.sina.com.cn/c/2025-05-21/doc-inexicec6072974.shtml,2025-05-21 14:19:00,四川绵阳市游仙区信义镇农民杨清虎和妻子两人在上海务工，在没得到任何通知的情况下，老家的房子却被拆除。相关部门事后解释系“误拆”。,"绵阳市,施工方,村民"
“严禁踩踏！”大学生掉进化粪池遇难次日，校内多处井盖立了警示牌,https://news.sina.com.cn/c/2025-05-21/doc-inexiceh8095004.shtml,2025-05-21 14:10:00,极目新闻记者 邓波 5月19日下午，重庆对外经贸学院一名学生掉进化粪池，不幸身亡。 据极目新闻此前报道，遇难的学生姓张，今年20岁，上大一...,"警示牌,大学生,井盖"
中国与东盟十国全面完成中国—东盟自贸区3.0版谈判,https://news.sina.com.cn/c/2025-05-21/doc-inexicef2844451.shtml,2025-05-21 14:10:00,5月20日，中国—东盟经贸部长特别会议以线上方式举行，双方经贸部长共同宣布全面完成中国—东盟自贸区3.0版谈判。3.0版谈判于2022年11月启动，历经近两年时,
云南陆良县发生一起装载机致人伤亡事件，造成6死4伤,https://news.sina.com.cn/c/2025-05-21/doc-inexicec6068796.shtml,2025-05-21 14:03:00,澎湃新闻从相关渠道获悉，5月18日上午，云南曲靖市陆良县马街镇大龙潭村发生一起装载机致人员伤亡事件，截至事发当日16时，已造成6人死亡，4人受伤，其中1人受伤较重...,"云南省,装载机,人员伤亡"
话剧《大宅门》编剧刘深追忆朱媛媛：她为人热情、德艺双馨,https://news.sina.com.cn/o/2025-05-21/doc-inexicec6063949.shtml,2025-05-21 13:44:00,新京报讯（记者刘臻）5月21日，中国国家话剧院一级演员辛柏青发布妻子朱媛媛去世讣告，“媛媛于2025年5月17日上午11点39分，永远地离开了我们。,"朱媛媛,大宅门,追忆"
又一世纪运河来了？,https://news.sina.com.cn/c/2025-05-21/doc-inexiceh8096097.shtml,2025-05-21 13:36:00,浙赣运河，又有新消息。近日，浙江《关于高水平建设“航运浙江”的实施意见》正式实施，其中明确提出“谋划推进浙赣运河”，引发业界广泛关注。浙赣运河，途经浙江杭州、衢,
40℃以上！多地发布高温红色预警 防暑指南已备好,https://news.sina.com.cn/c/2025-05-21/doc-inexiceh8065981.shtml,2025-05-21 13:23:00,今天（21日），受高空暖脊影响，山西省临汾市高温天气持续，大部分地区最高气温将达到37℃以上，其中多个县市区的最高温度将达到40℃以上。山西省临汾市气象台已经升,
与朱媛媛合作的《造城者》才杀青，黄晓明：她都没有说过癌症的事,https://news.sina.com.cn/zx/2025-05-21/doc-inexicea0390111.shtml,2025-05-21 13:15:00,5月21日，演员辛柏青在微博发布讣告，表示其妻子、知名演员朱媛媛于5月17日离世，年仅51岁。辛柏青写道：“在与癌症抗争的近五年时间里她并没有悲观消沉，依然坚定...,"朱媛媛,黄晓明,造城者"
女演员李凯馨前助理致歉，称“辱骂国人”录音为剪辑合成,https://news.sina.com.cn/c/2025-05-21/doc-inexhwwe0513985.shtml,2025-05-21 12:48:00,近日，新加坡籍华裔艺人@李凱馨Eleanor 因一段“辱华录音”引发关注。5月21日，其前助理@鱼了个鲸_ 发布声明称，李凯馨“辱骂国人”录音是自己恶意剪辑、合成、捏造...,"李凯馨,Eleanor"
镜头丨小满时节万物盈,https://news.sina.com.cn/c/2025-05-21/doc-inexicec6087687.shtml,2025-05-21 11:50:00,清和入序殊无暑，小满先时政有雷。小满是夏季第二个节气，万物生长旺盛，达到小得盈满的状态。盛夏将至、南风送暖，百草丰茂、麦穗初齐，全国各地农民抢抓农时忙农事...,贵州省
黄仁勋称美对华AI芯片出口管制“失败”，英伟达中国市场份额暴跌,https://news.sina.com.cn/o/2025-05-21/doc-inexhwwf6166583.shtml,2025-05-21 11:37:00,英伟达在中国的市场份额已从美国前总统拜登执政初期的95%降至目前的50%。 5月21日，英伟达CEO黄仁勋在台北Computex2025大会上表示...,"黄仁勋,英伟达,出口管制"
演员辛柏青发讣告，妻子朱媛媛去世,https://news.sina.com.cn/c/2025-05-21/doc-inexhwwe0475896.shtml,2025-05-21 11:07:00,[演员辛柏青发讣告，妻子朱媛媛去世]辛柏青微博5月21日发讣告，全文如下： 另据极目新闻报道：辛柏青发布妻子朱媛媛去世讣告，曾饰演《贫嘴张大民的幸福生活》《送你一朵小...,
刘诗诗已转让公司股权给吴奇隆 二者已无共同关联公司,https://news.sina.com.cn/c/2025-05-21/doc-inexhsqi6274710.shtml,2025-05-21 10:25:00,娱乐圈那点事其实就跟坐公交车一样，到站了你可以上去，到站了你也可以下去，车一直在跑，而车上的人则换了一批又一批，一辆车是不可能只载一个人的，一个人也不会想只坐一,
金科1470亿元债务“一键清零”，房地产最大重整案获批背后争议不断,https://news.sina.com.cn/c/2025-05-21/doc-inexhsqh0588345.shtml,2025-05-21 10:24:00,新黄河记者：苏冉涉及债务规模达1470亿元，债权人超8400家，覆盖全国30余个城市，房地产行业迄今规模最大的重整案近日引发社会各界关注。5月11日，金科股份（,
贵州省2名县处级干部接受纪律审查和监察调查,https://news.sina.com.cn/c/2025-05-21/doc-inexhsqm3029794.shtml,2025-05-21 10:00:00,黔西南州普安县政协原党组书记、主席王仕祥接受纪律审查和监察调查据黔西南州纪委监委消息：黔西南州普安县政协原党组书记、主席王仕祥涉嫌严重违纪违法...,"贵州省,黔西南州,黔南州"
涉嫌受贿罪、违法发放贷款罪，中国建设银行原副行长章更生被决定逮捕,https://news.sina.com.cn/c/2025-05-21/doc-inexhsqi6252672.shtml,2025-05-21 10:00:00,正义网记者5月21日从最高人民检察院获悉，中国建设银行原党委委员、副行长章更生涉嫌受贿、违法发放贷款一案，由国家监察委员会调查终结，移送检察机关审查起诉。日前，,
恒大地产等被执行14.2亿,https://news.sina.com.cn/c/2025-05-21/doc-inexhsqh0581900.shtml,2025-05-21 09:58:00,天眼查法律诉讼信息显示，5月20日，恒大地产集团有限公司新增3条被执行人信息，执行标的合计14.2亿余元，涉及金融借款合同纠纷等案件，案件被执行人还包括景德镇市,
外交部副部长马朝旭会见美国新任驻华大使庞德伟,https://news.sina.com.cn/c/2025-05-21/doc-inexhsqm3007443.shtml,2025-05-21 09:28:00,据外交部网站消息，2025年5月20日，外交部副部长马朝旭会见美国新任驻华大使庞德伟。双方就当前中美关系及共同关心的重要问题坦诚、深入交换了意见。马朝旭强调，中,
A股开盘：上证指数跌0.01%，创业板指涨0.17%，黄金、超级计算机、农村电商等概念走强,https://news.sina.com.cn/c/2025-05-21/doc-inexhsqm3031674.shtml,2025-05-21 09:28:00,5月21日早间A股开盘，上证指数跌0.01%，深证成指跌0.03%，创业板指涨0.17%，北证50跌0.24%。黄金、有色·锑、超级计算机、农村电商、天津国资概,
存贷款利率同步下降 专家：有利于加大金融支持实体经济力度,https://news.sina.com.cn/c/2025-05-21/doc-inexhsqi6227083.shtml,2025-05-21 09:19:00,20日，1年期和5年期以上贷款市场报价利率（LPR）均同步下降10个基点，分别降至3.0%和3.5%。同日，主要银行也优化了存款挂牌利率。专家表示，LPR下降有,
四川省外卖骑手接单将不再强制要求上传健康证,https://news.sina.com.cn/c/2025-05-21/doc-inexhsqh0548086.shtml,2025-05-21 09:18:00,近日，总台中国之声独家报道了从去年11月份开始，四川省尝试全省的外卖送餐人员、售卖预包装食品的工作人员不需要办理健康证就能上岗，同时，体检机构也不再接待外卖员做,
广东：鼓励因地制宜采用发放购房补贴、房票等形式支持进城农民购房,https://news.sina.com.cn/c/2025-05-21/doc-inexhsqh0551755.shtml,2025-05-21 09:07:00,近日，中共广东省委全面深化改革委员会印发《关于以改革更好促进“百县千镇万村高质量发展工程”的若干措施》。其中提出，完善住房保障机制。健全县域房地产市场高质量发展,
悬水之台的“孤勇者”,https://news.sina.com.cn/c/2025-05-21/doc-inexhsqm2990881.shtml,2025-05-21 08:58:00,在东海浩渺的碧波之上，舟山嵊泗绿华山减载平台如一座沉默的巨人，矗立于海天之间。这里没有城市的霓虹，没有市井的喧嚣，唯有浪涛的轰鸣与海风的呼啸。,舟山市
长图丨小满：满而不盈 守正于心,https://news.sina.com.cn/c/2025-05-21/doc-inexhsqi6215359.shtml,2025-05-21 08:55:00,,
商务部就美国企图全球禁用中国先进计算芯片发表谈话,https://news.sina.com.cn/c/2025-05-21/doc-inexhsqi6213786.shtml,2025-05-21 08:50:00,商务部新闻发言人就美国企图全球禁用中国先进计算芯片发表谈话。中方注意到，美国商务部近日发布指南，以所谓推定违反美出口管制为由，企图在全球禁用中国先进计算芯片，包,
贯彻落实中央纪委四次全会精神 提升监督执纪执法业务水平,https://news.sina.com.cn/c/2025-05-21/doc-inexhsqn8209986.shtml,2025-05-21 08:47:00,纪检监察机关深化以案代训实战练兵提升监督执纪执法业务水平从刚入职时一份谈话记录要反复修改多遍，到三年后成为县纪委监委留置案件内审谈话能手...,"纪检监察,全会,中央纪委"
国内首份深海采矿车试验环境影响声明报告获批,https://news.sina.com.cn/c/2025-05-21/doc-inexhsqi6212597.shtml,2025-05-21 08:47:00,近日，由中国五矿所属长沙矿冶院牵头编制的《中国五矿多金属结核合同区A-5区块深海多金属结核采矿车单体试验环境影响声明报告》成功通过国际海底管理局法律和技术委员会审...,"长沙市,法律"
西藏首台氢能重型卡车成功试车,https://news.sina.com.cn/c/2025-05-21/doc-inexhsqn8201854.shtml,2025-05-21 08:46:00,近日，由东方电气集团提供全产业链技术支撑的西藏首台氢能重型卡车，在林芝经济开发区圆满完成试车任务，标志着我国氢能装备技术实现高原适应性重大突破。,"试车,卡车"
时效提升一倍！烟台口岸首趟“一单制”跨境铁海联运班列开行,https://news.sina.com.cn/c/2025-05-21/doc-inexhsqn8201802.shtml,2025-05-21 08:46:00,近日，一列满载韩国货品的跨境班列从山东烟台港发车，前往吉尔吉斯斯坦。这是烟台口岸首趟 “一单制”跨境铁海联运班列，全程运输由此前的25天缩短到12天左右。,"烟台市,海运,山东省"
用等量的煤发更多的电 我国首个国产超级耐热钢机组成功吊装,https://news.sina.com.cn/c/2025-05-21/doc-inexhsqh0528384.shtml,2025-05-21 08:46:00,5月20日，我国首个国产超级耐热钢机组在大唐山东郓城630℃国家电力示范项目建设现场成功吊装，标志着我国自主研制的马氏体耐热钢首次实现工程化应用...,"大唐,山东省"
压实责任 督促整改推动,https://news.sina.com.cn/c/2025-05-21/doc-inexhsqm2993882.shtml,2025-05-21 08:46:00,办好老百姓的事，关键在于加强农村基层党组织建设，发挥党支部战斗堡垒作用和党员先锋模范作用。纪检监察机关立足职能职责，针对农村党组织软弱涣散...,巡察
亚洲最大压气站迈入“无人值守”智能时代,https://news.sina.com.cn/c/2025-05-21/doc-inexhsqn8201591.shtml,2025-05-21 08:46:00,5月15日，由中国石油管道局承建的中卫作业区智能站项目顺利通过验收，标志着亚洲最大天然气枢纽站——中卫压气站成功升级为亚洲首座无人值守智能站。,"亚洲,无人值守,中卫市"
我国首批商用堆产碳-14同位素投入市场,https://news.sina.com.cn/c/2025-05-21/doc-inexhsqh0528104.shtml,2025-05-21 08:45:00,5月16日，我国核技术应用领域迎来重大里程碑时刻——首批商用堆产碳-14同位素从中核集团旗下中国核电投资控股的秦山核电基地正式发运，投入市场。,
方圆谈丨自觉破除特权思想、特权行为,https://news.sina.com.cn/c/2025-05-21/doc-inexhsqm2994194.shtml,2025-05-21 08:44:00,日前，中国银行湖南省分行原首席业务经理黄志刚被开除党籍，按规定取消其享受的退休待遇，通报指出，黄志刚特权思想严重，无视中央八项规定精神，长期违规收受礼品礼金...,"特权思想,方圆,党员"
InXinjiang (53)丨这位俄罗斯青年政治家第一次来新疆，百感交集,https://news.sina.com.cn/c/2025-05-21/doc-inexhsqm2985345.shtml,2025-05-21 08:41:00,来源：石榴云  前不久，俄罗斯自由民主党国际部负责人谢尔盖·斯博尔诺夫来乌鲁木齐参加上合组织政党论坛，这是他首次来到新疆。接受《InXinjiang》节目采访时...,
镜头丨小满，向着希望,https://news.sina.com.cn/c/2025-05-21/doc-inexhsqi6215487.shtml,2025-05-21 08:41:00,小满到，夏意浓。此时绿草清幽，雨水充沛，枝头缀果，各地陆续进入农忙时节，收获的希望就在眼前。 小满悄然而至，柳州市融水苗族自治县元宝山上树木郁郁葱葱...,柳州市
贯彻落实中央纪委四次全会精神  提升监督执纪执法业务水平,https://news.sina.com.cn/c/2025-05-21/doc-inexhsqn8201256.shtml,2025-05-21 08:34:00,纪检监察机关深化以案代训实战练兵提升监督执纪执法业务水平 从刚入职时一份谈话记录要反复修改多遍，到三年后成为县纪委监委留置案件内审谈话能手...,"纪检监察,全会,中央纪委"
航行警告：南海部分水域进行军事训练，禁止驶入,https://news.sina.com.cn/c/2025-05-21/doc-inexhsqn8225260.shtml,2025-05-21 08:26:00,来源：央视网央视网消息：据中国海事局网站消息，清澜海事局发布航行警告，5月20日至5月21日，每日19时至22时，南海以19-37.12N 110-57.32E为中心...,南海
时政新闻眼丨再赴河南考察，习近平为何强调这两个关键词？,https://news.sina.com.cn/c/xl/2025-05-21/doc-inexitzv5807057.shtml,2025-05-21 08:25:00,高质量发展、高效能治理，是习近平总书记提出的重要命题。他曾指出，要有针对性地部署对高质量发展、高效能治理具有牵引性的重大规划、重大改革、重大政策。,
母校回应黄杨钿甜艺考被质疑有水分：专业考试系学生自行准备,https://news.sina.com.cn/c/2025-05-21/doc-inexhsqh0528126.shtml,2025-05-21 08:16:00,来源：九派新闻 [#母校回应黄杨钿甜艺考被质疑有水分#：专业考试系学生自行准备]#黄杨钿甜是高中母校该专业最后一届#近日，因“天价耳环”深陷舆论漩涡的年轻女演员黄杨钿甜...,
一见·从龙门石窟之行，感悟中华文明的包容与自信,https://news.sina.com.cn/c/xl/2025-05-21/doc-inexhnhk0646106.shtml,2025-05-21 08:05:00,洛阳城南，伊水潺潺，苍峰屏峙，石窟生辉。5月19日，习近平总书记在河南省洛阳市考察了龙门石窟，了解当地加强历史文化遗产保护利用、推动文旅产业高质量发展等情况。,
时政微纪录丨习近平总书记河南行,https://news.sina.com.cn/c/xl/2025-05-21/doc-inexhnhp3107365.shtml,2025-05-21 08:03:00,初夏时节，习近平总书记先后到洛阳、郑州考察调研。 19日下午，习近平首先来到洛阳轴承集团股份有限公司考察，他了解企业发展历程，听取不同类型轴承产品用途和性能介绍...,
广东明确：不得以任何方式强制购买中小学校服，7月1日起施行,https://news.sina.com.cn/c/2025-05-21/doc-inexhnhk0653935.shtml,2025-05-21 07:47:00,近日，广东省教育厅、省发展和改革委员会、省工业和信息化厅、省财政厅、省市场监督管理局等五部门联合印发《关于加强中小学生校服管理工作的指导意见》。《意见》明确，校,
贯彻落实中央纪委四次全会精神 提升监督执纪执法业务水平,https://news.sina.com.cn/c/2025-05-21/doc-inexhnhq8315773.shtml,2025-05-21 07:44:00,纪检监察机关深化以案代训实战练兵提升监督执纪执法业务水平 从刚入职时一份谈话记录要反复修改多遍，到三年后成为县纪委监委留置案件内审谈话能手...,"纪检监察,全会,中央纪委"
我省举办科技服务进园区推进会,https://news.sina.com.cn/c/2025-05-21/doc-inexhnhk0642275.shtml,2025-05-21 07:44:00,5月20日，由省生产力促进中心主办的纵深实施科技服务进产业园区行动工作推进会在南京举行。活动现场，省实验室联盟和省技术转移联盟发布前沿技术重大成果。,江苏省
广西桂林紧盯重点环节开展清单式监督 优化公平竞争市场环境,https://news.sina.com.cn/c/2025-05-21/doc-inexhnhk0642250.shtml,2025-05-21 07:43:00,日前，广西壮族自治区桂林市叠彩区纪委监委督查组来到当地多家企业走访，聚焦党员干部、公职人员滥用执法权以罚代管、吃拿卡要、收受贿赂...,"桂林市,纪检监察,惠企"
全省各地开展“5·20世界计量日”系列活动,https://news.sina.com.cn/c/2025-05-21/doc-inexhnhk0642140.shtml,2025-05-21 07:43:00,今年5月20日是《米制公约》签署150周年纪念日，也是第26个世界计量日，主题是“计量顺时代之需，应民生之盼”。近期，全省市场监管部门开展计量走进社区、乡村、学校、企业...,
甘肃能化下属煤矿发生透水事故致3人死亡，上月另一下属煤矿事故5人遇难,https://news.sina.com.cn/c/2025-05-21/doc-inexhnhq8319157.shtml,2025-05-21 07:42:00,极目新闻记者 刘闪 5月21日，甘肃能化股份有限公司（000552）董事会发布公告，5月19日，公司下属甘肃靖煤能源有限公司王家山煤矿分公司一号井二204工作面突发透水事故...,"甘肃省,煤矿"
黔西南：紧盯重要节点 持续纠治“四风”顽疾,https://news.sina.com.cn/c/2025-05-21/doc-inexhnhm6330496.shtml,2025-05-21 07:03:00,“兴仁市卫生健康局原党组书记、局长保健违规收受管理和服务对象礼品礼金……”近日，黔西南州纪委监委公开通报4起违反中央八项规定精神典型问题。,"黔西南布依族苗族自治州,黔西南州,纪检监察"
庆阳：助企纾困出实招  “三抓三促”见真章,https://news.sina.com.cn/c/2025-05-21/doc-inexhnhq8306856.shtml,2025-05-21 06:57:00,“真是太感谢你们了，目前很多欠款单位已陆续向我们回款，公司终于能正常运营了！”近日，庆阳圣元环保公司负责人将一面写有“真抓实帮...,"庆阳市,环保"
三堂会审 | 帮亲属伪造职工身份参保骗取养老金如何定性,https://news.sina.com.cn/c/2025-05-21/doc-inexhnhp3095943.shtml,2025-05-21 06:56:00,特邀嘉宾易海奎 重庆市城口县纪委监委案件审理室主任陈 东 重庆市城口县纪委监委第七纪检监察室副主任朱 光 重庆市城口县人民检察院一级检察官夏忠强 重庆市城口县人民法院...,"退休,养老金,重庆市"
红古：“片区协作+交叉监督”激活基层监督“神经末梢”,https://news.sina.com.cn/c/2025-05-21/doc-inexhnhk0633375.shtml,2025-05-21 06:55:00,不久前，兰州市红古区纪委监委查处了一起因村干部阻碍施工，导致农村公益事业财政奖补项目进展缓慢、损害群众利益问题。这是该区纪委监委实行“片区协作+交叉监督”机制以来...,纪检监察
为干事创业贡献纪检监察力量,https://news.sina.com.cn/c/2025-05-21/doc-inexhnhq8306631.shtml,2025-05-21 06:54:00,纪检监察机关要把从严管理监督和鼓励担当作为统一起来，引导党员干部全面理解和执行党的纪律规矩，在遵规守纪的前提下，安心工作、放手干事、锐意进取、积极作为。,纪检监察
提升风腐同查同治能力,https://news.sina.com.cn/c/2025-05-21/doc-inexhnhk0633230.shtml,2025-05-21 06:54:00,二十届中央纪委四次全会指出，健全不正之风和腐败问题同查同治机制，着力推动正风反腐一体深化。江苏省灌云县纪委监委不断完善风腐同查同治工作机制...,"同治,腐败"
航行警告：渤海部分区域进行实弹射击 禁止驶入,https://news.sina.com.cn/c/2025-05-21/doc-inexhnhm6321053.shtml,2025-05-21 06:49:00,据中国海事局网站消息，唐山海事局发布航行警告：5月21日0时至5月22日24时，渤海部分区域进行实弹射击，禁止驶入。 实弹射击海域 以N 39°24′35″、E 119°13′44″为顶点...,"渤海,实弹射击,唐山市"
暴雨预警：重庆贵州等地有大到暴雨 部分地区或现大暴雨,https://news.sina.com.cn/c/2025-05-21/doc-inexhsqn8240949.shtml,2025-05-21 05:59:00,来源：央视网 央视网消息：中央气象台5月21日06时继续发布暴雨蓝色预警，预计，5月21日08时至22日08时，四川东部、重庆中南部、贵州北部等地部分地区有大到暴雨，其中...,"暴雨,贵州省,暴雨预警"
大雾黄色预警：渤海海峡黄海等海域有能见度不足1公里的大雾,https://news.sina.com.cn/c/2025-05-21/doc-inexhsqm3017230.shtml,2025-05-21 05:59:00,来源：央视网 央视网消息：中央气象台5月21日06时继续发布大雾黄色预警，预计，5月21日白天至夜间，渤海海峡、黄海大部海域、成山头附近海域、青岛港...,"大雾,黄海,黄色预警"
跨境急单潮涌：美国买家不再讨价还价，中国工厂昼夜赶工,https://news.sina.com.cn/c/2025-05-21/doc-inexfvkt6688316.shtml,2025-05-21 01:44:00,中美大幅降低双边关税水平，沉寂已久的中美贸易市场仿佛一夜之间被激活。 据新华社报道，5月12日，中美双方发布《中美日内瓦经贸会谈联合声明》。,"美国,中美,王莉"
中方敦促美国停止将溯源问题政治化,https://news.sina.com.cn/c/2025-05-21/doc-inexfvks0997114.shtml,2025-05-21 00:51:00,5月20日，针对美国在第78届世卫大会上就溯源等问题发表不实言论，中国常驻日内瓦代表团发言人表示，美国这样一个宣布退出世卫组织的国家...,"中国,世卫组织,美国"
王毅会见美国亚洲协会会长康京和,https://news.sina.com.cn/c/2025-05-21/doc-inexfvkw8664592.shtml,2025-05-21 00:14:00,2025年5月20日，中共中央政治局委员、外交部长王毅在京会见美国亚洲协会会长康京和。 王毅说，中国对美政策保持连续性和稳定性，始终遵循习近平主席提出的相互尊重...,"王毅,康京和,美国"
环球时报社评：从赖清德这一年看到“台独”的末路狂奔,https://news.sina.com.cn/c/2025-05-21/doc-inexfvkw8658390.shtml,2025-05-20 23:51:00,#从赖清德这一年看到台独末路狂奔#【#环球时报社评#：从赖清德这一年看到“台独”的末路狂奔】5月20日，台湾地区领导人赖清德上台满一年。,"赖清德,台独,台湾省"
省委巡视结束后，朱秀英被查！前任5个月前已落马,https://news.sina.com.cn/c/2025-05-21/doc-inexhnhm6323212.shtml,2025-05-20 23:51:00,编辑丨余晖据“廉洁广州”5月20日消息，广州市从化区委常委、政法委书记朱秀英涉嫌严重违纪违法，目前正接受广州市纪委监委纪律审查和监察调查。公开资料显示，朱秀英曾,
他对中国和美国的预测，引起关注！,https://news.sina.com.cn/c/2025-05-21/doc-inexfvkv3446957.shtml,2025-05-20 23:50:00,近日，美国普林斯顿大学一位关注和研究中国工业政策的学者在美国《纽约时报》撰文，称当中国正在高科技领域取得越来越多的突破时...,美国
纪法百科•一图读懂应知应会党纪法规《信访工作条例》,https://news.sina.com.cn/c/2025-05-20/doc-inexfray8785904.shtml,2025-05-20 23:18:00,来源：中央纪委国家监委网站,信访工作条例
王毅：中方将一如既往坚定支持巴方维护国家主权和领土完整,https://news.sina.com.cn/c/2025-05-20/doc-inexfrau1107559.shtml,2025-05-20 22:58:00,来源：政知见 据外交部网站消息，5月20日，中共中央政治局委员、外交部长王毅在京同巴基斯坦副总理兼外长达尔举行会谈。 王毅说，中巴双方就巩固传统友谊、加强互利合作...,
假和平真谋“独”！赖清德两面手法枉费心机注定失败,https://news.sina.com.cn/c/2025-05-20/doc-inexfray8776159.shtml,2025-05-20 22:33:00,5月20日，台湾地区领导人发表就职一周年讲话并在讲话结束后接受媒体采访，此前还接受多家媒体采访，再次用欺骗性话术重弹所谓“民主对抗威权”老调...,"赖清德,大陆,台独"
知名景点楼宇突发坍塌，去年刚花近300万元维修，央视曝光：坍塌部分系违规修建，是“假古董”,https://news.sina.com.cn/c/2025-05-21/doc-inexhnhm6324332.shtml,2025-05-20 22:23:00,5月19日，安徽凤阳鼓楼突发屋顶瓦面大面积脱落坍塌，持续数分钟。5月20日，“凤阳鼓楼坍塌”登上微博热搜第一。当地通报：维修项目去年3月竣工验收据安徽滁州凤阳县,
多家外资机构最新发声：正逐步提升中国资产配置比例，积极布局人工智能、新消费等,https://news.sina.com.cn/c/2025-05-20/doc-inexfrau1098746.shtml,2025-05-20 22:11:00,来源：财联社 财联社5月20日讯（记者 沈述红）5月19日至20日，由深圳证券交易所主办的2025全球投资者大会在深圳举行，国内外交易所...,"投资者,人工智能,海外投资者"
倒查十年！广西党委书记要求严肃追责，6位省部级任组长,https://news.sina.com.cn/c/2025-05-20/doc-inexfrau1095967.shtml,2025-05-20 22:01:00,5月20日，广西壮族自治区党委书记陈刚以“自治区涉重金属环境安全隐患排查整治工作领导小组组长”的身份，到位于自治区生态环境厅集中办公的领导小组综合协调组办公室和排查...,
队史首冠！布朗41+5+9 周琦15中12空砍31+10 广厦4-2北京夺冠,https://news.sina.com.cn/c/2025-05-20/doc-inexfrav6781155.shtml,2025-05-20 21:53:00,来源：直播吧 直播吧5月20日讯 CBA总决赛G6，北京今日回到主场迎战广厦，上场比赛凭借着翟晓川的两罚准绝杀北京成功扳回一城，不过大比分2-3落后仍无路可退...,
翻越高山，成为高山！浙江广厦成CBA历史第八支夺冠球队,https://news.sina.com.cn/c/2025-05-20/doc-inexfray8767621.shtml,2025-05-20 21:53:00,当终场哨声响起，近几年最具悬念的一个赛季也终于迎来大结局。 北京时间5月20日，浙江广厦以125比118拿下胜利，大比分4比2击败北京北汽，获得队史首个CBA总冠军。,"广厦男篮,胡金秋,孙铭徽"
25年来，DNA存储领域有哪些重要突破？1克DNA能存储215PB数据是什么概念？,https://news.sina.com.cn/c/2025-05-20/doc-inexfrax3553526.shtml,2025-05-20 21:42:00,大家好，我是清华大学机械工程系的教授熊卓，很高兴在这里分享我的团队对于DNA存储领域的了解和思考。DNA是我们很熟悉的生物大分子，但“DNA存储”一词对大家仍较,
巴基斯坦副总理在华表态：感谢中方主持公道,https://news.sina.com.cn/c/2025-05-20/doc-inexfrax3549629.shtml,2025-05-20 21:26:00,外交部网站消息，2025年5月20日，中共中央政治局委员、外交部长王毅在京同巴基斯坦副总理兼外长达尔举行会谈。 王毅说，中巴双方就巩固传统友谊、加强互利合作...,"中国,王毅,巴基斯坦"
连续4任市长过去1年多被查，昆明市委发声,https://news.sina.com.cn/c/2025-05-20/doc-inexfrau1084742.shtml,2025-05-20 21:15:00,来源：政事儿 云南“昆明发布”消息，5月20日，全市集中开展警示教育持续净化政治生态动员部署会召开。 会议强调，要深入学习贯彻习近平总书记关于党的自我革命的重要思想和...,
最新！“俄方将向中国通报”,https://news.sina.com.cn/c/2025-05-21/doc-inexfkuu1768950.shtml,2025-05-20 20:28:00,据俄罗斯卫星社5月20日报道，俄罗斯外交部副部长安德烈·鲁登科对俄罗斯卫星社表示，莫斯科将向北京通报与乌克兰和美国就解决俄乌冲突问题的接触情况。,"俄罗斯卫星,中国,乌克兰"
【央视快评】奋力谱写中原大地推进中国式现代化新篇章,https://news.sina.com.cn/c/xl/2025-05-21/doc-inexfkuz3665219.shtml,2025-05-20 20:19:00,5月19日至20日，习近平总书记在河南考察并听取河南省委和省政府工作汇报，对河南各方面取得的成绩给予肯定，对下一步工作提出明确要求。,"河南省,总书记,大地"
拾光纪·在龙门石窟，看曾经冷门的文物保护热起来,https://news.sina.com.cn/c/xl/2025-05-20/doc-inexfkux6888677.shtml,2025-05-20 20:16:00,5月19日，习近平总书记在河南省洛阳市考察龙门石窟。青年人才源源不断、数字技术赋能保护，1500多年的龙门石窟正焕发出新光彩。,
第一观察·瞬间｜“这条路走对了”,https://news.sina.com.cn/c/xl/2025-05-20/doc-inexfkuw1198149.shtml,2025-05-20 20:15:00,5月19日下午，习近平总书记来到河南洛阳轴承集团股份有限公司考察。新华社记者的镜头定格下这样一个瞬间—— 新华社记者 燕雁 摄 习近平总书记走进企业智能工厂...,
第1视点｜科技创新助推传统制造业转型升级,https://news.sina.com.cn/c/xl/2025-05-20/doc-inexfkuu1762625.shtml,2025-05-20 20:15:00,5月19日，习近平总书记在河南省洛阳市考察了洛阳轴承集团股份有限公司，了解当地加快先进制造业发展等情况。 《第1视点》带你了解。,
郭明錤：亚马逊考虑推出大尺寸折叠设备，挑战华为和苹果,https://news.sina.com.cn/c/2025-05-20/doc-inexfkux6888584.shtml,2025-05-20 20:15:00,IT之家5月20日消息，据行业分析师郭明錤透露，亚马逊正在开发一款类似华为周一发布的MateBookFold非凡大师的大尺寸折叠设备。郭明錤表示：“苹果在大尺寸,
高通CEO安蒙回应小米自研手机芯片玄戒O1：继续向小米供应芯片,https://news.sina.com.cn/c/2025-05-20/doc-inexfkux6888380.shtml,2025-05-20 20:14:00,IT之家5月20日消息，小米创办人、董事长兼CEO雷军今日发文宣布：小米自主研发设计的3nm旗舰芯片——小米玄戒O1已开始大规模量产。对于小米的这一进展，小米手,
习近平在河南考察时强调 坚定信心推动高质量发展高效能治理 奋力谱写中原大地推进中国式现代化新篇章,https://news.sina.com.cn/c/xl/2025-05-20/doc-inexfkuz3662730.shtml,2025-05-20 20:14:00,5月19日至20日，中共中央总书记、国家主席、中央军委主席习近平在河南考察。这是19日下午，习近平在洛阳轴承集团股份有限公司智能工厂考察。,
农夫山泉钟睒睒：不反对代工，但农夫山泉目前所有产品是无法代工的,https://news.sina.com.cn/c/2025-05-20/doc-inexfkuz3662773.shtml,2025-05-20 20:13:00,每经记者：叶晓丹每经编辑：董兴生5月20日，在农夫山泉2024年年度股东大会上，面对近期关于农夫山泉产品代工的传闻，公司董事长钟睒睒在会上回应称：“不反对代工，,
外媒称中国防长不出席香格里拉对话会，中方回应,https://news.sina.com.cn/c/2025-05-20/doc-inexfkuz3654783.shtml,2025-05-20 19:39:00,外交部网站消息，5月20日外交部发言人毛宁主持例行记者会。 法新社记者：《金融时报》援引不具名人士消息称，中国国防部长不会出席下周在新加坡举行的香格里拉对话会。,"香格里拉,外媒,毛宁"
中国分享月壤，NASA无缘,https://news.sina.com.cn/c/2025-05-20/doc-inexfkuw1190602.shtml,2025-05-20 19:34:00,来源：长安街知事 据参考消息报道，《沃尔夫修正案》正在阻止美国政府资助本国科研人员对嫦娥五号任务月壤样品的分析。 今年4月，中国正式向6个国家的7家科研机构开放嫦娥...,"科研,嫦娥五号,月壤"
美国专家：中国很聪明，买稀土需填写最终用户，进一步封堵漏洞,https://news.sina.com.cn/c/2025-05-20/doc-inexfkuu1752804.shtml,2025-05-20 19:33:00,[文/观察者网 齐倩]中美经贸高层会谈取得突破，双方同意将税率下调115%。但美国有线电视新闻网（CNN）注意到，迄今，中国仍在严格控制稀土出口...,"稀土,稀土出口,中国"
冒充现役军人，自称有中国兵器工业集团投资内幕，2人被刑拘,https://news.sina.com.cn/c/2025-05-20/doc-inexfkuz3646357.shtml,2025-05-20 19:11:00,今日A股市场以高开姿态拉开帷幕，随后展开震荡上行走势。截至收盘，上证指数稳收0.38%的涨幅，一根小阳线虽看似涨幅有限，却悄然点燃市场热情。当日两市个股呈现普涨,
国台办：不管台湾地区领导人讲什么，都改变不了台湾是中国一部分的地位和事实,https://news.sina.com.cn/c/2025-05-20/doc-inexfkuu1737802.shtml,2025-05-20 18:51:00,国务院台办发言人陈斌华就台湾地区领导人近来多次讲话中涉两岸关系内容答记者问。 问：台湾地区领导人今天发表就职一周年讲话并在讲话结束后接受媒体采访...,"台湾省,中国,国台办"
和总书记面对面 | 两个行当，一颗匠心,https://news.sina.com.cn/c/xl/2025-05-21/doc-inexfkuz3646735.shtml,2025-05-20 18:50:00,古都洛阳，亘古亘今。文明积淀于斯，活力迸发于此。 5月19日下午，习近平总书记来到这里考察调研。在河南洛阳轴承集团股份有限公司和龙门石窟两个考察点...,"龙门石窟,习近平"
中央巡视组进驻云南期间，李成武主动投案,https://news.sina.com.cn/c/2025-05-20/doc-inexfeny1296764.shtml,2025-05-20 18:33:00,来源：政知见据云南省纪委监委5月20日消息：云南省红河州人大常委会党组书记、主任李成武涉嫌严重违纪违法，主动投案，目前正接受云南省纪委监委纪律审查和监察调查。,
水利部：“龙舟水”期间，珠江流域降雨接近常年或略偏多,https://news.sina.com.cn/c/2025-05-20/doc-inexfeny1300313.shtml,2025-05-20 18:31:00,来源：央视网央视网消息：据水利部微信公众号消息，近日，水利部信息中心会同水利部珠江水利委员会、广东、广西等水文部门，会商研判今年“龙舟水”期间珠江流域汛情形势。,"水利部,降雨"
新冠阳性率升高，钟南山发声提醒，中疾控预测,https://news.sina.com.cn/c/2025-05-21/doc-inexhnhk0636309.shtml,2025-05-20 18:23:00,新冠又起来了吗？最近不少网友发文说自己“阳了”话题#新冠感染又抬头#也登上热搜引发网友关注中疾控：疫情呈波动上升趋势17日，中疾控发布5月健康风险提示。其中提出,新冠肺炎
超10万人预约！售价23999元的鸿蒙折叠电脑，华为想卖给谁？,https://news.sina.com.cn/c/2025-05-20/doc-inexfenw1857530.shtml,2025-05-20 18:21:00,本文来源：时代周报作者：谢斯临图片来源：时代周报记者摄鸿蒙折叠电脑，终于现出真身。5月19日下午，华为在成都召开nova14系列及鸿蒙电脑新品发布会。会上，华为,
河北省纪委原副书记、省监委原副主任陈玉祥,https://news.sina.com.cn/c/2025-05-20/doc-inexfepc3761831.shtml,2025-05-20 18:14:00,2025年5月20日，江苏省连云港市中级人民法院一审公开宣判河北省纪委原副书记、省监委原副主任陈玉祥受贿案，对被告人陈玉祥以受贿罪判处有期徒刑十二年...,"河北省,纪委书记,连云港市"
深入一线 执纪为民,https://news.sina.com.cn/c/2025-05-20/doc-inexfenz6987192.shtml,2025-05-20 18:11:00,纪检监察工作是人心工作、群众工作，群众期盼处就是正风肃纪反腐的发力点。广西各级纪检监察机关深学习、实调研、抓落实，到基层去，到群众中去，精准发现...,纪检监察
中国籍“钢铁大王”在菲遭撕票案女主谋被捕！警方披露更多细节：试图戴欧美女子面容3D头套逃跑,https://news.sina.com.cn/c/2025-05-21/doc-inexfeny1288351.shtml,2025-05-20 18:09:00,据菲律宾媒体报道，当地时间5月17日，备受关注的菲律宾华人“钢铁大王”、菲律宾中国商会创会会长郭从愿被绑架撕票案的主要嫌疑人在菲律宾长滩岛一家豪华度假村内落网。,
国家能源局：4月份全社会用电量7721亿千瓦时，同比增长4.7%,https://news.sina.com.cn/c/2025-05-20/doc-inexfkux6894654.shtml,2025-05-20 17:59:00,来源：央视网央视网消息：据国家能源局微信公众号消息，4月份，全社会用电量7721亿千瓦时，同比增长4.7%。从分产业用电看，第一产业用电量110亿千瓦时，同比增长13...,"国家能源局,央视网,全社会用电量"
纪法百科•一图读懂应知应会党纪法规,https://news.sina.com.cn/c/2025-05-20/doc-inexfeny1271713.shtml,2025-05-20 17:21:00,来源：中央纪委国家监委网站,
有期徒刑十二年、罚金200万元！陈玉祥受贿案一审宣判,https://news.sina.com.cn/c/2025-05-20/doc-inexfenw1823710.shtml,2025-05-20 17:00:00,2025年5月20日，江苏省连云港市中级人民法院一审公开宣判河北省纪委原副书记、省监委原副主任陈玉祥受贿案，对被告人陈玉祥以受贿罪判处有期徒刑十二年，并处罚金人,
胖都来连夜改名为盈都来，商场、地图、社交平台均已改名,https://news.sina.com.cn/c/2025-05-20/doc-inexfenw1820772.shtml,2025-05-20 16:55:00,5月20日，浙江嘉兴。多位市民发布视频称，胖都来商场已将名字改为“盈都来”。视频画面显示胖都来在午夜将“胖”字拆除，留下“都来”二字，商场外墙上...,
交通运输部：我国已建成和在建自动化码头数量均居世界首位,https://news.sina.com.cn/c/2025-05-20/doc-inexfeny1266377.shtml,2025-05-20 16:54:00,来源：央视网 央视网消息：5月20日，交通运输部举行2025年5月新闻发布会，交通运输部科技司司长徐文强在会上介绍，在港口基础设施方面，我国沿海港口总体规模世界领先...,
128天火速登陆港股、首日涨幅超18%，宁德时代募资超300亿“卷”出海,https://news.sina.com.cn/c/2025-05-20/doc-inexfenw1816432.shtml,2025-05-20 16:48:00,5月20日，宁德时代在中国香港联交所主板正式挂牌上市。此次，宁德时代港股上市全球发售股份总数为“绿鞋”（超额配售选择权）前1.35亿股，发行价格为263港元/股,
极目锐评丨黄杨钿甜“高价耳环”事件，调查千万不能烂尾,https://news.sina.com.cn/c/2025-05-20/doc-inexfenw1814102.shtml,2025-05-20 16:26:00,近日，演员黄杨钿甜佩戴“高价奢侈品耳环”事件引发关注。照片中，黄杨钿甜佩戴的耳环被指认是奢侈品牌GRAFF经典系列，公价约230万元。,
财政部：1-4月全国一般公共预算收入80616亿元，同比下降0.4%,https://news.sina.com.cn/c/2025-05-20/doc-inexeyfc7066808.shtml,2025-05-20 16:10:00,财政部5月20日公布2025年1—4月财政收支情况：一、全国一般公共预算收支情况（一）一般公共预算收入情况。1—4月，全国一般公共预算收入80616亿元，同比下,
今年以来首月实现正增长 中央收入4月份增长1.6%,https://news.sina.com.cn/c/2025-05-20/doc-inexeyfc7075219.shtml,2025-05-20 16:07:00,财政部今天公布1—4月财政收支运行情况。1—4月，全国一般公共预算支出93581亿元，同比增长4.6%。全国一般公共预算收入80616亿元，其中4月税收收入增长1.9%...,增幅
知情人士回应董明珠孟羽童合体直播：可能会来，时间还没确定,https://news.sina.com.cn/c/2025-05-20/doc-inexeyff3840367.shtml,2025-05-20 16:07:00,5月20日，据财经网科技，网传消息称，格力电器董明珠将与其前秘书孟羽童在格力做直播。有接近格力方面的人士回应称，“可能确实会来”，但是具体时间还没有确定。此次董,
国际调解院设在香港，王毅将出席《公约》签署仪式,https://news.sina.com.cn/c/2025-05-20/doc-inexeyff3832684.shtml,2025-05-20 15:37:00,据外交部网站5月20日消息，外交部发言人宣布：中共中央政治局委员、外交部长王毅将出席于5月30日在中国香港举行的《关于建立国际调解院的公约》签署仪式。,"王毅,香港,公约"
统计局：4月全国城镇不包含在校生的16-24岁劳动力失业率为15.8%,https://news.sina.com.cn/c/2025-05-20/doc-inexeyfa1348731.shtml,2025-05-20 15:34:00,正在浏览：统计局：4月全国城镇不包含在校生的16-24岁劳动力失业率为15.8%,
江西发布雷电黄色预警 局地伴有强对流天气,https://news.sina.com.cn/c/2025-05-20/doc-inexeyey1925360.shtml,2025-05-20 15:31:00,来源：央视网央视网消息：据江西省气象局微博消息，江西省气象台5月20日14时42分发布雷电黄色预警信号：预计未来6小时内，九江、宜春、新余、吉安四市和抚州市北部...,"强对流,江西省,气象台"
一定之规•党政机关厉行节约反对浪费条例丨经费管理有关规定,https://news.sina.com.cn/c/2025-05-20/doc-inexeyfc7058207.shtml,2025-05-20 15:23:00,来源：中央纪委国家监委网站,中央纪委
特朗普与普京、泽连斯基分别通话，外交部表态,https://news.sina.com.cn/c/2025-05-20/doc-inexeyfa1344743.shtml,2025-05-20 15:23:00,5月20日，外交部发言人毛宁主持例行记者会。 当地时间19日，美国总统特朗普与俄罗斯总统普京、乌克兰总统泽连斯基分别通电话，就俄乌停火谈判等问题进行沟通。,"特朗普,外交部,泽连斯基"
一定之规•党政机关厉行节约反对浪费条例丨经费管理有关规定,https://news.sina.com.cn/c/2025-05-20/doc-inexeyff3825721.shtml,2025-05-20 15:21:00,来源：中央纪委国家监委网站,中央纪委
乌拉圭：适时推动乌国家足球队访华交流,https://news.sina.com.cn/c/2025-05-20/doc-inexeyey1907246.shtml,2025-05-20 15:20:00,据微信公众号“中国驻乌拉圭使馆”消息，5月19日，驻乌拉圭大使黄亚中会见乌国家足球队领队希奥尔达诺。 黄大使表示，建交以来，两国关系持续健康稳定发展...,
局地40℃ 湖北发布高温橙色预警,https://news.sina.com.cn/c/2025-05-20/doc-inexeyff3840972.shtml,2025-05-20 15:20:00,来源：央视网央视网消息：据“湖北天气”微博消息，湖北省气象台2025年05月20日15时20分发布高温橙色省级预警：预计5月21日白天，十堰、襄阳、宜昌、恩施北部、荆门...,"高温,湖北省,宜昌市"
高端化+智能化+绿色化 我国工业转型焕新提速,https://news.sina.com.cn/c/2025-05-20/doc-inexeyff3830077.shtml,2025-05-20 15:19:00,国家统计局19日公布的多个数据显示，今年以来，我国工业新动能加快培育，工业智能化、绿色化转型焕新提速，发展质量持续提升。,"智能化,转型"
小米3nm自研芯片玄戒O1量产 研发投入135亿领跑市场,https://news.sina.com.cn/c/2025-05-20/doc-inexeyfc7046710.shtml,2025-05-20 15:14:00,1.小米自主研发设计的3nm旗舰芯片玄戒O1已开始大规模量产，搭载该芯片的两款旗舰产品将于5月22日发布。2.雷军表示，小米玄戒O1采用第二代3nm工艺制程，全,
外交部：中方支持俄乌直接对话谈判 支持政治解决危机,https://news.sina.com.cn/c/2025-05-20/doc-inexeyey1906439.shtml,2025-05-20 15:12:00,5月20日，外交部发言人毛宁主持例行记者会。 在回答有关美俄领导人通话的问题时，毛宁表示，我们注意到有关报道，在乌克兰危机问题上，中方支持一切有利于和平的努力...,"谈判,外交部,俄乌"
香港油麻地旧警署将向游客开放,https://news.sina.com.cn/c/2025-05-20/doc-inexeyfa1339376.shtml,2025-05-20 15:11:00,香港发展旅游热点工作组今日（20日）举行记者会，介绍香港旅游热点工作项目落地情况。 香港特区政府政务司副司长卓永兴表示，现阶段工作组已挑选9个具有香港特色的项目落实...,香港
收评：北证50、微盘股指数均创历史新高 新消费概念股集体大涨,https://news.sina.com.cn/c/2025-05-20/doc-inexeyfc7035092.shtml,2025-05-20 15:03:00,财联社5月20日电，市场全天冲高回落，三大指数小幅上涨。大小指数走势继续分化，北证50、微盘股指数均创历史新高。沪深两市全天成交额1.17万亿，较上个交易日放量,
安徽凤阳鼓楼瓦片“瀑布式”脱落：600年台基无恙，修缮一年何以塌瓦,https://news.sina.com.cn/c/2025-05-20/doc-inexeyfa1331724.shtml,2025-05-20 15:02:00,来源：羊城派 5月19日下午，安徽省凤阳县明代中都鼓楼顶部一侧瓦片部分脱落，迅速引发公众关注。网民很快扒出：该鼓楼于去年完成维修，竣工验收至今才一年多。,
新冠又抬头 该怎样应对？钟南山给出这三点建议→,https://news.sina.com.cn/c/2025-05-20/doc-inexeyfc7028323.shtml,2025-05-20 14:46:00,最近，全国多地出现新冠病毒感染流行趋势。对此，总台记者对中国工程院院士钟南山进行了采访。钟南山院士表示，目前国内主要流行的新冠病毒毒株毒性较低...,新冠肺炎
90后青年学者李海增逝世9个月后文章登上顶刊，同仁缅怀其贡献,https://news.sina.com.cn/c/2025-05-20/doc-inexeyfc7026417.shtml,2025-05-20 14:36:00,5月19日，《Nature Reviews Clean Technology》最新一期刊发了一篇题为 “Inorganic electrochromic smart windows for advancing building energy efficiency”...,"山东大学,能源与动力工程,院士"
镜观·回响｜文旅融合激活“老家河南”新动能,https://news.sina.com.cn/c/xl/2025-05-20/doc-inexeyfa1322943.shtml,2025-05-20 14:33:00,2025年5月19日下午，习近平总书记在河南省洛阳市考察龙门石窟，了解当地加强历史文化遗产保护利用、推动文旅产业高质量发展等情况。,"河南省,龙门石窟,文旅"
每单收8元，3年刷了542万单！男子建刷单平台为网店刷好评，获利780万被判刑,https://news.sina.com.cn/c/2025-05-20/doc-inexeyey1887530.shtml,2025-05-20 14:29:00,网购时，看到全是好评、销量又高的网店，真的靠谱吗？不一定，这些都可能是“刷”出来的。2020年，福建莆田男子陈某创建某网络刷单平台，招人专门为网店进行刷单。,人民币
极目锐评|重庆一名大学生掉进化粪池遇难，莫让悲剧因脚下“黑洞”一再重演,https://news.sina.com.cn/c/2025-05-20/doc-inexeyfa1351728.shtml,2025-05-20 14:28:00,极目新闻评论员 屈旌 5月19日，重庆对外经贸学院有学生掉进化粪池不幸身亡，引发关注。极目新闻记者采访了解到，涉事学生为一名男生，遗体已于当日送往殡仪馆。,"遇难,井盖,重庆市"
甘肃白银煤矿透水事故最新进展 3名被困矿工已无生命体征,https://news.sina.com.cn/c/2025-05-20/doc-inexetxa2002542.shtml,2025-05-20 13:44:00,5月19日19时43分，甘肃靖煤能源有限公司王家山煤矿分公司一号井二204工作面突发透水涉险事故，造成3人被困失联。事故发生后，平川区启动应急预案，开展紧急救援,
大国工程看新疆丨神州“气脉”中的新疆密码,https://news.sina.com.cn/c/2025-05-20/doc-inexetxa2003693.shtml,2025-05-20 13:42:00,来源：央视网 2025年，新疆维吾尔自治区成立70周年，在这片占国土面积1/6的辽阔疆域上，西气东输工程二十余年如一日地跳动着国家能源命脉的强劲脉搏。,"新疆,神州"
网友质疑全面二孩前黄杨钿甜有弟弟，父亲当时系四川雅安公职人员？“黄”是随奶奶姓,https://news.sina.com.cn/c/2025-05-20/doc-inexeyfa1346309.shtml,2025-05-20 13:39:00,5月20日，“黄杨钿甜弟弟”这一词条登上微博热搜。有网友爆料，黄杨钿甜之前微博名叫“钿钿小辣椒”，2016年，曾在微博晒过弟弟。按照时间推断，其弟出生于2011,
钱进已任外交部新闻司副司长,https://news.sina.com.cn/c/2025-05-20/doc-inexetwy6796061.shtml,2025-05-20 12:49:00,外交部网站“组织机构”一栏最新信息显示，钱进已任外交部新闻司副司长。 据报道，钱进拥有丰富的外交工作经验，此前曾任中国驻纽约总领馆副总领事、发言人等职。,
广西灌阳:紧盯违规吃喝 严查“舌尖上的歪风”,https://news.sina.com.cn/c/2025-05-20/doc-inexepre2105602.shtml,2025-05-20 12:05:00,“王某某作为新街镇马山村村委会主任，虚报套取村集体资金，用于村委违规吃喝，违反中央八项规定精神和廉洁纪律，给予党内警告处分。,"灌阳,广西"
住建部：目前全国地级及以上城市都已全面开展城市体检工作,https://news.sina.com.cn/c/2025-05-20/doc-inexepqz0141278.shtml,2025-05-20 11:48:00,5月20日，住房城乡建设部副部长秦海翔在国新办新闻发布会上表示，做好城市体检工作，一方面，是要坚持问题导向，查找群众身边的急难愁盼问题。另一方面，是要坚持目标导,
A股午评：上证指数涨0.38%，创业板指涨1.04%，休闲食品、培育钻石、动物保健概念走强,https://news.sina.com.cn/c/2025-05-20/doc-inexepre2096337.shtml,2025-05-20 11:34:00,5月20日，A股三大指数早盘集体上涨，截至午间收盘，上证指数涨0.38%，深证成指涨0.79%，创业板指涨1.04%；北证50涨1.37%。沪深两市成交额约72,
中央巡视组进驻期间，龚美爱被查,https://news.sina.com.cn/c/2025-05-20/doc-inexepra6907593.shtml,2025-05-20 11:32:00,编辑丨余晖据“三湘风纪”5月20日消息，湖南省常德市民政局二级巡视员，原党组书记、局长龚美爱涉嫌严重违纪违法，目前正接受常德市纪委监委纪律审查和监察调查。龚美爱,
新余钢铁回应虞书欣家人被传官商勾结：公司里没有姓虞的领导,https://news.sina.com.cn/c/2025-05-20/doc-inexepqz0128693.shtml,2025-05-20 11:24:00,5月19日，《旋风少女》编剧祝明公开发文质疑虞书欣家庭背景及影视行业“家境富裕人设”现象引发热议。其发文称，“早就等着扒她家的瓜了，该来的终归要来的。影视行业所,
李春升同志会议期间因病逝世，享年63岁,https://news.sina.com.cn/o/2025-05-20/doc-inexeprh1511525.shtml,2025-05-20 10:53:00,北京航空航天大学李春升同志治丧工作组5月19日发布讣告：中国共产党党员、我国微波遥感领域著名专家、北京航空航天大学电子信息工程学院教授李春升同志...,北京航空航天大学
零跑汽车董事长朱江明辟谣去世传闻,https://news.sina.com.cn/o/2025-05-20/doc-inexepra6893104.shtml,2025-05-20 10:46:00,朱江明向第一财经发送了一段辟谣的独家视频，称“造谣很容易，辟谣却很难”。 日前，一段关于零跑汽车创始人、董事长朱江明去世的谣言在网络流传。,"独家,第一财经"
金融监管总局：将研究出台专门的城市更新项目贷款管理办法,https://news.sina.com.cn/c/2025-05-20/doc-inexepre2072575.shtml,2025-05-20 10:42:00,5月20日，金融监管总局统计与风险监测司司长廖媛媛在国新办发布会上表示，金融监管总局将指导金融机构深入理解城市更新行动的内在逻辑，准确把握新特点新要求，按照依法,
住建部：我国超9.4亿人生活在城镇,https://news.sina.com.cn/c/2025-05-20/doc-inexeprh1499057.shtml,2025-05-20 10:25:00,FlashPlayer插件未安装安装插件，如果已经安装请检查是否被禁用undefinedundefined今天上午10时，国务院新闻办公室举行新闻发布会。住房城,
国家发展改革委：高端制造业、数字经济等将在新版鼓励外商投资产业目录中充分体现,https://news.sina.com.cn/c/2025-05-20/doc-inexepra6890340.shtml,2025-05-20 10:23:00,来源：央视网央视网消息：5月20日，国家发展改革委召开5月份新闻发布会。国家发展改革委政策研究室副主任、委新闻发言人李超表示...,"国家发展改革委,数字经济"
国家发展改革委：力争6月底前下达完毕今年全部“两重”建设项目清单,https://news.sina.com.cn/c/2025-05-20/doc-inexeprh1504816.shtml,2025-05-20 10:18:00,来源：央视网央视网消息：5月20日，国家发展改革委召开5月份新闻发布会。国家发展改革委政策研究室副主任、委新闻发言人李超表示...,"国家发展改革委,新闻发布会"
住房城乡建设部：加强既有建筑的改造利用 努力把老房子、旧房子改造成好房子,https://news.sina.com.cn/c/2025-05-20/doc-inexepra6884742.shtml,2025-05-20 10:17:00,来源：央视网央视网消息：5月20日，国新办就《关于持续推进城市更新行动的意见》有关情况举行新闻发布会，住房城乡建设部副部长秦海翔在会上表示...,"住房,城乡"
国家发改委：大部分稳就业稳经济政策将在6月底前落地,https://news.sina.com.cn/c/2025-05-20/doc-inexepre2060824.shtml,2025-05-20 10:16:00,5月20日，国家发改委召开5月份新闻发布会。会上，委新闻发言人李超表示，在加快落实既定政策基础上，国家发改委已会同有关部门加快推出稳就业稳经济推动高质量发展的若,
国家发展改革委：大部分稳就业稳经济政策将在6月底前落地,https://news.sina.com.cn/c/2025-05-20/doc-inexepra6882624.shtml,2025-05-20 10:15:00,来源：央视网央视网消息：5月20日，国家发展改革委召开5月份新闻发布会。会上，国家发展改革委新闻发言人李超表示，在加快落实既定政策基础上...,"国家发展改革委,就业,李超"
国家发改委：系统谋划7方面53项配套举措，推动民营经济促进法落地见效,https://news.sina.com.cn/c/2025-05-20/doc-inexepra6878988.shtml,2025-05-20 10:13:00,5月20日，国家发改委召开5月份新闻发布会。会上，委新闻发言人李超表示，民营经济促进法今日起正式施行，这是社会主义市场经济建设的标志性事件，在我国民营经济发展历,
国家发展改革委：系统谋划7方面53项配套举措 推动民营经济促进法落地见效,https://news.sina.com.cn/c/2025-05-20/doc-inexepre2065195.shtml,2025-05-20 10:12:00,来源：央视网央视网消息：5月20日，国家发展改革委召开5月份新闻发布会。会上，国家发展改革委新闻发言人李超表示，民营经济促进法5月20日起正式施行...,"国家发展改革委,国家发改委,政策举措"
雷军：小米玄戒O1已开始大规模量产,https://news.sina.com.cn/c/2025-05-20/doc-inexepre2062795.shtml,2025-05-20 10:10:00,5月20日，小米集团董事长雷军发文称，小米玄戒O1，小米自主研发设计的3nm旗舰芯片，已开始大规模量产。搭载小米玄戒o1的两款旗舰——高端旗舰手机小米15spr,
超六成县医院达到三级水平，为何仍难留病人？,https://news.sina.com.cn/o/2025-05-20/doc-inexepre2052691.shtml,2025-05-20 10:00:00,2024年，全国县医院出院患者手术占比和平均每家县医院开展手术例数均较上一年减少 县级医院是统筹城乡医疗卫生发展的关键纽带，在县域医疗中起到龙头作用。,"医疗服务,卫健委,手术"
事关并购重组！资本市场又一重磅新规落地,https://news.sina.com.cn/c/2025-05-20/doc-inexeyff3813720.shtml,2025-05-20 09:53:00,5月16日，资本市场又一重磅新规落地——中国证监会正式对外公布实施修订后的《上市公司重大资产重组管理办法》。并购重组是支持上市公司注入优质资产...,"并购重组,资本市场,并购"
下降10个基点！LPR迎来年内首降！专家：100万元房贷30年总还款额将减少近2万元,https://news.sina.com.cn/c/2025-05-20/doc-inexepra6871851.shtml,2025-05-20 09:52:00,每经编辑|杜宇 5月20日早间，多家主要银行下调存款利率后，贷款市场报价利率（LPR）下行。 据中国人民银行网站5月20日消息，5月20日，新一期贷款市场报价利率（LPR）出炉...,"利率,LPR,房贷"
赴美线航运火热！集装箱运输平均预订量飙升277%,https://news.sina.com.cn/c/2025-05-20/doc-inexeyfa1335310.shtml,2025-05-20 09:51:00,在中美相互调整关税政策后，赴美线航运迎来火热行情。根据贸易追踪机构Vizion公布的数据，截至5月14日，七天内在美国下单的从中国到美国的集装箱运输平均预订量已经飙升277...,航运
上海市发布台风红色预警信号（演练）,https://news.sina.com.cn/c/2025-05-20/doc-inexepre2047231.shtml,2025-05-20 09:45:00,来源：央视网央视网消息：据“上海市天气”微博消息，上海中心气象台2025年05月20日09时40分发布台风红色预警信号（演练）：上海市6月1日进入汛期...,"上海市,台风,气象台"
A股开盘：三大指数集体高开，港口、创新药、并购重组等概念走强,https://news.sina.com.cn/c/2025-05-20/doc-inexeiie6986603.shtml,2025-05-20 09:27:00,5月20日早间A股开盘，上证指数涨0.12%，深证成指涨0.11%，创业板指涨0.43%，北证50涨0.02%。港口、创新药、天津国资、并购重组、肿瘤治疗概念股,
“15天再入院率”攀升：分解住院的认定迷雾,https://news.sina.com.cn/c/2025-05-20/doc-inexeiie6992841.shtml,2025-05-20 09:19:00,一位国家医保局官员在最近的一次公开发言中透露，2024年次均住院费用的个人负担占比明显下降，降幅达到了5%。但可喜的数据背后，有学者结合另一项数据提出隐忧：20,
省长体验拉拉面,https://news.sina.com.cn/c/2025-05-20/doc-inexeiih2150011.shtml,2025-05-20 09:07:00,5月19日，第15个中国旅游日之际，2025青海文化旅游节开幕式在西宁举行，青海省省长罗东川致辞并宣布开幕。开幕式后，罗东川同与会嘉宾参观青海文化旅游成果展示，,
华南近期降水偏多 18条河流发生超警洪水,https://news.sina.com.cn/c/2025-05-20/doc-inexeiih2145221.shtml,2025-05-20 09:05:00,近期，珠江流域出现大范围持续性强降雨过程，西江支流贺江、南盘江支流巴江等18条河流发生超警洪水。珠江防总、水利部珠江水利委员会已于18日同步启动防汛Ⅳ级应急响应,
5月LPR报价出炉：5年期和1年期利率均下调10个基点,https://news.sina.com.cn/c/2025-05-20/doc-inexeiih2142442.shtml,2025-05-20 09:01:00,财联社5月20日电，5月贷款市场报价利率（LPR）报价出炉：5年期以上LPR为3.5%，上月为3.6%。1年期LPR为3%，上月为3.1%。,
广州某科技公司遭网络攻击 境外“黑手”被锁定,https://news.sina.com.cn/c/2025-05-20/doc-inexeiie6970192.shtml,2025-05-20 09:00:00,5月20日上午9时，广州市公安局天河区分局官方微博发布警情通报称，广州某科技公司自助设备的后台系统遭受网络攻击并被上传多份恶意代码。接警后，公安机关立即开展调查,
张核子“限高”次日即被解除，前员工的执行款3个月后仍未到账,https://news.sina.com.cn/c/2025-05-20/doc-inexeiik1575423.shtml,2025-05-20 08:51:00,张核子实控的深圳核子华曦医学检验实验室，近日因服务合同纠纷起诉全国多家卫健局引发热议。今年2月，张核子因未履行生效法律文书确定的20万元给付义务...,法院
方圆谈丨善听群众“逆耳言”,https://news.sina.com.cn/c/2025-05-20/doc-inexeiih2145206.shtml,2025-05-20 08:50:00,现实中，有些人奉行“多栽花少栽刺”，多说好听话，少说难听话，以博得听者的高兴与接纳。然而，对于广大党员干部来说，顺耳的好听话未必都有所裨益...,"党员干部,方圆"
中国中化风神轮胎巨型工程子午胎扩能增效项目开工,https://news.sina.com.cn/c/2025-05-20/doc-inexeiie6967125.shtml,2025-05-20 08:50:00,近日，中国中化旗下风神轮胎2万条/年高性能巨型工程子午胎扩能增效项目正式开工。项目建成后，将新增巨型工程子午胎产能2万条/年，预计达产销售收入逾15亿元。,"中化,高性能"
河南：不允许城镇居民到农村购买农房、宅基地，不允许退休干部到农村占地建房,https://news.sina.com.cn/c/2025-05-20/doc-inexeiic0196045.shtml,2025-05-20 08:48:00,河南省人民政府近日印发《关于进一步深化农村改革扎实推进乡村全面振兴的实施意见》。其中提到，加强农村资源资产管理使用。做好房地一体宅基地确权登记颁证工作。探索农户,
河南：推进农村高额彩礼问题综合治理，打击婚托婚骗等违法行为,https://news.sina.com.cn/c/2025-05-20/doc-inexeiic0196812.shtml,2025-05-20 08:46:00,河南省人民政府近日印发《关于进一步深化农村改革扎实推进乡村全面振兴的实施意见》。其中提到，推进移风易俗。推进农村高额彩礼问题综合治理，打击婚托婚骗等违法行为。发,
我国首套海上风电综合探测平台达国际领先水平,https://news.sina.com.cn/c/2025-05-20/doc-inexeiik1569400.shtml,2025-05-20 08:42:00,近日，国家能源集团龙源电力工程技术公司“海上风电海缆运行状态监测与快速故障诊断关键技术研究”项目成果通过中国电机工程学会科学技术成果鉴定...,"海缆,磁场"
中国移动5G助力“中国生鱼之乡”书写乡村致富经,https://news.sina.com.cn/c/2025-05-20/doc-inexeiic0190283.shtml,2025-05-20 08:41:00,在广东省中山市三角镇，星罗棋布的鱼塘勾勒出一幅特色农业的美丽画卷。这个被誉为“中国生鱼之乡”的乡镇，是全国“一村一品”示范村镇。,"渔业,中国移动,产业园"
东风公司自主品牌前4月销量增速亮眼,https://news.sina.com.cn/c/2025-05-20/doc-inexeiik1569206.shtml,2025-05-20 08:41:00,今年1-4月，东风公司乘商领域协同发力，自主品牌市场表现强劲。乘用车领域，东风岚图3月、4月连续两个月销量破万，东风乘用车三品牌（东风风神、东风奕派...,
每秒12000立方米！三峡水库再次实施灌溉补水调度,https://news.sina.com.cn/c/2025-05-20/doc-inexeiic0190147.shtml,2025-05-20 08:41:00,近日，三峡水库再次实施灌溉补水调度根据水利部长江水利委员会调度指令，三峡水库持续加大出库流量，截至5月15日，三峡水库日均出库流量已由8390立方米每秒逐渐加大至12000...,
首次公布！我国空间站内发现微生物新物种,https://news.sina.com.cn/c/2025-05-20/doc-inexeiik1569057.shtml,2025-05-20 08:41:00,近日，科研人员首次公布在我国空间站发现的一个微生物新物种，并将其命名为“天宫尼尔菌（Niallia tiangongensis）”，相关科研成果在线发表于国际权威期刊《International...,
英伟达回应在上海设立新办公空间：正租用一个新办公空间，这是在中国持续深耕的努力,https://news.sina.com.cn/c/2025-05-20/doc-inexeiic0187388.shtml,2025-05-20 08:26:00,AI（人工智能）芯片龙头英伟达正在为上海的现有员工租用一个新的办公空间。 5月20日，关于英伟达将在上海设立新办公空间的传闻，英伟达向澎湃新闻回应称：“我们正在为现有...,"英伟达,上海市,黄仁勋"
新冠病毒抬头？钟南山：不必恐慌，要重点关注这一人群,https://news.sina.com.cn/c/2025-05-20/doc-inexeiik1560812.shtml,2025-05-20 08:11:00,来源：南方日报 #钟南山称不必恐慌新冠#[新冠病毒抬头？钟南山：不必恐慌，要重点关注这一人群]#钟南山研判新冠病毒抬头# 新冠病毒又活跃了？,新冠肺炎
甘肃白银煤矿透水事故最新进展：仍有3人失联 现场510余立方米煤泥拥堵巷道,https://news.sina.com.cn/c/2025-05-20/doc-inexeiic0181469.shtml,2025-05-20 08:06:00,FlashPlayer插件未安装安装插件，如果已经安装请检查是否被禁用undefinedundefined5月19日19时43分，位于甘肃省白银市平川区的甘肃靖,
江苏面向就业重点群体启动就业培训行动,https://news.sina.com.cn/c/2025-05-20/doc-inexeiik1557022.shtml,2025-05-20 07:53:00,职业技能培训是劳动者提技增收的重要途径，也是解决结构性就业矛盾的关键所在。为了助力群众就业增收，江苏面向就业重点群体，启动“技能照亮前程...,江苏省
让学生吃饱吃好,https://news.sina.com.cn/c/2025-05-20/doc-inexeiik1554616.shtml,2025-05-20 07:46:00,“食材入库记录在哪里，食材品名、进货日期、保质期是否有标注、登记？”近日，重庆市巴南区纪委监委联合区教委、区财政局、区市场监督管理局组成检查组...,"重庆市,食品安全"
4月经济延续向新向好态势稳定增长,https://news.sina.com.cn/c/2025-05-20/doc-inexeiik1554613.shtml,2025-05-20 07:46:00,“4月份国民经济顶住压力稳定增长。”5月19日，国务院新闻办举行4月份国民经济运行情况新闻发布会，国家统计局新闻发言人、国民经济综合统计司司长付凌晖介绍...,国民经济
高质量发展践悟 | 深入整治具体的突出的问题,https://news.sina.com.cn/c/2025-05-20/doc-inexeiik1554460.shtml,2025-05-20 07:45:00,四川省泸州市纪委监委紧盯农村集体“三资”管理、农村养老服务等领域，组织纪检监察干部深入基层一线开展监督检查，严肃查处不作为、乱作为以及吃拿卡要、优亲厚友等问题。,"纪委书记,纪检监察"
清风为伴产业兴 | 花菜田里话丰收,https://news.sina.com.cn/c/2025-05-20/doc-inexeiie6951080.shtml,2025-05-20 07:45:00,清晨六时，薄雾还未散尽，福建省漳州市漳浦县石榴镇梅东村的陈建才已带着10余名村民走进花菜田，弯腰挥镰收割。晨露沾湿的绿叶间，饱满紧实的花菜如同白玉一般...,"纪检,农业农村"
江苏208家“苏青驿站”已累计接待青年超5万人次 给异地求职青年备一张“温暖的床”,https://news.sina.com.cn/c/2025-05-20/doc-inexeiik1554113.shtml,2025-05-20 07:43:00,“你想面试银行还是互联网大厂？对入职这家企业，你有什么优势？”5月17日，一场特别的“就业推介会”在宁青驿站建邺区紫金和寓店举行。,"江苏省,南京市,就业"
正风反腐在身边·变化看得见 | 小切口撬动集体“三资”领域大整治,https://news.sina.com.cn/c/2025-05-20/doc-inexeiih2118542.shtml,2025-05-20 07:43:00,农村集体资金、资产、资源与群众切身利益息息相关，是群众关注焦点，也是基层监督重点。安徽省有1.4万个村、1.6万个村级集体经济组织、29.5万个村民小组...,"合肥市,农村集体,安徽省"
金昌：统筹整合办案力量  淬炼纪检监察尖兵,https://news.sina.com.cn/c/2025-05-20/doc-inexeiik1554061.shtml,2025-05-20 07:43:00,“从调查取证到报告撰写，通过全程参与办案，业务能力有了很大提升。”谈及最近一段时间的工作经历，金昌市宜方达物业公司纪委书记十分感慨。,"金昌市,纪检监察"
招行、建设银行下调存款利率，1年定期下破1%,https://news.sina.com.cn/c/2025-05-20/doc-inexeiih2118424.shtml,2025-05-20 07:42:00,每经编辑：毕陆名存款利率即将迎来新一轮下调。中国建设银行于5月20日下调了人民币存款利率，其中活期利率下调5个基点至0.05%；定期整存整取三个月期、半年期、一,
台军首次试射“海马斯”火箭炮，如何压制这种武器？,https://news.sina.com.cn/c/2025-05-20/doc-inexeiic0176043.shtml,2025-05-20 07:35:00,据《环球时报》报道，台军日前在屏东九鹏基地进行操演，首次实弹射击M142“海马斯”多管火箭炮系统。尽管一些岛内媒体将其吹嘘得“神乎其神”，但大陆军事专家表示...,"火箭炮,台军,俄军"
中国芯片，迎来“关键一天”,https://news.sina.com.cn/c/2025-05-20/doc-inexeazh7078873.shtml,2025-05-20 07:13:00,来源：牛弹琴 （一） 中国芯片“两条腿走路”追赶世界先进水平 昨日（5月19日），中国半导体行业迎来关键一天。 中国科技一天传来两个好消息...,"芯片,中国芯片,小米"
《中国纪检监察》杂志丨贵州·黔东南州：攥指成拳守护民生福祉,https://news.sina.com.cn/c/2025-05-20/doc-inexeiik1559290.shtml,2025-05-20 07:05:00,民生连着民心，民心是最大的政治。黔东南苗族侗族自治州纪委监委站稳人民立场，聚焦民生福祉靶向发力，针对基层力量薄弱、“熟人社会”监督难等问题，统筹用好县(市...,"贵州省,中国纪检监察"
派驻省交通运输厅纪检监察组：紧盯汛期靠前监督 关口前移压实防汛责任,https://news.sina.com.cn/c/2025-05-20/doc-inexeiie6951781.shtml,2025-05-20 07:03:00,“风险点位的排查情况如何?”“防汛物资是否准备充分?”连日来，省纪委监委派驻省交通运输厅纪检监察组先后前往省应急管理厅、贵阳市、黔南州等地，采取“四不两直”的方式...,纪检
时政画说丨伊水河畔,https://news.sina.com.cn/c/xl/2025-05-20/doc-inexfkuz3663630.shtml,2025-05-20 07:00:00,19日下午，习近平总书记在河南省洛阳市考察了龙门石窟，了解当地加强历史文化遗产保护利用、推动文旅产业高质量发展等情况。,
建设银行、招商银行下调存款利率 1年定期下破1%,https://news.sina.com.cn/c/2025-05-20/doc-inexeazk2234697.shtml,2025-05-20 05:54:00,财联社5月20日电，中国建设银行于5月20日下调了人民币存款利率，其中活期利率下调5个基点至0.05%；定期整存整取三个月期、半年期、一年期、二年期均下调15个,
新疆巴音郭楞州和硕县发生4.6级地震 震源深度10千米,https://news.sina.com.cn/c/2025-05-20/doc-inexcsmq2480525.shtml,2025-05-20 02:15:00,中国地震台网正式测定：05月20日02时03分在新疆巴音郭楞州和硕县（北纬41.74度，东经88.22度）发生4.6级地震，震源深度10千米。,
水电第一大省，押注“港口航母”,https://news.sina.com.cn/c/2025-05-20/doc-inexcncp0661809.shtml,2025-05-20 00:37:00,日前，四川港投港口集团有限公司举行揭牌仪式。该公司前身为2020年5月注册成立的四川港投川南港务运营（集团）有限公司。在下辖泸州港、宜宾港、乐山港等3港基础上...,"四川省,航母,长江"
甘肃省白银市一煤矿发生透水事故 3人失联,https://news.sina.com.cn/c/2025-05-20/doc-inexcsms1906572.shtml,2025-05-20 00:24:00,总台记者从甘肃省白银市平川区了解到，5月19日19时43分，甘肃靖煤能源有限公司王家山煤矿分公司一号井二204工作面突发透水涉险事故。事故发生时，作业面共有133人。,
水利部针对湖北、四川两省启动干旱防御Ⅳ级应急响应,https://news.sina.com.cn/c/2025-05-20/doc-inexcncs2597501.shtml,2025-05-20 00:17:00,来源：央视网央视网消息：受近期降雨、来水持续偏少影响，湖北、四川部分地区出现旱情，预计可能持续或进一步发展。 5月19日，水利部针对湖北...,"湖北省,四川省,水利部"
8000余万元黄金“消失”！官方通报,https://news.sina.com.cn/c/2025-05-20/doc-inexcncs2601136.shtml,2025-05-20 00:06:00,每经编辑|金冥羽 据国家税务总局网站，近期，国家税务总局深圳市税务局稽查局根据税收大数据及相关涉税线索，依法查处深圳金斯达应用材料有限公司违规享受研发费用加计扣除...,税务局
小米“造芯”，为什么选择了3nm？有网友疑虑：代工咋办？,https://news.sina.com.cn/c/2025-05-20/doc-inexcncp0654863.shtml,2025-05-20 00:03:00,5月19日，小米集团创始人雷军发布微博回顾小米“造芯”之旅，同时抛下一枚重磅炸弹：小米玄戒O1采用第二代3nm工艺制程，比此前业界猜测的7nm、4nm先进了一大截。,"芯片,小米,雷军"
这就是洛阳！,https://news.sina.com.cn/c/2025-05-19/doc-inexcncp0651264.shtml,2025-05-19 23:41:00,初夏的晨光穿过老君山巅的云海洒在洛水河畔古老的城门天街的草木都沐浴在一片灿烂中洛阳城市风光。(曾宪平 摄)这就是洛阳1西依秦岭，东临嵩岳北靠太行，南望伏牛黄河...,洛阳市
媒体：多家国有大行存款利率即将迎来新一轮下调,https://news.sina.com.cn/c/2025-05-19/doc-inexcncs2588535.shtml,2025-05-19 23:34:00,人民财讯5月19日消息，证券时报记者从多个信源获悉，5月20日起多家国有大行及部分股份行将再度下调人民币存款挂牌利率，此次调整涉及活期存款...,"利率,存款"
新一轮存款利率下调即将落地 商业银行负债成本有望进一步改善,https://news.sina.com.cn/c/2025-05-19/doc-inexcncs2586529.shtml,2025-05-19 23:13:00,21世纪经济报道记者 唐婧 北极报道 业内期待已久的新一轮存款利率下调即将落地。 5月19日晚间，一家国有大行人士对21世纪经济报道记者表示...,"利率,独家,商业银行"
习近平河南行丨以“工业关节”打造“制造脊梁”——走进洛阳轴承集团股份有限公司,https://news.sina.com.cn/c/xl/2025-05-19/doc-inexcncu2014489.shtml,2025-05-19 22:39:00,19日下午，习近平总书记在河南省洛阳市考察了洛阳轴承集团股份有限公司，了解当地加快先进制造业发展等情况。 洛阳轴承集团股份有限公司（以下简称洛轴）始建于1954年...,
新闻多一点｜洛轴集团的转型升级之路,https://news.sina.com.cn/c/xl/2025-05-19/doc-inexcncs2578805.shtml,2025-05-19 22:39:00,5月19日下午，习近平总书记在河南省洛阳市考察了洛阳轴承集团股份有限公司，了解当地加快先进制造业发展等情况。 洛阳轴承集团股份有限公司是一家综合性轴承制造企业...,
鉴往知来｜镌刻在崖壁上的文明瑰宝,https://news.sina.com.cn/c/xl/2025-05-19/doc-inexcncp0641056.shtml,2025-05-19 22:38:00,古老洛阳城南、滔滔伊水岸畔，龙门石窟千载伫立。 “都门遥相望，佳气生朝夕。”2345个窟龛、11万余尊石刻造像、2800余块碑刻题记，以峭壁层阿为依托...,
新华图讯丨习近平在河南洛阳市考察调研,https://news.sina.com.cn/c/xl/2025-05-19/doc-inexcncu2014222.shtml,2025-05-19 22:38:00,19日下午，习近平总书记在河南省洛阳市先后考察了洛阳轴承集团股份有限公司、白马寺和龙门石窟，了解当地加快先进制造业发展、加强历史文化遗产保护利用...,
独家视频丨习近平在河南洛阳市考察调研,https://news.sina.com.cn/c/xl/2025-05-19/doc-inexcncp0640971.shtml,2025-05-19 22:38:00,19日下午，习近平总书记在河南省洛阳市先后考察了洛阳轴承集团股份有限公司、白马寺和龙门石窟，了解当地加快先进制造业发展、加强历史文化遗产保护利用...,
安徽凤阳鼓楼瓦片大面积滑落，当地：幸未伤人，事故原因正调查,https://news.sina.com.cn/o/2025-05-19/doc-inexcfvw2140612.shtml,2025-05-19 22:16:00,新京报讯（记者徐鸣）“哗啦啦！”5月19日傍晚，安徽省滁州市凤阳县鼓楼楼顶瓦片大面积滑落。新京报记者从凤阳县委宣传部相关负责人处获悉，事故未造成人员伤亡...,"鼓楼,安徽省"
王楚钦赛前更换球拍，肖战称王楚钦球拍胶皮疑被掰开,https://news.sina.com.cn/c/2025-05-19/doc-inexcfvw2134819.shtml,2025-05-19 21:53:00,来源：九派新闻 5月19日，2025多哈世乒赛混双比赛第二轮，王楚钦/孙颖莎出战。据北青体育，央视直播画面显示，王楚钦球拍的胶皮开了，随后更换了球拍。,
动真碰硬、露头就打！中央部署后，多位省委书记要求大力整治,https://news.sina.com.cn/c/2025-05-19/doc-inexcfvr0763125.shtml,2025-05-19 21:34:00,撰文丨余晖据《安徽日报》5月19日报道，安徽省委常委会5月17日召开会议，省委书记梁言顺主持并讲话。会议的议题包括审议五个问题专项整治工作方案和《改进作风、访企,
速胜！王楚钦/孙颖莎3比0击败雨果/布鲁娜，晋级世乒赛混双16强,https://news.sina.com.cn/c/2025-05-19/doc-inexcfvu2693013.shtml,2025-05-19 21:34:00,来源：直播吧 直播吧5月19日讯 在刚刚结束的多哈世乒赛混双第二轮中，中国组合王楚钦/孙颖莎直落三局击败巴西组合雨果-卡尔德拉诺/高桥-布鲁娜，晋级16强。,
30年间受贿2.61亿，曾督办孙小果案，正部级“老虎”被判死缓！中纪委通报现罕见表述,https://news.sina.com.cn/c/2025-05-19/doc-inexcfvs7534295.shtml,2025-05-19 21:30:00,5月19日，广西壮族自治区南宁市中级人民法院一审公开宣判全国政协人口资源环境委员会原副主任，陕西省政协原党组书记、主席韩勇受贿案，对被告人韩勇以受贿罪判处死刑，,
商务部新闻发言人就美国商务部调整芯片出口管制有关表述答记者问,https://news.sina.com.cn/zx/2025-05-19/doc-inexcfvw2124420.shtml,2025-05-19 21:13:00,有记者问：美国商务部网站调整了其5月12日发布的AI芯片出口管制指南新闻稿相关表述，将“在世界任何地方使用华为昇腾芯片均违反美国出口管制法规”调整为“警告业界使用中国先...,
第78届世界卫生大会拒绝将涉台提案列入大会议程 国台办回应,https://news.sina.com.cn/o/2025-05-19/doc-inexcfvr0749138.shtml,2025-05-19 20:42:00,据央视新闻消息，5月19日，国务院台办发言人陈斌华答记者问。 有记者提问，第78届世界卫生大会拒绝将涉台提案列入大会议程。对此有何评论？,"世界卫生大会,国台办,民进党"
欧阳娜娜等20多名艺人被台当局列入重要查核对象，国台办回应,https://news.sina.com.cn/c/2025-05-19/doc-inexazpt0870627.shtml,2025-05-19 20:08:00,5月19日，国务院台办发言人陈斌华答记者问。问：台陆委会日前称，若台湾艺人于特定时刻发表或转发反“独”促统讯息，配合大陆对台“统战”，将会同相关部门进行行政查核,
集齐中国泳坛“老中青”！200自潘展乐力压汪顺、孙杨夺冠,https://news.sina.com.cn/c/2025-05-19/doc-inexazpt0861494.shtml,2025-05-19 19:40:00,当潘展乐、汪顺和孙杨站在同一片赛场时，这是属于中国泳坛的“神仙打架”。 北京时间5月18日晚，2025年全国游泳冠军赛男子200米自由泳决赛迎来焦点时刻...,
4月份多行业领域稳步增长 国民经济延续向新向好发展态势,https://news.sina.com.cn/c/2025-05-20/doc-inexeiik1554477.shtml,2025-05-19 19:32:00,“4月份国民经济顶住压力稳定增长。”5月19日，国务院新闻办举行4月份国民经济运行情况新闻发布会，国家统计局新闻发言人、国民经济综合统计司司长付凌晖介绍...,国民经济
芜湖市人大常委会原党组副书记、副主任何友旺严重违纪违法被开除党籍和公职,https://news.sina.com.cn/c/2025-05-19/doc-inexazpt0855146.shtml,2025-05-19 19:23:00,日前，经中共安徽省委批准，安徽省纪委监委对芜湖市人大常委会原党组副书记、副主任何友旺严重违纪违法问题进行了立案审查调查。,"何友旺,芜湖市,安徽省"
事关中美关税，国家统计局连答外媒三问,https://news.sina.com.cn/c/2025-05-19/doc-inexazpw2788447.shtml,2025-05-19 19:22:00,来源：直新闻 5月19日，国务院新闻办公室举行新闻发布会，介绍2025年4月份国民经济运行情况，并答记者问。深圳卫视直新闻驻京记者在现场注意到...,
毛宁：中方反对并谴责针对民用设施和平民的攻击,https://news.sina.com.cn/c/2025-05-19/doc-inexazpw2786561.shtml,2025-05-19 19:09:00,“外交部发言人办公室”消息，在5月19日外交部例行记者会上，深圳卫视记者提问：近来，苏丹东部城市苏丹港持续遭到无人机袭击，包括机场、港口等在内的民用设施被破坏...,"毛宁,中国,苏丹"
【央视快评】高质量完成“十五五”规划编制工作,https://news.sina.com.cn/c/xl/2025-05-19/doc-inexazpw2783566.shtml,2025-05-19 19:08:00,“编制和实施‘十五五’规划，对于全面落实党的二十大战略部署、推进中国式现代化意义重大。”习近平总书记近日对“十五五”规划编制工作作出重要指示...,
走出去抓机遇谋发展——浙江构建开放型经济调研记,https://news.sina.com.cn/c/xl/2025-05-19/doc-inexazpu7625297.shtml,2025-05-19 19:07:00,来源：经济日报  一部浙江改革开放的发展史，内蕴着一部浙商敢为人先、勇立潮头的创业史。习近平同志在任浙江省委书记期间，在科学研判省情后提出，要“跳出浙江发展浙江”...,
时政微周刊丨总书记的一周（5月12日—5月18日）,https://news.sina.com.cn/c/xl/2025-05-19/doc-inexazpw2782910.shtml,2025-05-19 19:07:00,,
给环境加装“绿芯”，河南发布“美丽计划”,https://news.sina.com.cn/c/2025-05-19/doc-inexazpt0847229.shtml,2025-05-19 18:47:00,如何打造青山常在、绿水长流、空气常新的美丽河南？近日，中共河南省委办公厅、河南省人民政府办公厅联合印发《关于加强生态环境分区管控的实施意见》（以下简称《实施意见...,"生态环境,河南省,开发区"
珠江流域遭遇强降雨过程 珠江防总、珠江水利委员会启动Ⅳ级应急响应,https://news.sina.com.cn/c/2025-05-19/doc-inexcfvr0744963.shtml,2025-05-19 18:35:00,来源：央视网央视网消息：据水利部网站消息，受冷暖空气共同影响，预计5月18—24日，珠江流域中北部将出现一次较强降雨过程，以中到大雨为主，其中红水河、郁江、贺江...,"强降雨,洪水,防汛"
多地直冲40℃以上 这场大范围高温还要热多久？专家解读,https://news.sina.com.cn/c/2025-05-19/doc-inexazpt0835277.shtml,2025-05-19 18:10:00,眼下，我国北方正在经历今年首场大范围高温过程，多地开启“烧烤模式”，局地气温直冲40℃以上，河南、河北多地突破当地5月同期最高气温纪录，北方冬小麦区可能出现2至,
外交部发言人就第78届世界卫生大会拒绝涉台提案发表谈话,https://news.sina.com.cn/c/2025-05-19/doc-inexavfw7722207.shtml,2025-05-19 17:26:00,据外交部网站消息，5月19日，第78届世界卫生大会总务委员会和全会分别作出决定，明确拒绝将个别国家提出的所谓“邀请台湾以观察员身份参加世卫大会”的提案列入大会议,
外交部发言人就第78届世界卫生大会拒绝涉台提案发表谈话,https://news.sina.com.cn/c/2025-05-19/doc-inexavha2320872.shtml,2025-05-19 17:25:00,来源：央视网央视网消息：外交部发言人就第78届世界卫生大会拒绝涉台提案发表谈话。5月19日，第78届世界卫生大会总务委员会和全会分别作出决定...,"台湾省,世界卫生大会,外交部发言人"
台湾新北市发生一起交通事故 造成十余人受伤,https://news.sina.com.cn/c/2025-05-19/doc-inexazpu7601462.shtml,2025-05-19 17:23:00,19日下午，台湾新北市三峡区发生一起交通事故。据当地消防部门介绍，一辆小客车因不明原因冲撞多名路人，造成4人生命垂危，另有约10人受伤。,"台湾省,交通事故,消防"
新华时评·锲而不舍落实中央八项规定精神丨把纪律的螺丝拧得紧而又紧,https://news.sina.com.cn/c/2025-05-19/doc-inexcfvu2706659.shtml,2025-05-19 17:20:00,纪律建设就像拧螺丝，必须时时紧一紧、常常拧一拧。在全面从严治党向纵深推进的新形势下，坚决落实中央八项规定精神，要始终保持“严”的主基调...,新华时评
甘肃省陇南市人大常委会党组成员、副主任王俊强接受纪律审查和监察调查,https://news.sina.com.cn/c/2025-05-19/doc-inexavfy2884983.shtml,2025-05-19 17:19:00,甘肃省陇南市人大常委会党组成员、副主任王俊强涉嫌严重违纪违法，主动投案，目前正接受甘肃省纪委监委纪律审查和监察调查。,"甘肃省,党组成员,人大常委会"
铜陵郊区：以案四说做实查办案件“后半篇文章”,https://news.sina.com.cn/c/2025-05-19/doc-inexavfw7712622.shtml,2025-05-19 17:03:00,“现场旁听职务犯罪案件庭审，对我们办案人员提高办案能力有很大帮助。”日前。铜陵市郊区纪委监委第一纪检监察室工作人员在旁听一起职务犯罪案件庭审后说道。,"铜陵市,查办案件"
非法收受财物2.61亿余元 韩勇受贿案一审被判死缓,https://news.sina.com.cn/c/2025-05-19/doc-inexavfy2865293.shtml,2025-05-19 17:00:00,2025年5月19日，广西壮族自治区南宁市中级人民法院一审公开宣判全国政协人口资源环境委员会原副主任，陕西省政协原党组书记、主席韩勇受贿案，对被告人韩勇以受贿罪,
今晚下调油价！加满一箱油将省9元,https://news.sina.com.cn/zx/2025-05-19/doc-inexavfv0935545.shtml,2025-05-19 16:56:00,[今晚下调油价 加满一箱油将省9元]据国家发展改革委消息，新一轮成品油调价窗口将于今天（5月19日）24时开启。央视财经记者获悉，本次油价调整具体情况如下：国内汽...,
纪法百科·“数”读通报 | 2025年第20周,https://news.sina.com.cn/c/2025-05-19/doc-inexavfv0938762.shtml,2025-05-19 16:44:00,一、发布23名党员领导干部接受审查调查信息2025年第20周，中央纪委国家监委网站共发布23名党员领导干部接受审查调查信息。其中，中管干部2人，中央一级党和国家机关...,"党员,中央纪委,领导干部"
《新型腐败和隐性腐败性质认定研究》出版,https://news.sina.com.cn/c/2025-05-19/doc-inexavha2294064.shtml,2025-05-19 16:31:00,◎全面梳理15种“大类别”、50种“中类型”、77种“小类型”◎一部办案人员办理新型腐败和隐性腐败案件时不可或缺的“实战指南”本书对近年来实践中出现的各种新型腐败和隐性腐败进行...,腐败
谷神星一号海射型遥五运载火箭发射成功,https://news.sina.com.cn/c/2025-05-19/doc-inexavfw7696051.shtml,2025-05-19 16:14:00,北京时间2025年5月19日15时38分，我国太原卫星发射中心在山东附近海域成功发射谷神星一号海射型遥五运载火箭，搭载发射的天启星座05组卫星顺利进入预定轨道...,
新冠阳性率升高，专家：新冠变异株致病力没太多变化,https://news.sina.com.cn/c/2025-05-19/doc-inexavfv0918752.shtml,2025-05-19 16:07:00,近日，全国范围内新冠病毒检出率出现上升趋势，引发广泛关注。 全国多地出现新冠流行趋势 5月8日，中国疾病预防控制中心（下面简称“中国疾控中心”）发布《2025年4月全国急...,"感染,新冠肺炎"
鸿蒙电脑正式发布 国产操作系统在个人电脑领域实现重要突破,https://news.sina.com.cn/c/2025-05-19/doc-inexavfv0911276.shtml,2025-05-19 15:49:00,首次应用鸿蒙操作系统的个人电脑今天下午（5月19日）在成都正式发布，这标志着国产操作系统在个人电脑领域实现重要突破。（总台央视记者孙蓟潍陈凯）©2025中央广播,
抗旱形势复杂严峻 湖北启动抗旱四级应急响应,https://news.sina.com.cn/c/2025-05-19/doc-inexavha2270100.shtml,2025-05-19 15:38:00,来源：央视网央视网消息：据“湖北发布”微信公众号消息，根据《湖北省防汛抗旱应急预案》规定，经研究，湖北省防办决定于5月19日12时启动抗旱四级应急响应。,"抗旱,湖北省"
中美贸易代表会谈后是否已确定下一次会谈？外交部回应,https://news.sina.com.cn/c/2025-05-19/doc-inexaqxx1033496.shtml,2025-05-19 15:33:00,巴基斯坦外长访华是否与印巴局势有关？外交部：此访体现巴方高度重视中巴关系,
外交部：愿继续同印巴双方保持沟通，为实现全面持久停火发挥建设性作用,https://news.sina.com.cn/zx/2025-05-19/doc-inexaqxx1030619.shtml,2025-05-19 15:27:00,5月19日，外交部发言人毛宁主持例行记者会。在回答有关印巴局势的问题时，毛宁表示，关于印巴局势，中方已经多次阐明了立场，我们愿意继续同印巴双方保持沟通...,
外交部：推动中巴关系不断向前发展,https://news.sina.com.cn/c/2025-05-19/doc-inexaqxx1031627.shtml,2025-05-19 15:25:00,5月19日，外交部发言人毛宁主持例行记者会。总台央视记者提问：中巴双方已发布巴基斯坦副总理兼外长达尔访华的消息。中方如何评价当前中巴关系？对此访有何期待？毛宁表,
穆迪下调美国信用评级，外交部回应,https://news.sina.com.cn/c/2025-05-19/doc-inexaqye2393519.shtml,2025-05-19 15:25:00,[环球时报-环球网报道 记者 乌元春]外交部发言人毛宁主持5月19日例行记者会。会上有记者提问称：穆迪下调了美国的信用评级，从最高级别Aaa下调至Aa1...,"穆迪,美国,环球网"
镜头丨锦绣山河 美好旅程,https://news.sina.com.cn/c/2025-05-19/doc-inexaqxx1030119.shtml,2025-05-19 15:20:00,今年“5·19中国旅游日”主题为“锦绣山河，美好旅程”。为推动旅游业高质量发展，各地因地制宜，积极推出形式多样的主题活动，鼓励和吸引游客更多参与旅游体验，乐享旅游幸福...,乡村旅游
巴基斯坦副总理兼外长达尔将访华,https://news.sina.com.cn/c/2025-05-19/doc-inexaqxy7795702.shtml,2025-05-19 15:08:00,5月19日，据外交部网站消息，外交部发言人宣布：应中共中央政治局委员、外交部长王毅邀请，巴基斯坦副总理兼外长达尔将于5月19日至21日访华。,
收评：微盘股指数涨超2%再创新高 全市场逾百股涨超9%,https://news.sina.com.cn/c/2025-05-19/doc-inexaqye2381847.shtml,2025-05-19 15:04:00,财联社5月19日电，市场全天震荡调整，三大指数涨跌不一。大小指数走势分化，微盘股指数涨超2%再创新高。沪深两市全天成交额1.09万亿，较上个交易日缩量30.7亿,
河北部分未检疫生猪流入河南？河南温县：立案查处，涉案猪肉被封存,https://news.sina.com.cn/c/2025-05-19/doc-inexaqxy7795264.shtml,2025-05-19 14:57:00,温县农业农村局通报，5月18日，有媒体报道称，4月22日晚河北部分未检疫生猪流入河南省亿腾食品有限公司。4月23日，该局接到相关问题线索后，立即进行调查，对该批,
北京环昌平自行车赛多人在同一弯道摔车受伤，承办方回应：正在统计伤者,https://news.sina.com.cn/c/2025-05-19/doc-inexaqya2929242.shtml,2025-05-19 14:09:00,5月18日，2025年中国公路自行车联赛第三站（北京·昌平）暨环昌平国际公路自行车挑战赛在北京昌平开赛，2000余名专业骑行运动员及骑行爱好者参加。赛后，多位网,
小米：公司报案的网络黑公关案已告破，多名犯罪嫌疑人被警方采取刑事强制措施,https://news.sina.com.cn/c/2025-05-19/doc-inexaqya2931678.shtml,2025-05-19 14:09:00,@小米法务部微博5月19日消息，5月15日，公司从司法机关处获悉，此前公司报案的一起有组织、有预谋的网络黑公关案件，已经告破。目前，公安机关已依法对多名犯罪嫌疑,
美食博主“特厨隋卞”解约风波再度发酵，MCN称其违反“竞业协议”,https://news.sina.com.cn/c/2025-05-19/doc-inexaqya2922437.shtml,2025-05-19 13:43:00,人家竞业主要是防止泄露商业机密，一个主播，能泄露什么机密？带货主播你还能说他知道你的成本带货渠道客户信息。人家一个探店主播，总不能让他把之前探过的再探一遍吧。至,
病重男孩躺病床与全班拍毕业照，次日不幸离世，网友：这一课叫离别……,https://news.sina.com.cn/c/2025-05-19/doc-inexaqxy7767720.shtml,2025-05-19 13:37:00,近日，一张特殊的毕业合影引发关注。 5月17日早晨，四川南充，初三某班全体同学搬着板凳来到仪陇县总医院的广场上，站好队列拍摄毕业照。,毕业
可本地实现多项全新 AI 功能，视频剪辑软件威力导演获重大升级,https://news.sina.com.cn/c/2025-05-19/doc-inexaqye2352894.shtml,2025-05-19 13:23:00,IT之家5月19日消息，讯连科技在2025年台北国际电脑展上发布了视频剪辑软件威力导演的全新版本，新版本可通过生成式AI，实现视频动漫化转换、多语言视频生成以及,
商务部：今起对原产美国、欧盟等地进口共聚聚甲醛征收反倾销税,https://news.sina.com.cn/c/2025-05-19/doc-inexaqxy7765869.shtml,2025-05-19 13:22:00,商务部近日发布公告，认定原产于美国、欧盟、中国台湾地区和日本的进口共聚聚甲醛存在倾销，中国大陆共聚聚甲醛产业受到实质损害，而且倾销与实质损害之间存在因果关系。,"商务部,美国,欧盟"
雷军：小米芯片采用3纳米制程，首款SUV“YU7”即将发布,https://news.sina.com.cn/c/2025-05-19/doc-inexaqye2353514.shtml,2025-05-19 13:20:00,小米汽车舆论风波尚未结束，雷军官宣即将召开新品发布会。 5月19日，小米CEO雷军宣布，小米战略新品发布会定在5月22日晚7点。 据雷军披露...,"小米,雷军,SoC"
国家主席习近平任免驻外大使,https://news.sina.com.cn/c/2025-05-19/doc-inexakrz1119603.shtml,2025-05-19 13:04:00,中华人民共和国主席习近平根据全国人民代表大会常务委员会的决定任免下列驻外大使： 一、免去龙舟的中华人民共和国驻马拉维共和国特命全权大使职务；...,"国家主席,习近平,马拉维"
加快推进科技服务业高质量发展 九部门联合发文,https://news.sina.com.cn/c/2025-05-19/doc-inexaqya2926201.shtml,2025-05-19 12:54:00,来源：央视网央视网消息：据工信部消息，日前，经国务院同意，工业和信息化部、国家发展改革委、教育部、科技部、财政部、市场监管总局、金融监管总局、国家知识产权局...,服务业
武汉警方通报一起故意伤害案件：1人死亡，嫌疑人已被抓获,https://news.sina.com.cn/c/2025-05-19/doc-inexaksh2472086.shtml,2025-05-19 12:38:00,武汉市硚口区公安分局通报：2025年5月18日21时37分，辖区崇仁路某餐馆门口发生一起因纠纷引发的故意伤害案件。案发后，公安机关第一时间将伤者送医救治...,"武汉警方,嫌疑人"
国家统计局解读：美加征关税背景下，我国外贸如何应对？,https://news.sina.com.cn/c/2025-05-19/doc-inexaksh2462134.shtml,2025-05-19 12:06:00,今年以来，国际环境复杂演变，美国对华采取了一系列单边加征高额关税的措施，严重冲击中美经贸关系。对此，中方采取了坚决有力反制措施。,"国家统计局,进出口"
雷军：小米自研SoC芯片采用3nm制程,https://news.sina.com.cn/c/2025-05-19/doc-inexakse3024077.shtml,2025-05-19 11:58:00,（文/观察者网 吕栋 编辑/张广凯） 近日，雷军宣布小米自研设计手机SoC芯片“玄戒O1”即将发布的消息，引发大量关注。就在刚刚，雷军微博透露了更多关于小米芯片的信息...,"芯片,小米,雷军"
网友吃串串买单222根，自己数仅119根，店家：小事情，相互理解一下,https://news.sina.com.cn/c/2025-05-19/doc-inexakrz1101467.shtml,2025-05-19 11:57:00,来源：荔枝新闻 近日，湖北武汉，网友发视频称吃串串遇签子收费比实际吃出多一倍，评论中也有顾客反映签子多了，多收钱的问题。当事人称，店家是小程序识别后...,
雷军：小米自研芯片采用第二代3nm工艺制程，累计研发投入已超135亿元,https://news.sina.com.cn/c/2025-05-19/doc-inexaksh2450048.shtml,2025-05-19 11:40:00,IT之家5月19日消息，小米15周年战略新品发布会定档5月22日晚7点，届时将带来全新手机SoC芯片“玄戒O1”，采用第二代3nm工艺制程。雷军发文回顾了小米玄,
如何看待当前物价水平？楼市下阶段走势如何？国家统计局回应,https://news.sina.com.cn/c/2025-05-19/doc-inexaksa7869104.shtml,2025-05-19 11:37:00,正在浏览：如何看待当前物价水平？楼市下阶段走势如何？国家统计局回应,
六部门联合印发《共同保障劳动者合法权益工作指引》,https://news.sina.com.cn/c/2025-05-19/doc-inexaksh2447123.shtml,2025-05-19 11:33:00,中华全国总工会19日介绍，中华全国总工会近日联合最高人民法院、最高人民检察院、司法部、人力资源社会保障部、中华全国工商业联合会...,就业
女演员“戴百万耳环”引质疑 媒体：不是躲躲就能过去 拿出真证据,https://news.sina.com.cn/c/2025-05-19/doc-inexakrz1090334.shtml,2025-05-19 11:32:00,来源：荔枝新闻 近日，青年艺人黄杨钿甜佩“戴天价耳环”引发热议。其父一纸声明并未平息质疑之声。因其父多重身份，公众格外关切，此事理应有更具说服力的回应...,
著名演员隋永清去世，曾主演《海囚》《小花》《霸王别姬》,https://news.sina.com.cn/c/2025-05-19/doc-inexakrz1089432.shtml,2025-05-19 11:20:00,记者获悉，曾主演电影《海囚》，参演《小花》《霸王别姬》等电影的著名演员隋永清日前在北京去世。 隋永清1957年出生，自幼由宋庆龄抚养长大。,
600公斤稀土材料被查获？广西南宁海关回应,https://news.sina.com.cn/c/2025-05-19/doc-inexaksh2435957.shtml,2025-05-19 11:12:00,广西南宁海关微信公众号“南宁海关发布”5月19日发布情况说明称，近日，有部分网民将南宁海关查获的外省一公司600公斤焊锡膏误传为稀土材料。经核，3月18日，该公,
广东进入“倒水模式”，珠江防总、珠江委已启动Ⅳ级应急响应,https://news.sina.com.cn/c/2025-05-19/doc-inexaekk2561187.shtml,2025-05-19 10:59:00,据微博@广东天气 5月19日上午消息，据气象水文监测，5月18日08时到5月19日08时，广东全省平均降雨量12.8毫米，超过25毫米的镇街占全省总镇街数的23.1%...,"广东省,茂名市"
石台：突出“类案”查处  治理养老一域,https://news.sina.com.cn/c/2025-05-19/doc-inexaeke7967733.shtml,2025-05-19 10:33:00,“咱们敬老院宿舍的东边墙要补一下、我的这个门锁坏了要帮我修……”横渡镇第一敬老院院民胡大爷对开展监督检查的纪检监察干部认真地提出建议。,养老
黄子韬的卫生巾品牌一晚卖出4000万，背后是MCN的“品牌实验”,https://news.sina.com.cn/c/2025-05-19/doc-inexaekk2547470.shtml,2025-05-19 10:33:00,练葵花宝典的有4人，练错的有3人，为何只有林远图1人练对了？,
贵州省2名县处级干部接受纪律审查和监察调查,https://news.sina.com.cn/c/2025-05-19/doc-inexaekk2553271.shtml,2025-05-19 10:30:00,国家税务总局遵义市税务局原党委委员、总会计师黄江接受纪律审查和监察调查据国家税务总局贵州省税务局党委纪检组、遵义市纪委监委消息：国家税务总局遵义市税务局原党委委...,"税务局,贵州省,遵义市"
雷军：小米发布会定档5月22日，重磅新品有玄戒O1、小米yu7,https://news.sina.com.cn/c/2025-05-19/doc-inexaekk2544323.shtml,2025-05-19 10:27:00,5月17日，雷军发文宣布小米战略新品发布会定在5月22日晚7点。雷军表示，这次重磅新品特别多：手机SoC芯片，小米玄戒O1，小米15SPro，小米平板7Ultr,
4月份国民经济顶住压力稳定增长,https://news.sina.com.cn/c/2025-05-19/doc-inexaeke7953913.shtml,2025-05-19 10:03:00,（2025年5月19日） 国家统计局 4月份，面对外部冲击影响加大、内部困难挑战叠加的复杂局面，在以习近平同志为核心的党中央坚强领导下，各地区各部门认真贯彻落实党中央...,
1至4月国家铁路累计发送货物12.99亿吨,https://news.sina.com.cn/c/2025-05-19/doc-inexaeke7970250.shtml,2025-05-19 10:00:00,来源：央视网 央视网消息：据“中国铁路”微信公众号消息，今年1至4月，国家铁路累计发送货物12.99亿吨，同比增长3.6%；日均装车18万车，同比增长4.7%...,
广西水利厅启动洪水防御四级应急响应,https://news.sina.com.cn/c/2025-05-19/doc-inexaekk2526453.shtml,2025-05-19 09:39:00,来源：央视网央视网消息：据广西壮族自治区水利厅网站消息，根据自治区重大气象灾害（暴雨）预警信息，广西强降雨天气过程仍将持续，部分降雨落区重叠，致灾风险高。,"广西,洪水,降雨"
国家统计局：4月份各线城市商品住宅销售价格环比持平或略降，同比降幅均持续收窄,https://news.sina.com.cn/c/2025-05-19/doc-inexaekk2513088.shtml,2025-05-19 09:32:00,2025年4月份，70个大中城市中，各线城市商品住宅销售价格环比持平或略降，同比降幅均持续收窄。一、各线城市商品住宅销售价格环比持平或略降4月份，一线城市新建商,
2025年4月份70个大中城市商品住宅销售价格变动情况发布,https://news.sina.com.cn/c/2025-05-19/doc-inexaekk2535402.shtml,2025-05-19 09:32:00,,商品住宅
针对这个“高素质”习惯，北京地铁出新招，上海禁止10多年仍然存在,https://news.sina.com.cn/c/2025-05-19/doc-inexaeke7935362.shtml,2025-05-19 09:29:00,1.北京地铁扶梯上出现了提醒乘客并排站立的标识，以替代长期倡导的“左行右立”习惯。2.事实上，北京地铁自2018年起已取消倡议提示，并宣传引导乘客在乘梯时站稳扶,
习近平：坚持科学决策民主决策依法决策 高质量完成“十五五”规划编制工作,https://news.sina.com.cn/c/xl/2025-05-19/doc-inexaeke7932696.shtml,2025-05-19 09:28:00,原标题：习近平对“十五五”规划编制工作作出重要指示强调坚持科学决策民主决策依法决策高质量完成“十五五”规划编制工作新华社北京5月19日电 中共中央总书记、国家主,
中美芯片激战：小米、联想加速“造芯”，黄仁勋最新回应也来了,https://news.sina.com.cn/c/2025-05-19/doc-inexaekh3065129.shtml,2025-05-19 09:15:00,（图片来源：SCMP）最近一周，芯片半导体行业迎来一连串重要消息。国内方面，5月15日，小米集团CEO雷军宣布，造芯十年，小米自主研发设计的手机SoC（系统级）,
商务部：对原产美、日、欧盟、台湾地区的进口共聚聚甲醛征收反倾销税,https://news.sina.com.cn/c/2025-05-19/doc-inexaekc1149575.shtml,2025-05-19 09:14:00,商务部公告2025年第25号公布对原产于美国、欧盟、台湾地区和日本的进口共聚聚甲醛反倾销调查的最终裁定根据《中华人民共和国反倾销条例》（以下简称《反倾销条例》）,
全球首例，我国量子密码技术实现双重抗量子里程碑！,https://news.sina.com.cn/c/2025-05-19/doc-inexaekh3058737.shtml,2025-05-19 09:09:00,近日，中电信量子集团发布了全球首个融合QKD和PQC的分布式密码体系。该体系创新融合QKD和PQC技术，为用户提供端到端抗量子计算的密钥分发与密钥全生命周期管理...,"量子密码,里程碑,量子计算"
诸葛亮死后的蜀国为何还能撑30年？《汉之季》重现一段被忽略的三国史,https://news.sina.com.cn/c/2025-05-19/doc-inexaeke7920246.shtml,2025-05-19 09:03:00,没有诸葛亮的蜀国为什么还能撑三十年？5月18日，作家成长新书《汉之季——诸葛亮身后的三国》读者见面会在北京图书大厦举行。《汉之季——诸葛亮身后的三国》一书作者成长...,"历史,三国,诸葛亮"
“中药液”涉嫌添加安眠药？石家庄中医医院被举报，官方：立案调查,https://news.sina.com.cn/c/2025-05-19/doc-inexaekk2489132.shtml,2025-05-19 08:58:00,石家庄市桥西区市场监督管理局5月19日通报，近日，有媒体报道桥西区河北普泽医养服务有限公司石家庄中医医院生产销售的“中药液”涉嫌添加安眠药问题。桥西区市监局已就,
【战新产业“百大工程”】中国移动打造超大规模智算中心，助力数字经济创新发展,https://news.sina.com.cn/c/2025-05-19/doc-inewzyah8042469.shtml,2025-05-19 08:48:00,随着新一轮科技革命与产业变革的深入推进，人工智能已从赋能千行百业提质增效的辅助工具，跃升为全面使能经济社会转型发展的核心能力，智算中心作为新型信息基础设施...,"中国移动,AI,集群"
桂林：做实案件评查 守牢质量“生命线”,https://news.sina.com.cn/c/2025-05-19/doc-inewzyaf1266718.shtml,2025-05-19 08:44:00,今年上半年，桂林市某城区纪委监委立案查处了某村委委员王某。经查，王某在村级集体经济项目中暗箱操作谋取私利。近日，市纪委监委案件审理室开展案件质量专项检查...,"案件质量提升工作提示,桂林市"
监督故事丨“接力棒”掉棒了,https://news.sina.com.cn/c/2025-05-19/doc-inewzyan2615373.shtml,2025-05-19 08:44:00,一件雪上加霜的烦心事，这些年来一直萦绕在桂林市叠彩区北门街道居民黄大姐的心头—— 2022年12月，黄大姐被医院确诊患上重大疾病。,保险公司
兵工物资“阳光e采”破解军工供应链难题,https://news.sina.com.cn/c/2025-05-19/doc-inewzyan2613708.shtml,2025-05-19 08:39:00,近日，兵器工业集团物资集团在西安市正式启用属地化服务的核心枢纽——陕西中兵雁塔区节点仓及区域服务中心。这一科技型供应链服务体系的落地...,"供应链,军工"
强化预警分析 提高办案效能 以大数据信息化赋能正风反腐,https://news.sina.com.cn/c/2025-05-19/doc-inewzyaf1264305.shtml,2025-05-19 08:35:00,“最初，我们关注到的是市交通运输综合行政执法大队队员刘某某收受船务代理公司相关工作人员礼金、接受管理和服务对象吃请相关问题线索。,信息化
一船下水一船上船台 中船集团武昌造船同日完成两大节点,https://news.sina.com.cn/c/2025-05-19/doc-inewzyan2612304.shtml,2025-05-19 08:35:00,5月13日，由中船集团武昌造船建造的18500DWT成品油/化学品船2号船顺利下水，标志着该船正式转入码头系泊试验阶段。同日，武昌造船建造的...,成品油
图片新闻-广西纪检监察网,https://news.sina.com.cn/c/2025-05-19/doc-inewzyan2612222.shtml,2025-05-19 08:35:00,广西壮族自治区南宁市良庆区纪委监委紧盯惠农政策落实、农资供应等关键环节，组织纪检监察干部深入一线，强化监督检查。图为该区纪检监察干部在大塘镇南荣村走访群众了解相...,"纪检监察,广西壮族自治区,南宁市"
加强监督管理 压紧压实责任 深入纠治“吃公函”,https://news.sina.com.cn/c/2025-05-19/doc-inewzyak3176699.shtml,2025-05-19 08:35:00,“我们通过规范公务接待、财务报销流程等制度机制，深入纠治无公函接待问题，严防‘舌尖上的腐败’。”前不久，广西壮族自治区全州县纪委监委驻县委办公室纪检监察组到该县水利...,加强监督
航天科工航空重力仪助力我国首次海洋性冰川航空探测,https://news.sina.com.cn/c/2025-05-19/doc-inewzyak3176426.shtml,2025-05-19 08:34:00,近日，中国航天科工集团有限公司三院33所研制的航空重力仪助力我国首次开展海洋性冰川航空探测，为破解海洋冰川厚度测量难题提供有力支撑。,"地球,冰川"
国家电网积极扩大有效投资 加快重大项目建设,https://news.sina.com.cn/c/2025-05-19/doc-inewzyan2611965.shtml,2025-05-19 08:34:00,电网工程具有投资规模大、产业链条长、辐射带动力强等特点。今年以来，国家电网有限公司积极扩大有效投资，1-4月完成固定资产投资创历史同期新高。,"伏特,国家电网,甘肃省"
我国自主研发深水海管铺设智能监测装备完成海试,https://news.sina.com.cn/c/2025-05-19/doc-inewzyah8038507.shtml,2025-05-19 08:34:00,5月15日，由海洋石油工程股份有限公司自主研发的深水海管铺设智能监测装备“海卫”系统完成入海测试，多项关键技术性能指标均符合设计要求，标志着项目进度取得关键突破。,"海卫,智能,机器人"
中国铁建一季度新签合同4928亿元 绿色环保产业板块同比增长77.05%,https://news.sina.com.cn/c/2025-05-19/doc-inewzyak3176317.shtml,2025-05-19 08:33:00,日前，中国铁建发布2025年一季度业绩报告。报告显示，一季度，中国铁建新签合同总额4928亿元，其中，境内业务新签合同额4487亿元，占新签合同总额的91.04%...,"中国铁建,新签合同"
博物馆的新玩法,https://news.sina.com.cn/c/2025-05-19/doc-inewzyan2616024.shtml,2025-05-19 08:33:00,第49个国际博物馆日到来之际，各地博物馆开展了丰富多彩的活动，吸引更多人走进博物馆，了解历史文化，感受文明魅力。 昆山戏曲百戏博物馆开展五月“趣”百戏系列活动...,文物
驻省委统战部纪检监察组：监督助力民营经济高质量发展,https://news.sina.com.cn/c/2025-05-19/doc-inewzyah8038531.shtml,2025-05-19 08:30:00,不久前，省纪委监委派驻省委统战部纪检监察组与省工商联开展专题会商，提出工作建议，推动落实政治责任，引导全省民营企业坚定不移走好高质量发展之路。,"纪检,民营企业"
深入推进风腐同查同治,https://news.sina.com.cn/c/2025-05-19/doc-inewzyak3176733.shtml,2025-05-19 08:27:00,5月12日，中国农业发展银行党委和中央纪委国家监委驻中国农业发展银行纪检监察组联合下发通知，从即日起至2025年7月底，在全行开展违规吃喝...,"纪检,同治"
网传陈奕迅去世是假新闻！歌手叶晓粤：找他助手求证了,https://news.sina.com.cn/c/2025-05-19/doc-inewzyak3178074.shtml,2025-05-19 08:25:00,5月19日晚，歌手叶晓粤发文称陈奕迅去世是假新闻。叶晓粤表示自己和陈奕迅的助手求证了，“去世新闻”是假的，他现在人好好的。5月15日，陈奕迅FearandDre,新冠肺炎
诗说廉语 | 能吏清官一身兼,https://news.sina.com.cn/c/2025-05-19/doc-inewzyak3176941.shtml,2025-05-19 08:25:00,这首诗只有短短二十字，但意蕴丰富、情感强烈，不仅勾勒出中国古代吏治的困境，更在今日反腐倡廉的语境下，折射出穿透时空的启示。,"清官,元好问"
在基层 | 学用结合练精兵,https://news.sina.com.cn/c/2025-05-19/doc-inewzyaf1264320.shtml,2025-05-19 08:24:00,近日，安徽省蚌埠市纪委监委组织开展岗位练兵活动，17名缺乏办案经验的纪检监察干部分赴各个审查调查组，在“导师”的带领下实战淬火练兵。,"蚌埠市,纪检监察"
中国首款蜂群母舰无人机将首飞,https://news.sina.com.cn/c/2025-05-19/doc-inewzyaf1260030.shtml,2025-05-19 08:09:00,在现代作战体系中，无人机的作用是越来越突出。我们再来关注一款我国自主研发的“九天”无人机的最新进展。据了解，“九天”无人机04架机目前已完成机体结构装配...,"无人机,中国"
1-4月超120万内地居民从江苏口岸出入境,https://news.sina.com.cn/c/2025-05-19/doc-inewzyak3168601.shtml,2025-05-19 08:03:00,记者从江苏出入境边防检查总站获悉，今年1-4月，有122.5万内地居民从江苏口岸出入境，同比增长5.2%。统计数据显示，从江苏口岸出境游人员主要包括家庭亲子游、“银发”游...,江苏省
难点堵点就是监督重点,https://news.sina.com.cn/c/2025-05-19/doc-inewzyak3177206.shtml,2025-05-19 07:55:00,前不久，福建省漳州市龙文区纪检监察干部来到蓝田经济开发区郭坑园区，走访刚入驻园区的漳州市正能机电有限公司，了解职能部门干部作风、办事效率等。,"漳州市,巡察"
“晋电下江南”为长三角送电超6000亿千瓦时,https://news.sina.com.cn/c/2025-05-19/doc-inewzyan2601861.shtml,2025-05-19 07:54:00,记者5月18日从国网江苏省电力有限公司获悉，两条“晋电下江南”跨区输电通道——500千伏山西阳城至江苏淮安输变电工程、±800千伏雁门关至淮安特高压直流输电工程落地江苏后...,"山西省,长三角,江苏省"
2025年江苏省文物行业职业技能选拔赛举行,https://news.sina.com.cn/c/2025-05-19/doc-inewzyah8030497.shtml,2025-05-19 07:54:00,碎裂的唐代铜镜在他们的手中破镜重圆，碎成几瓣儿的粉彩瓷盘在他们的手中重获新生……5月18日，2025年江苏省文物行业职业技能选拔赛在江苏农林职业技术学院举办。,"文物,江苏省,陶瓷"
江苏接连下达多笔专项资金 保障改善民生,https://news.sina.com.cn/c/2025-05-19/doc-inewzyak3164207.shtml,2025-05-19 07:42:00,财政是民生的重要保障，近日，江苏省财政接连下达多笔专项资金，投向全民健身和基础教育等领域，持续增强百姓获得感。【惠及全民健身 1...,江苏省
首都金融工作座谈会上潘功胜、李云泽、吴清有哪些最新发言？一文速览,https://news.sina.com.cn/c/2025-05-19/doc-inewzyaf1252765.shtml,2025-05-19 07:32:00,这事儿挺关键的，金融政策的先行先试能带动首都经济，金融监管总局得发挥作用，支持北京金融管理中心功能建设，这样才能更好地促进经济社会的高质量发展嘛。,
AG600“鲲龙”批生产首架机，完成生产试飞！,https://news.sina.com.cn/c/2025-05-19/doc-inewzyaf1249786.shtml,2025-05-19 07:08:00,AG600“鲲龙”批生产首架机完成生产试飞 记者从中国航空工业集团有限公司获悉，18日，AG600“鲲龙”批生产首架机在广东珠海成功完成生产试飞。,"AG600,中国航空工业集团"
治在根子上，减到点子上（大家谈·持之以恒为基层减负③）,https://news.sina.com.cn/c/2025-05-19/doc-inewzyak3168442.shtml,2025-05-19 07:06:00,为基层减负要取得实效、长效，必须找准根子、开对方子、减到点子上。本期大家谈选编3篇来稿，讲问题、谈对策、提建议，为推进减负支招。,
《中国纪检监察报》头版、中央纪委国家监委网站首页头条｜,https://news.sina.com.cn/c/2025-05-19/doc-inewzyan2600384.shtml,2025-05-19 07:05:00,“本以为打了水漂，没想到年初突然收到了!”说起拿到曾被拖欠的2.46万元工资，建筑工人何超声音清脆，裹着笑意，“很激动，也很暖心。”,"农民工工资,何超,中央纪委"
环球时报社评 ：“争气机”为何再次牵动世界的目光,https://news.sina.com.cn/c/2025-05-19/doc-inewzyan2589529.shtml,2025-05-19 06:45:00,近日，各大媒体关注“我国外销型战机歼-10CE首次取得实战战果”。专家解读，歼-10系列战斗机具有机动性能好、隐身能力强、雷达探测距离远、搭载导弹先进等优势...,"歼-10,争气机,环球时报"
流失79载的子弹库帛书回归中国，专家：我国首个就历史上流失文物启动主动追索案例,https://news.sina.com.cn/c/2025-05-19/doc-inewztuq2717270.shtml,2025-05-19 06:29:00,5月18日凌晨3时55分，迄今发现的中国最早的帛书——子弹库帛书第二卷《五行令》、第三卷《攻守占》，结束在美国的79载漂泊，乘机抵达北京首都国际机场，回到祖国。,"文物,国家文物局"
早间播报【2025年5月19日】,https://news.sina.com.cn/c/2025-05-19/doc-inewzyah8020051.shtml,2025-05-19 06:21:00,● 近日，中共中央、国务院印发了修订后的《党政机关厉行节约反对浪费条例》，并发出通知，要求各地区各部门认真遵照执行。,安徽省
隐姓埋名53年！“夏蓉”的身份终揭晓,https://news.sina.com.cn/c/2025-05-19/doc-inewztui1368845.shtml,2025-05-19 05:20:00,你知道“夏蓉”是谁吗？ 当然，也有重名的可能性，但本文所说的夏蓉，绝不是你身边的那个“夏蓉”。 你不知道他是谁。但这并不奇怪，因为很多人都不知道。,"氢弹,于敏,杨立铭"
美国前总统拜登确诊前列腺癌,https://news.sina.com.cn/w/2025-05-19/doc-inewztun3271968.shtml,2025-05-19 04:06:00,当地时间5月18日，根据美国前总统拜登办公室发布的一份声明，拜登被确诊患有恶性前列腺癌，癌细胞已扩散至骨骼。 声明指出，拜登上周因泌尿系统症状加剧而新发现一个前列腺...,"美国,拜登,前列腺癌"
青海海西州唐古拉地区发生4.2级地震 震源深度10千米,https://news.sina.com.cn/c/2025-05-19/doc-inewzpnm1487063.shtml,2025-05-19 01:45:00,中国地震台网正式测定：05月19日01时30分，在青海海西州唐古拉地区（北纬33.83度，东经90.38度）发生4.2级地震，震源深度10公里。,"青海省,海西州,地震"
时隔近12年，党中央修订这一重磅文件，有新变化,https://news.sina.com.cn/c/2025-05-19/doc-inewzawu3632825.shtml,2025-05-18 22:54:00,来源：北京青年报 撰文| 余晖 5月18日，新华社发布消息，近日，中共中央、国务院印发了修订后的《党政机关厉行节约反对浪费条例》。,"条例,党中央"
广东省原省长卢瑞华同志遗体在广州火化,https://news.sina.com.cn/c/2025-05-18/doc-inewzawr1716545.shtml,2025-05-18 21:32:00,中国共产党的优秀党员，久经考验的忠诚的共产主义战士，中共广东省委原副书记、广东省原省长卢瑞华同志因病医治无效，于2025年5月13日16时18分在广州逝世，享年,
习语｜“一个博物馆就是一所大学校”,https://news.sina.com.cn/c/xl/2025-05-18/doc-inewzawr1715978.shtml,2025-05-18 21:29:00,“我从小就爱看博物馆，小时候北京的博物馆我差不多都看过了。” 2024年3月5日，习近平总书记在参加十四届全国人大二次会议江苏代表团审议时，动情地回忆起往事。,
CBA开罚单：扣减广厦经费12万&楼明罚5万停赛2场&孙铭徽罚3万,https://news.sina.com.cn/c/2025-05-18/doc-inewywqu8620884.shtml,2025-05-18 21:25:00,[CBA通报]2025年5月17日，2024-2025赛季CBA联赛季后赛总决赛阶段场序507，浙江广厦雄狮俱乐部方兴渡篮球队（简称“浙江方兴渡队”）与北京首钢霹雳鸭俱乐部北汽篮球队（简称“...,
潘展乐汪顺孙杨携手晋级 明日决赛“神仙打架”,https://news.sina.com.cn/c/2025-05-18/doc-inewywqt1843108.shtml,2025-05-18 20:51:00,今天，2025年全国游泳冠军赛男子200米自由泳半决赛中，潘展乐、汪顺、孙杨等顺利晋级。明天将进行男子200米自由泳决赛，一起关注！参赛阵容堪称“顶配”2025,
本轮新冠感染后痰多且久咳不愈,https://news.sina.com.cn/c/2025-05-18/doc-inewywqw3733549.shtml,2025-05-18 19:45:00,[本轮新冠感染后痰多且久咳不愈]近期呼吸道病毒的阳性率上升。“此波新冠以XDV变异株的分支NB.1系列为主，免疫逃逸能力增强，但致病力未显著变化，仍以轻症为主。,新冠肺炎
中共中央、国务院：公务用车集中采购，应当选用国产汽车，优选新能源,https://news.sina.com.cn/c/2025-05-18/doc-inewywqr6056826.shtml,2025-05-18 19:18:00,新华社5月18日消息，近日，中共中央、国务院印发了修订后的《党政机关厉行节约反对浪费条例》（以下简称《条例》），并发出通知，要求各地区各部门认真遵照执行。,"中共中央,国务院,统一"
江苏疾控：不存在“病毒研究所”，常荣山非本单位工作人员！汕头大学3年前也曾否认与其合作,https://news.sina.com.cn/c/2025-05-18/doc-inewyshw8733292.shtml,2025-05-18 18:43:00,近期，一名自称为“病毒学专家、江苏省疾控中心病毒研究所所长常荣山”的人士多次接受媒体采访，就呼吸道疾病态势发表观点意见。,"江苏省,疾控,新冠肺炎"
2025年，前景最被看好的十大行业,https://news.sina.com.cn/c/2025-05-18/doc-inewyshy3854699.shtml,2025-05-18 18:38:00,十大行业中九个集中于电子行业和电力设备行业，2019年-2024年除了贵金属、被动元件、输变电设备，其他七个行业的研发费用与净利润的比值大多超过50%,"锂电池,净利润"
涉投行业务违规，中信、国投等多家券商遭监管警示,https://news.sina.com.cn/o/2025-05-18/doc-inewyshv1954517.shtml,2025-05-18 18:28:00,违反上市公司再融资分类审核机制适用规定、履职不到位，多家券商因投行业务违规遭交易所警示 又有多家券商因投行业务违规被监管“点名”。,"违规,券商,证券"
冯宗宪：中美谈判风格不同，中国用道义“硬刚”带来示范效应,https://news.sina.com.cn/c/2025-05-18/doc-inewywqt1837960.shtml,2025-05-18 18:16:00,直新闻按随着《中美日内瓦经贸会谈联合声明》的发布，中美经贸高层会谈在瑞士日内瓦取得初步共识。中美经贸牵头人与各自率领的团队在微风和煦的户外边走边谈的照片传遍全世,
国家医保局释疑：为什么便宜的X光检查越来越少，贵的CT、核磁共振等项目越来越多？,https://news.sina.com.cn/c/2025-05-18/doc-inewyshy3848158.shtml,2025-05-18 17:58:00,为什么便宜的X光检查越来越少，而贵的CT、增强CT、核磁共振、PETCT等项目越来越多？ 对此，5月17日，国家医保局微信公众号发文进行了释疑...,"CT,肿瘤"
河南省气象台发布高温橙色预警,https://news.sina.com.cn/c/2025-05-18/doc-inewyshy3846713.shtml,2025-05-18 17:36:00,河南省气象台2025年5月18日17时00分发布高温橙色预警：预计5月19日至21日，我省大部将持续晴热天气。其中19日白天，淮河以北大部最高气温将升至37℃以上，其中三门峡北部...,
受权发布｜中共中央 国务院印发《党政机关厉行节约反对浪费条例》,https://news.sina.com.cn/c/2025-05-18/doc-inewyshv1945202.shtml,2025-05-18 17:14:00,新华社北京5月18日电 近日，中共中央、国务院印发了修订后的《党政机关厉行节约反对浪费条例》（以下简称《条例》），并发出通知，要求各地区各部门认真遵照执行。,"国务院,条例,中共中央"
英伟达调整下一代中国产品？黄仁勋回应,https://news.sina.com.cn/c/2025-05-18/doc-inewysht6163872.shtml,2025-05-18 17:01:00,当地时间5月16日，英伟达CEO黄仁勋抵达台北，他将参加即将于下周举行的Computex2025电脑展，并计划于5月19日上午发表主题演讲。Computex是亚,
身高只有一米二五，他从辍学高中生逆袭成为身价过亿的企业家,https://news.sina.com.cn/c/2025-05-18/doc-inewysht6163480.shtml,2025-05-18 16:59:00,新黄河记者：王铮今天是第三十五次全国助残日，主题为“弘扬自强与助残精神凝聚团结奋进力量”。在刚刚召开的全国自强模范暨助残先进表彰大会中，身高只有1.25米的艾贻,
1.58万元能买一辆二手哪吒汽车？实测有车商低价引流，联系后称仅是首付,https://news.sina.com.cn/c/2025-05-18/doc-inewymyv6287752.shtml,2025-05-18 16:19:00,红星资本局5月18日消息，近日，红星资本局注意到，在闲鱼等二手交易平台上，哪吒汽车正被低价甩卖，部分低至1.58万元/辆。,"5万以下,首付,哪吒汽车"
习近平总书记关切事｜博物馆的“千面新生”,https://news.sina.com.cn/c/xl/2025-05-18/doc-inewymyv6285612.shtml,2025-05-18 16:12:00,5月18日是国际博物馆日，今年的主题是“快速变化社会中的博物馆未来”。党的十八大以来，习近平总书记对博物馆建设高度重视，指出“博物馆是保护和传承人类文明的重要殿,
学习手记｜这里有我们的昨天今天明天,https://news.sina.com.cn/c/xl/2025-05-18/doc-inewymyy8839549.shtml,2025-05-18 16:07:00,博物馆，是“连接过去、现在、未来的桥梁”。如今，回望党的十八大闭幕不久，习近平总书记的一次公开活动，更显意味深长。2012年11月29日，习近平总书记带领十八届,
复旦一校友，匿名捐1亿,https://news.sina.com.cn/c/2025-05-18/doc-inewymza3963692.shtml,2025-05-18 16:07:00,复旦大学消息，5月18日下午，复旦大学谢希德-俞吾金哲学发展基金（第二期）捐赠签约仪式举行。一位热心的复旦校友为基金捐赠1亿元，支持哲学学科发展，却不留名出名，,
王曼昱4:1战胜波兰队选手，顺利晋级多哈世乒赛女单次轮,https://news.sina.com.cn/c/2025-05-18/doc-inewymyy8839180.shtml,2025-05-18 15:58:00,[祝贺！王曼昱晋级多哈世乒赛女单次轮]当地时间5月18日，2025年世乒赛在卡塔尔多哈继续进行。在刚刚结束的一场女单1/64决赛中，中国队选手王曼昱以4：1战胜波兰队选手...,
昔日常州首富，被留置,https://news.sina.com.cn/c/2025-05-18/doc-inewymyx2061402.shtml,2025-05-18 15:33:00,来源：中国新闻周刊 红星美凯龙的创始人车建兴突然被查。 5月13日，红星美凯龙家居集团股份有限公司（以下简称“红星美凯龙”）在港股平台发布公告称，公司收到通知...,"车建兴,红星美凯龙,家具"
外电：印度退伍军人将被部署到印控克什米尔地区,https://news.sina.com.cn/c/2025-05-18/doc-inewymyx2060181.shtml,2025-05-18 15:22:00,来源：参考消息 参考消息网5月18日报道 据法新社5月17日报道，印度方面17日表示，将重新部署退伍军人至印控克什米尔地区担任安全警卫。,"印度,印控克什米尔,退伍军人"
光速晋级！“莎头组合”3-0战胜美国组合,https://news.sina.com.cn/c/2025-05-18/doc-inewymyy8835049.shtml,2025-05-18 15:21:00,今天，多哈世乒赛迎来第二个比赛日，国乒选手在混双、女双、男女单打等多条战线全面出击。FlashPlayer插件未安装安装插件，如果已经安装请检查是否被禁用und,
天问二号探测器顺利转入发射区 计划5月底择机发射,https://news.sina.com.cn/c/2025-05-18/doc-inewymyv6277844.shtml,2025-05-18 15:19:00,来自国家航天局的消息，5月18日，行星探测工程天问二号探测器在西昌卫星发射中心按计划完成技术区总装、测试、加注等工作后，顺利转入发射区...,
蓝天立被查，广西多地表态：坚决拥护党中央决定,https://news.sina.com.cn/c/2025-05-18/doc-inewymyx2055482.shtml,2025-05-18 15:01:00,5月16日，中央纪委国家监委网站通报：广西壮族自治区党委副书记、自治区政府主席蓝天立涉嫌严重违纪违法，目前正接受中央纪委国家监委纪律审查和监察调查。,"党中央,中央纪委,自治区"
商务部：对原产于美欧日和台湾地区的进口共聚聚甲醛征收反倾销税,https://news.sina.com.cn/c/2025-05-18/doc-inewymza3944899.shtml,2025-05-18 14:39:00,5月18日，商务部网站公布对原产于美国、欧盟、台湾地区和日本的进口共聚聚甲醛反倾销调查的最终裁定。 全文如下： 根据《中华人民共和国反倾销条例》（以下简称《反倾销条...,"欧盟,日本,台湾"
广州首套房贷利率逆势上调10BP？尚存在不确定性,https://news.sina.com.cn/o/2025-05-18/doc-inewyfsz2172987.shtml,2025-05-18 13:12:00,为了维持3%房贷利率“生死线”？ LPR（贷款市场报价利率）趋势性下行，房贷利率却将逆势上调？ 近日，有市场消息称，广州首套房贷利率上调了10BP（基点），最新执行利率为3...,"房贷利率,利率,广州市"
【理响中国】在快速变化社会中讲好“文博”故事,https://news.sina.com.cn/c/xl/2025-05-18/doc-inewyfta8942694.shtml,2025-05-18 12:41:00,博物馆是保护和传承人类文明的重要殿堂，是连接过去、现在、未来的桥梁，在守护好、传承好、展示好中华文明优秀成果，坚守中华文化立场、增强中华文明传播力影响力上肩,
“特供茅台”，5元1斤！起底“特供酒”黑灰产业链,https://news.sina.com.cn/c/2025-05-18/doc-inewyfsx6381532.shtml,2025-05-18 12:33:00,亲朋好友聚会时，有人拿出标着“特供”“专供”“内供”等字样的酒，故弄玄虚地吹嘘起来……“特供酒”真的是特供吗？前不久，最高人民检察院召开的“以高质效知识产权检察履职...,茅台
跳出浙江发展浙江 在更大空间实现更大发展,https://news.sina.com.cn/c/xl/2025-05-18/doc-inewyfsz2166654.shtml,2025-05-18 12:31:00,央视网消息（新闻联播）：习近平总书记在浙江工作期间，以“地瓜经济”理论深刻阐述要“跳出浙江发展浙江”，着力推动当地企业走出去，在更大的范围配置资源...,
创意微视频｜博物馆日，跟着总书记走进“大学校”,https://news.sina.com.cn/c/xl/2025-05-18/doc-inewyfsz2166595.shtml,2025-05-18 12:31:00,方寸之间，一览千年。习近平总书记指出，中华民族历史悠久，中华文明源远流长，中华文化博大精深，一个博物馆就是一所大学校。每年5月18日是国际博物馆日。让我们从博物,
湖南怀化一河中现大量死鱼，市委书记现场察看，环保部门回应,https://news.sina.com.cn/c/2025-05-18/doc-inewyfta8942625.shtml,2025-05-18 12:28:00,极目新闻记者 余渊 近日，多位湖南怀化市民在网上发文称，流经城区的舞水河出现大量死鱼，怀疑水体遭到污染。据怀化日报报道，5月17日下午...,"湖南省,怀化市,市委书记"
时习之丨促进“春天的事业”全面发展 习近平言之切切,https://news.sina.com.cn/c/xl/2025-05-18/doc-inewyfte4054427.shtml,2025-05-18 12:27:00,2025年5月16日，第七次全国自强模范暨助残先进表彰大会在京召开。习近平总书记作出重要指示。他指出，残疾人是推进中国式现代化的重要力量，也是需要格外关心、格外,
郑钦文锁定8号种子！2025年法网女单前八种子排序正式确定,https://news.sina.com.cn/c/2025-05-18/doc-inewyfta8940869.shtml,2025-05-18 12:22:00,据央视网消息，北京时间5月18日，WTA1000罗马站决赛，保利尼以6-4、6-2完胜高芙，即时世界排名升至第四，今年法网女单前八种子排序也正式确定。,"郑钦文,法网,罗马"
小米“剧透”，雷军将有重大发布！,https://news.sina.com.cn/c/2025-05-18/doc-inewxzmh4175057.shtml,2025-05-18 11:44:00,每经编辑｜毕陆名小米集团总裁卢伟冰在5月17日直播中透露，搭载小米自研“玄戒O1”芯片的产品不仅是手机，其他产品也会搭载。在17日的直播中，卢伟冰“剧透”了几方,
凶犯被执行死刑，赔偿金怎么办？,https://news.sina.com.cn/c/2025-05-18/doc-inewyshy3840802.shtml,2025-05-18 11:28:00,完善刑事被害人司法救助体系是多位法学家的呼声二审落槌一年有余，凶手也于上月底伏法，但3.8万元的赔偿金仍未兑现。近日，河南信阳“14岁女孩遇害抛尸案”中受害者家,
大国工程看新疆丨西气东输工程惠及我国近5亿人口,https://news.sina.com.cn/c/2025-05-18/doc-inewxzmh4164452.shtml,2025-05-18 11:02:00,来源：央视网 一根根粗壮的黄色管道，如同虬龙一样盘绕在西气东输第一站，管道内天然气奔腾不息，经过除尘增压后，一路向东而去，最远可输送到上海。,"新疆,天然气,塔里木油田"
加州棕榈泉爆炸事件致1死5伤 美联邦调查局定性其为恐袭,https://news.sina.com.cn/c/2025-05-18/doc-inewxzmh4158201.shtml,2025-05-18 10:47:00,财联社5月18日电，美国加利福尼亚州棕榈泉市一家医疗健康机构外当地时间5月17日发生爆炸事件，已造成至少1人死亡、5人受伤。据悉，该爆炸疑似由一家诊所附近的汽车,
李云泽：支持金融政策先行先试，完善首都金融服务体系,https://news.sina.com.cn/c/2025-05-18/doc-inewxzkz6482739.shtml,2025-05-18 10:32:00,5月16日上午，北京市委书记尹力围绕“服务国家金融管理中心建设，推动首都金融高质量发展”调查研究，并召开金融工作座谈会。金融监督管理总局局长李云泽指出，金融监管,
韩方向中方发感谢信，表达“崇高敬意”,https://news.sina.com.cn/c/2025-05-18/doc-inewxvck4249561.shtml,2025-05-18 10:30:00,5月16日，浙江省海上搜救中心收到了一封来自韩国济州地方海洋警察厅的感谢信。信中，韩国济州地方海洋警察厅对浙江省海上搜救中心在韩国籍渔船“887EOJINHO”机舱进水险情中...,"渔船,中国,渔民"
这档总台节目播出后，两卷国宝帛书从美国回家了！,https://news.sina.com.cn/c/xl/2025-05-18/doc-inewymyv6291691.shtml,2025-05-18 10:26:00,北京时间5月18日凌晨，中央广播电视总台央视新闻的最新报道下，是许多网友第一时间奔走相告的喜悦：欢迎国宝回家！新闻报道的主角，是两卷薄如蝉翼的帛书。当地时间5月,
中国队收获历史最佳成绩 2025亚足联中国女子五人制足球亚洲杯收官,https://news.sina.com.cn/c/2025-05-18/doc-inewxzmh4164402.shtml,2025-05-18 10:23:00,5月17日，2025亚足联中国女子五人制足球亚洲杯在内蒙古呼和浩特体育中心迎来收官日。在季军争夺战中，中国队1∶3不敌伊朗队，遗憾错失首届女子五人制足球世界杯的参赛资格...,"亚洲杯,中国队,亚足联"
AG600“鲲龙”批生产首架机完成生产试飞,https://news.sina.com.cn/c/2025-05-18/doc-inewxzme9054929.shtml,2025-05-18 10:06:00,5月18日，AG600“鲲龙”批生产首架机在广东珠海成功完成生产试飞。中国航空工业集团有限公司专家介绍，这表明该架机生产符合型号设计要求，达到安全可用状态，具备,
我国备案博物馆数量已达7046家 免费开放率91.46%,https://news.sina.com.cn/c/2025-05-18/doc-inewxzmh4151357.shtml,2025-05-18 10:04:00,今天是第49个国际博物馆日。今年的主题是“快速变化社会中的博物馆未来”，国际博物馆日的主场城市设在北京。目前，我国已建成类型丰富、主体多元、普惠均等的博物馆体系,
贯彻落实中央纪委四次全会精神 以大数据信息化赋能正风反腐,https://news.sina.com.cn/c/2025-05-18/doc-inewxvcc6593946.shtml,2025-05-18 09:04:00,强化预警分析 提高办案效能以大数据信息化赋能正风反腐“最初，我们关注到的是市交通运输综合行政执法大队队员刘某某收受船务代理公司相关工作人员礼金...,"信息化,中央纪委,反腐"
国宝归来，凌晨3时抵达北京！被美国人以拍照为由骗走，流失美国79年！其价值巨大、无可替代,https://news.sina.com.cn/c/2025-05-18/doc-inewxvch9162971.shtml,2025-05-18 09:02:00,5月18日凌晨3时55分，迄今发现的中国最早的帛书——子弹库帛书第二、三卷，结束在美国的79载漂泊，抵达北京首都国际机场，终于回到祖国！,"文物,国宝,北京市"
习近平的文化足迹丨瓷越千年,https://news.sina.com.cn/c/xl/2025-05-18/doc-inewxvck4258851.shtml,2025-05-18 08:47:00,景德镇，千年窑火生生不息，无数精美瓷器从这里走向世界，成为中华文明标识之一。2023年10月11日，习近平在江西省景德镇市考察调研...,
【讲习所·美美与共】“中国是一个‘活着的文明’”,https://news.sina.com.cn/c/xl/2025-05-18/doc-inewxvcc6584972.shtml,2025-05-18 08:44:00,来源：中央广电总台国际在线 【本期导读】 “中华民族历史悠久，中华文明源远流长，中华文化博大精深，一个博物馆就是一所大学校。” “要把博物馆事业搞好。,
学习卡丨“一个博物馆就是一所大学校”,https://news.sina.com.cn/c/xl/2025-05-18/doc-inewxvcc6586192.shtml,2025-05-18 08:43:00,博物馆，一方穹顶之下，封存文明密码，镌刻传承脉络，藏尽山河万象。 习近平总书记一直高度重视博物馆工作，经常“打卡”博物馆，察看具有浓郁文化色彩的展品...,
学习新语丨习近平讲述文物里的文明交融,https://news.sina.com.cn/c/xl/2025-05-18/doc-inewxvcf2383949.shtml,2025-05-18 08:42:00,“要让文物说话，让历史说话，让文化说话。”对于文明交流互鉴，习近平主席念兹在兹。这些年来，习近平主席多次在外交场合，通过一件件文物，讲述其中蕴含的文明交融交流的,
广东一女子买下百万房产后发现未婚夫出轨，男方：房产证写着两人名字我也应该有份，法院：房产归女方,https://news.sina.com.cn/c/2025-05-18/doc-inewxvck4261898.shtml,2025-05-18 08:27:00,5月17日，广州日报新花城记者独家获悉，广东雷州市人民法院此前审结的一起“同居关系析产纠纷案”，近日起正式生效，该案经一审判决后，被告无提起上诉。,"房产,房产证,房屋"
我省新增20家国家级科技小院,https://news.sina.com.cn/c/2025-05-18/doc-inewxqvf6703763.shtml,2025-05-18 07:24:00,记者近日从省科协获悉，在中国农村专业技术协会公布的2025年最新一批科技小院名单中，江苏共有姜堰蛋鸡、建湖荷花、栖霞百合等20家科技小院入选，数量居全国前列。,农村
暴雨蓝色预警：浙江、福建等地部分地区有大暴雨,https://news.sina.com.cn/c/2025-05-18/doc-inewxvck4249917.shtml,2025-05-18 06:20:00,来源：央视网央视网消息：中央气象台5月18日06时继续发布暴雨蓝色预警：预计，5月18日08时至19日08时，浙江南部、江西东南部、福建中北部、云南东南部、广西中部和东北部...,"暴雨,福建省,浙江省"
国宝归来！子弹库帛书二、三卷抵达北京,https://news.sina.com.cn/c/2025-05-18/doc-inewxkpq4493447.shtml,2025-05-18 03:55:00,5月18日凌晨3时55分，迄今发现的中国最早的帛书——子弹库帛书第二、三卷，结束在美国的79载漂泊，抵达北京首都国际机场，终于回到祖国！,"国宝,北京市"
美媒：180部中国电影亮相戛纳国际电影节,https://news.sina.com.cn/c/2025-05-18/doc-inewwxxr2857916.shtml,2025-05-17 23:06:00,当地时间5月15日，美国《综艺》杂志发表文章，题为：连续第四年亮相戛纳国际电影节，中国电影联合展台“展现中国电影的生机与活力”。,中国电影
河中现死鱼，怀化市委书记现场察看,https://news.sina.com.cn/c/2025-05-17/doc-inewwxxr2855501.shtml,2025-05-17 22:41:00,近日，湖南省怀化市舞水河部分河段出现水体浑浊、局部死鱼现象，引发广泛关注。 据《怀化日报》报道，5月17日下午，怀化市委书记许忠建到河岸边察看水质情况...,"水体,怀化市,市委书记"
近6轮仅1胜！泰山1-1海港 卡扎破门19岁蒯纪闻造点武磊赛季首球,https://news.sina.com.cn/zx/2025-05-17/doc-inewwtrr7177937.shtml,2025-05-17 22:29:00,来源：直播吧 直播吧5月17日讯 北京时间5月17日晚20时整，2025赛季中超第13轮在浦东足球场展开角逐，上海海港主场迎战山东泰山。,
北京连续两防定江山挽救冠军点！胡金秋27+14 孙铭徽关键两罚不中,https://news.sina.com.cn/c/2025-05-17/doc-inewwtrr7174695.shtml,2025-05-17 22:07:00,直播吧5月17日讯CBA总决赛G5，广厦今日回到主场迎战北京，在连赢三场后广厦已经拿到冠军点，而北京已经没有退路。比赛上来，两队进入状态较慢得分都不太容易，广厦,
阳性率呈上升趋势，多地疾控提醒！,https://news.sina.com.cn/c/2025-05-17/doc-inewwtrt2978315.shtml,2025-05-17 21:39:00,来源：大象新闻 近期，多地新冠阳性率 呈现上升趋势 引发了社会各界的广泛关注  数据揭秘：新冠阳性率攀升，地域差异初显 中国疾控中心于5月8日发布的2025年4月全国急性呼...,新冠肺炎
潘展乐4×100米最后一棒反超夺冠 一天获2金,https://news.sina.com.cn/c/2025-05-17/doc-inewwtrw4844184.shtml,2025-05-17 21:01:00,全国游泳冠军赛男子4×100米接力决赛，浙江寿仙谷派出何峻毅、沈加豪、洪金权、潘展乐出战，凭借着潘展乐最后一棒的反超获得冠军，成绩3分14秒07刷新赛会纪录...,"接力,浙江队,金牌"
潘展乐：夺冠成绩跟世界领先选手比不怎么样，还要继续努力,https://news.sina.com.cn/c/2025-05-17/doc-inewwtrr7156899.shtml,2025-05-17 20:21:00,直播吧05月17日讯在刚刚结束的全国游泳冠军赛男子400米自由泳决赛，最终潘展乐以3分45秒34夺得金牌。赛后，潘展乐接受了记者采访。潘展乐说道：“这场比赛我压,
广西启动重大气象灾害Ⅳ级应急响应 桂北桂中有强降雨,https://news.sina.com.cn/c/2025-05-17/doc-inewwpiw9871140.shtml,2025-05-17 20:15:00,广西气象局5月17日11时发布暴雨四级（蓝色）预警，并启动重大气象灾害（暴雨）Ⅳ级应急响应。广西各级气象部门将密切监视，及时更新发布预报预警信息。,"暴雨,百色市,广西"
新的亚洲纪录 李冰洁夺得女子400米自由泳冠军,https://news.sina.com.cn/c/2025-05-17/doc-inewwtrw4831811.shtml,2025-05-17 20:14:00,北京时间5月17日，2025年全国游泳冠军赛继续在深圳进行。 女子400米自由泳决赛，李冰洁以3分59秒99的成绩创造新的亚洲纪录。 2025年全国游泳冠军赛17日在深圳开赛。,"自由泳,李冰洁,亚洲纪录"
小遇挑战！梁靖崑4比1击败鲜于成，晋级多哈世乒赛男单第二轮,https://news.sina.com.cn/c/2025-05-17/doc-inewwpit7285832.shtml,2025-05-17 20:09:00,直播吧5月17日讯在刚刚结束的世乒赛男单首轮中，中国选手梁靖崑4比1击败鲜于成，晋级64强。五局比分分别为：14-12，11-6，10-12，11-3，11-8,
习近平总书记的重要指示激励广大残疾人和残疾人工作者以奋斗姿态拥抱梦想,https://news.sina.com.cn/c/xl/2025-05-18/doc-inewymyv6285068.shtml,2025-05-17 20:08:00,FlashPlayer插件未安装安装插件，如果已经安装请检查是否被禁用undefinedundefined在第三十五个全国助残日到来之际，习近平总书记作出重要指,
先赛3分领跑！申花3-0英博取3连胜 米内罗传射刘诚宇连续3场破门,https://news.sina.com.cn/c/2025-05-17/doc-inewwtrw4831211.shtml,2025-05-17 19:56:00,直播吧5月17日讯北京时间5月17日晚18时整，2025赛季中超第13轮在梭鱼湾专业足球场展开角逐，上海申花客场对阵大连英博。上半场特谢拉打破僵局，廖锦涛乌龙助,
努力做残疾人信得过、靠得住的知心人、贴心人,https://news.sina.com.cn/c/xl/2025-05-17/doc-inewwpiv3091097.shtml,2025-05-17 19:45:00,第七次全国自强模范暨助残先进表彰大会16日在京召开。中共中央总书记、国家主席、中央军委主席习近平作出重要指示——,
习近平向第三十四届阿拉伯国家联盟首脑理事会会议致贺信,https://news.sina.com.cn/c/xl/2025-05-17/doc-inewwpiy4952745.shtml,2025-05-17 19:45:00,新华社北京5月17日电 5月17日，国家主席习近平向阿拉伯国家联盟首脑理事会会议轮值主席伊拉克总统拉希德致贺信，祝贺第三十四届阿拉伯国家联盟首脑理事会会议在巴格达召开...,
跟着总书记读懂中华文明丨良渚：中华五千年文明史的实证,https://news.sina.com.cn/c/xl/2025-05-17/doc-inewwpiy4952735.shtml,2025-05-17 19:45:00,时针拨回到5000多年前，中国太湖流域的先人用自己的智慧与勤劳构筑起一个充满浪漫与梦想的国度——良渚古城，一座水上之城。这里有穿越5000年时光的“玉鸟”...,
解锁儿时愿望！潘展乐战胜孙杨，全国冠军赛男子400自夺冠,https://news.sina.com.cn/c/2025-05-17/doc-inewwpiw9864935.shtml,2025-05-17 19:39:00,十年前，稚气未脱的潘展乐在镜头前喊出那句“比孙杨快就够了”。 十年后，当二人真正同场竞技时，潘展乐成功解锁自己10岁的愿望。 北京时间5月17日...,"孙杨,全国冠军赛,自由泳"
国乒男单首战即失利，直板选手薛飞遭遇一轮游,https://news.sina.com.cn/c/2025-05-17/doc-inewwpiw9864165.shtml,2025-05-17 19:37:00,多哈世乒赛5月17日正式开战，国乒男单出师不利，率先登场的薛飞以2比4不敌日本选手篠塚大登，无缘六十四强。这场失利其实算不上冷门。这是26岁的薛飞第一次参加世乒,
保障粮食生产灌溉用水 全国春灌面积已达3.6亿亩,https://news.sina.com.cn/c/xl/2025-05-18/doc-inewwpiw9863740.shtml,2025-05-17 19:17:00,记者从水利部了解到，截至5月中旬，今年全国平均降水量较常年同期偏少近两成，主要江河来水量较常年同期偏少近三成。 为全力保障粮食生产灌溉用水，水利部科学调度水工程...,"山西省,水利部"
搞迷信活动、权钱交易等，广药集团原董事长李楚源被双开，曾称喝王老吉可延长寿命,https://news.sina.com.cn/c/2025-05-17/doc-inewwpiv3083394.shtml,2025-05-17 18:46:00,搞迷信活动，出入私人会所，违规占用农用地，经营与其任职企业同类的营业，非法收受巨额财物…… 5月17日，广东省纪委监委发布消息，广州医药集团有限公司原党委书记...,"李楚源,广东省,广药集团"
新疆多地现不明飞行物，目击者称和月亮一样亮，几秒内突然加速消失，气象部门回应,https://news.sina.com.cn/c/2025-05-17/doc-inewwpit7267646.shtml,2025-05-17 18:40:00,极目新闻记者陈洋洋5月16日晚，新疆乌鲁木齐夜空中出现不明飞行物，引发网友热议。多位目击者向极目新闻记者表示，该飞行物分为上下两个扇形，中间有一条很明显的分隔线,
孙颖莎4比0战胜乌克兰队选手 迎多哈首秀开门红,https://news.sina.com.cn/o/2025-05-17/doc-inewwhzy9981772.shtml,2025-05-17 18:04:00,据@人民日报 消息，当地时间5月17日，2025年多哈世乒赛展开首日较量。在刚刚结束的一场女单1/64决赛中，中国队选手孙颖莎以4：0战胜乌克兰队选手，顺利晋级次轮。,"孙颖莎,乌克兰队,世乒赛"
被围观的“英之园”，谁建了潮汕天价违建？,https://news.sina.com.cn/c/2025-05-17/doc-inewwhzv7390992.shtml,2025-05-17 17:56:00,近日，广东省汕头市估值1.14亿元的天价违建“英之园”即将被强拆的消息引发关注。 5月9日，汕头市潮阳区人民政府发布公告称，“英之园”系西胪镇西二社区原村民陈英彪未经有权...,中国新闻周刊
中国装备有望“井喷”出口 除了飞机导弹还有雷达,https://news.sina.com.cn/c/2025-05-17/doc-inewwhzy9975707.shtml,2025-05-17 17:31:00,来源：直新闻 在不久前的印巴冲突中，双方展开激烈的战机、无人机、导弹、火炮攻防。其中，空中战机交锋全球瞩目。巴方声称用中国产的歼-10CE击落了5架印度战机...,
中央军委决定调整组建3所军队院校，权威详解,https://news.sina.com.cn/c/2025-05-17/doc-inewwiaa5051258.shtml,2025-05-17 17:09:00,5月15日，国防部发布消息，近日，中央军委决定，调整组建中国人民解放军陆军兵种大学、中国人民解放军信息支援部队工程大学、中国人民解放军联勤保障部队工程大学等3所,
四座四合院、七栋别墅，谁建了潮汕天价违建？,https://news.sina.com.cn/c/2025-05-17/doc-inewwiaa5053348.shtml,2025-05-17 17:03:00,来源：中国新闻周刊  近日，广东省汕头市估值1.14亿元的天价违建“英之园”即将被强拆的消息引发关注。 5月9日，汕头市潮阳区人民政府发布公告称...,中国新闻周刊
广西百色：全力配合中央纪委国家监委对蓝天立的纪律审查和监察调查,https://news.sina.com.cn/c/2025-05-17/doc-inewwhzv7386121.shtml,2025-05-17 16:37:00,来源：北京青年报  据广西百色融媒报道，5月17日，百色市委常委会召开（扩大）会议，传达党中央对蓝天立涉嫌严重违纪违法进行纪律审查和监察调查的决定...,
第一观察｜“残疾人是推进中国式现代化的重要力量”,https://news.sina.com.cn/c/xl/2025-05-17/doc-inewwhzx3183840.shtml,2025-05-17 16:05:00,“残疾人是推进中国式现代化的重要力量，也是需要格外关心、格外关注的特殊困难群体”。5月16日，第七次全国自强模范暨助残先进表彰大会召开，习近平总书记作出重要指示。,
看图学习丨对这一特殊困难群体 总书记强调要“格外关心、格外关注”,https://news.sina.com.cn/c/xl/2025-05-17/doc-inewwhzx3183874.shtml,2025-05-17 16:05:00,“残疾人是推进中国式现代化的重要力量，也是需要格外关心、格外关注的特殊困难群体。”5月16日，第七次全国自强模范暨助残先进表彰大会在京召开。,
【讲习所·中国与世界】推动中拉合作提质升级 习近平三提这一倡议,https://news.sina.com.cn/c/xl/2025-05-17/doc-inewwiaa5028492.shtml,2025-05-17 16:05:00,【本期导读】 5月13日至14日，中国国家主席习近平在北京同来华进行国事访问的巴西总统卢拉举行会谈，并分别会见哥伦比亚总统佩特罗、智利总统博里奇。,
林诗栋/蒯曼混双取胜，国乒赢得多哈世乒赛开门红,https://news.sina.com.cn/o/2025-05-17/doc-inewwatx7480566.shtml,2025-05-17 15:35:00,据人民日报消息，当地时间5月17日上午，2025年世乒赛在卡塔尔多哈开赛。刚刚结束的一场混双1/32决赛，中国队组合林诗栋/蒯曼以3：0战胜对手晋级，为中国队取得开门红。,"林诗栋,世乒赛,混双"
时政微观察丨对这个群体，总书记要求“格外关心、格外关注”,https://news.sina.com.cn/c/xl/2025-05-18/doc-inewxvch9158245.shtml,2025-05-17 15:04:00,“残疾人是推进中国式现代化的重要力量，也是需要格外关心、格外关注的特殊困难群体。”在第三十五个全国助残日到来之际，习近平总书记作出重要指示，鼓励广大残疾人从自强,
传播涉刘国梁不实信息 2人被处罚,https://news.sina.com.cn/c/2025-05-17/doc-inewwauc0078148.shtml,2025-05-17 14:55:00,公安部网安局通报：近日，一则关于国际乒联第一副主席、WTT世界乒联主席、中国乒协原主席刘国梁的不实信息在互联网传播，误导大量网民关注和讨论。公安网安部门查明，网,
歼-10CE首次实战大放异彩 这架外销型战机到底有多厉害？,https://news.sina.com.cn/c/2025-05-17/doc-inewwaue5145868.shtml,2025-05-17 14:49:00,FlashPlayer插件未安装安装插件，如果已经安装请检查是否被禁用undefinedundefined近日，我国外销型战机歼-10CE首次取得了实战战果，在,
流失美国79载 国宝文物子弹库帛书二、三卷启程回国,https://news.sina.com.cn/c/2025-05-17/doc-inewwaue5136548.shtml,2025-05-17 14:04:00,当地时间5月16日晚，由美国史密森尼学会国立亚洲艺术博物馆返还的“子弹库帛书”第二卷“五行令”和第三卷“攻守占”完成装箱，搭乘中国国际航空公司航班从美国首都华盛顿直飞北...,
习语品读｜规定就是规定，不加“试行”两字,https://news.sina.com.cn/c/xl/2025-05-17/doc-inewwauc0065695.shtml,2025-05-17 13:39:00,编者按：党的十八大以来，习近平总书记发表的一系列重要讲话和重要文章，风格鲜明、思想深邃、内涵深刻，用历史映照现实、远观未来，闪耀着马克思主义的真理光芒。,
在新征程上促进残疾人事业全面发展,https://news.sina.com.cn/c/xl/2025-05-17/doc-inewvwnh5261395.shtml,2025-05-17 13:26:00,来源：求是网  5月16日，第七次全国自强模范暨助残先进表彰大会在北京召开。习近平总书记作出重要指示，对切实保障残疾人平等权益、促进残疾人事业全面发展提出明确要求...,
【理响中国】如何理解制定中央八项规定是加强作风建设的重大举措,https://news.sina.com.cn/c/xl/2025-05-17/doc-inewvwnh5261400.shtml,2025-05-17 13:26:00,来源：求是网  作风问题，历来是执政党自身建设的重大政治问题。古今中外，因为统治集团作风败坏导致人亡政息的例子不胜枚举。我们党作为一个长期在中国执政的马克思主义政...,
【理响中国】不断推进残疾人事业全面发展,https://news.sina.com.cn/c/xl/2025-05-17/doc-inewvwnh5261402.shtml,2025-05-17 13:26:00,来源：求是网  “残疾人是推进中国式现代化的重要力量，也是需要格外关心、格外关注的特殊困难群体。”5月16日，第七次全国自强模范暨助残先进表彰大会在北京召开...,
河南一女子被医院强制带走治疗，官方通报：当值医生停职,https://news.sina.com.cn/c/2025-05-17/doc-inewvwnh5254648.shtml,2025-05-17 12:49:00,关于“禹州女子被医院急救人员强制带走治疗”的调查处置情况通报 5月16日上午11：05，禹州市120急救指挥中心接到群众电话，称自己女儿有焦虑、抑郁病史，当时排斥吃药治疗...,"医院,河南省,官方"
今年前后脚落马的两正部：曾同期公选副厅，仕途交集20年,https://news.sina.com.cn/c/2025-05-17/doc-inewvwnc3410971.shtml,2025-05-17 12:28:00,5月16日下午，中央纪委国家监委宣布重磅“打虎”消息，广西壮族自治区党委副书记、自治区政府主席蓝天立涉嫌严重违纪违法任上被查。当日，广西壮族自治区党委常委会召开,
女生生理期去校医室开假条，被要求脱裤子证明？北京一高校回应,https://news.sina.com.cn/c/2025-05-17/doc-inewvwmz7573348.shtml,2025-05-17 12:10:00,为什么会有这样要求，还不是因为很多女生仗着有这一特权长期弄虚作假，请假出去玩，如果因为这样导致出事家长又会怪学校没严格检查了，而且又不是男医生给你检查，自证一下,
胖东来深夜发布回复说明！接受任何核查，但绝不容许造谣、诽谤，要做玻璃般透明的企业⋯⋯,https://news.sina.com.cn/c/2025-05-17/doc-inewvwnh5241389.shtml,2025-05-17 11:39:00,5月16日深夜，胖东来发布《关于网络发布“质疑胖东来经营管理、商品采购渠道、定价标准、财税信息”的回复说明》。胖东来表示，接受任何核查，但绝不容许造谣、诽谤...,
高校回应生理期请病假要脱裤证明：视频经处理后有失真等问题,https://news.sina.com.cn/c/2025-05-17/doc-inewvwmz7565135.shtml,2025-05-17 11:22:00,“生理期不舒服去校医室开假条，被要求脱裤子证明。”5月15日，有网友发布视频称，北京工业大学耿丹学院一名女生在生理期不舒服时前往医务室请病假...,
特朗普：想访问中国,https://news.sina.com.cn/c/2025-05-17/doc-inewvwnh5235601.shtml,2025-05-17 11:14:00,[文/观察者网 刘程辉]结束对中东三国的访问，手握数千亿美元协议的美国总统特朗普“飘了”。 在5月16日播出的福克斯新闻节目中，特朗普一顿吹嘘称...,"特朗普,中东,中国"
最高41℃ 19日至21日河南淮河以北现持续高温天气,https://news.sina.com.cn/c/2025-05-17/doc-inewvsef3528732.shtml,2025-05-17 11:10:00,受高空暖脊影响，河南省气象台预计，5月19日至21日，全省将出现持续晴热高温天气。全省大部连续3天最高气温在35℃以上，其中淮河以北部分县市37℃到39℃，北部...,"高温,河南省"
新冠阳性重回第一：为何儿童也会出现重症，这波流行要持续多久,https://news.sina.com.cn/c/2025-05-17/doc-inewvsei0297878.shtml,2025-05-17 10:49:00,换个话题，并非走错片场。4年博士，你们觉得可怕；8年博士，难道就安全了?不要五十步笑百步，学医这条道路，本就不应该有捷径，算上规培，最起码也得12年。为何会有8,新冠肺炎
可怕！引擎盖脱落 台华信航空航班空中突发故,https://news.sina.com.cn/c/2025-05-17/doc-inewvsec7678105.shtml,2025-05-17 10:22:00,据台视新闻报道，台湾华信航空16日从高雄飞往金门的航班，于早上7：30准时起飞后，发动机外罩“整片掀起”，在空中摇摇欲坠，连带机身跟着摇晃，飞机紧急返航...,高雄市
上市公司重大资产重组新规落地，提出多个“首次”,https://news.sina.com.cn/c/2025-05-17/doc-inewvsec7672143.shtml,2025-05-17 10:05:00,知道为啥跌了吗?五是鼓励私募基金参与上市公司并购重组。对私募基金投资期限与重组取得股份的锁定期实施“反向挂钩”，明确私募基金投资期限满48个月的，第三方交易中的,
民间打拐志愿者上官正义遭人身安全威胁，杭州公安已经立案,https://news.sina.com.cn/c/2025-05-17/doc-inewvsei0286733.shtml,2025-05-17 09:24:00,5月15日，民间打拐志愿者上官正义发微博称，有人对其进行人身安全威胁。之后，此事引发广泛关注。上官正义微博截图后续，他继续发微博，表示自己已向杭州余杭公安报警，,
《中国纪检监察报》、中央纪委国家监委网站｜,https://news.sina.com.cn/c/2025-05-18/doc-inewzawr1729764.shtml,2025-05-17 09:13:00,近日，贵州省贵阳市纪委监委选取违规吃喝典型案例，制作新媒体产品，以案明纪、以案释法，教育引导党员干部筑牢思想防线，并公布监督举报方式，方便群众监督和反映问题。,"中央纪委,中国纪检监察报,贵阳市"
寻迹中国｜外国博主“世界瑶都”初体验之感受多彩瑶族文化,https://news.sina.com.cn/c/2025-05-17/doc-inewvsec7655401.shtml,2025-05-17 09:09:00,广西壮族自治区来宾市所辖的金秀瑶族自治县位于桂中腹地，这里有5个瑶族支系，瑶族风情浓郁，素有“世界瑶都”的美誉。 近年来，金秀不断保护、发掘和传播‌瑶族文化...,
张自忠将军殉国85周年，他的外孙前来湖北宜城凭吊,https://news.sina.com.cn/c/2025-05-17/doc-inewvmwm0403066.shtml,2025-05-17 08:57:00,极目新闻记者 陈倩 2025年5月16日，是抗日名将张自忠将军殉国85周年的日子。张自忠将军的两位外孙车晴、车临、曾孙张雷等来到他牺牲的湖北宜城十里长山...,
篮球培训机构东方启明星突然停摆：总部大门紧闭,https://news.sina.com.cn/c/2025-05-17/doc-inewvmwn5456062.shtml,2025-05-17 08:54:00,近日，有网友在社交平台发布消息称，知名篮球培训机构东方启明星突然停摆，其总部办公地点大门紧闭，贴出了临时封闭办公场所的公告。,"启明星,东方市"
热搜第一！俞灏明凌晨官宣结婚,https://news.sina.com.cn/zx/2025-05-17/doc-inewvmwf7783413.shtml,2025-05-17 08:54:00,来源：经视直播 5月17日凌晨 知名男星俞灏明晒照官宣结婚！ 俞灏明在微博晒出钻戒和两人手拉钩的照片，并配文：“在感情里，我后悔过去的所有。,"俞灏明,王晓晨"
周波：谁最相信美国正在衰落？不是中国人，而是美国人自己,https://news.sina.com.cn/c/2025-05-17/doc-inewvsei0273206.shtml,2025-05-17 08:53:00,[翻译/李泽西 核译/刘松瑀] 《南德意志报》：周波，中国人民解放军退役大校，清华大学战略与安全研究中心研究员。周波于1979年入伍，在其新书《世界应该惧怕中国吗？,"周波,美国,特朗普"
南方多轮降水接踵而至 下周初北方高温发展河南陕西局地或达40℃,https://news.sina.com.cn/c/2025-05-17/doc-inewvsek5337353.shtml,2025-05-17 08:45:00,来源：央视网 央视网消息：据中国天气网消息，南方未来三天（5月17日至19日）降雨连连，部分地区有暴雨或大暴雨，并伴强对流天气。,"高温,陕西省,新疆"
立足职责压实城中村和危旧房改造责任,https://news.sina.com.cn/c/2025-05-17/doc-inewvmwf7780934.shtml,2025-05-17 08:41:00,城中村和危旧房改造关乎民生利益，是民心工程。各地纪检监察机关立足职能职责，统筹力量强化监督检查，督促责任单位、部门履职尽责，为改造工程顺利推进保驾护航。,纪检监察
习近平总书记关切事｜打牢社会治理的文化根基,https://news.sina.com.cn/c/xl/2025-05-17/doc-inewvmwn5452544.shtml,2025-05-17 08:40:00,文化滋养着社会治理的根系。习近平总书记强调，要加强历史文化保护，坚持创造性转化、创新性发展，在发展社会主义先进文化、弘扬革命文化、传承中华优秀传统文化上协同发力,
学习时节｜吃动平衡，全民行动！总书记心系人民健康,https://news.sina.com.cn/c/xl/2025-05-17/doc-inewvmwf7779670.shtml,2025-05-17 08:36:00,来源：南方网 人民健康事关全民福祉，是民族昌盛和国家强盛的重要标志。党的十八大以来，习近平总书记心系人民群众的健康，多次在讲话中提出要重视人民健康...,
2025年本市积分落户申报阶段结束 84797人提交申请,https://news.sina.com.cn/c/2025-05-17/doc-inewvsec7668891.shtml,2025-05-17 08:36:00,来源：央视网央视网消息：据北京人社官微消息，5月17日，北京市人社局发布消息，北京市2025年积分落户申报阶段自4月17日8时开始，已于5月16日20时结束。,北京市
航行警告：黄海海域有军事活动,https://news.sina.com.cn/c/2025-05-17/doc-inewvmwm0399580.shtml,2025-05-17 08:29:00,据中国海事局网站5月16日消息，山东威海海事局发布航行警告，5月17日至21日、22日至26日、27日至31日，黄海部分海域开展军事活动，注意避让。,"中国海事局,黄海,黄海海域"
英伟达研究中心，计划落子上海？,https://news.sina.com.cn/c/2025-05-17/doc-inewvmwf7775557.shtml,2025-05-17 08:21:00,1.英伟达计划在上海设立研究中心，以帮助公司在全球领先的人工智能处理器制造商在中国保持竞争力。2.由于美国出口管制收紧，英伟达在华销售额出现下滑，首席执行官黄仁,
航行警告：黄海海域有军事活动,https://news.sina.com.cn/c/2025-05-17/doc-inewvsef3506409.shtml,2025-05-17 08:21:00,来源：央视网央视网消息：据中国海事局网站消息，威海海事局发布航行警告，5月17日至21日、22日至26日、27日至31日，黄海部分海域开展军事活动，注意避让。,"黄海海域,中国海事局,黄海"
王阳明真迹以1.09亿人民币高价成交，这幅作品的艺术价值有多高？1亿元拍下算赚了吗？,https://news.sina.com.cn/c/2025-05-17/doc-inewvmwn5448239.shtml,2025-05-17 08:18:00,看价值，外行不懂不要紧，看拍卖行！这是因为拍卖行有客户圈层，也有审核标准，通常越大越贵越安全！在国际上，我们经常能见到三大拍卖行，即“佳士得、苏富比、嘉德”，而,
中国驻阿根廷使馆：别了，卡罗内,https://news.sina.com.cn/c/2025-05-17/doc-inewvmwm0396716.shtml,2025-05-17 08:14:00,据中国驻阿根廷使馆微信公众号5月17日消息，中国驻阿根廷使馆发言人就美国国务院拉美事务特使涉华错误言论发表谈话。 即将卸任的美国国务院拉美事务特使卡罗内日前关于中阿...,"阿根廷,中国,美国国务院"
全力以赴抓好“三夏”生产 坚决打好全年粮食生产第一仗,https://news.sina.com.cn/c/2025-05-17/doc-inewvmwm0393709.shtml,2025-05-17 07:50:00,5月16日，全省“三夏”生产暨夏粮收购秸秆禁烧工作电视电话会议召开，安排部署全省“三夏”生产、夏粮收购和秸秆禁烧工作。,"夏粮收购,河南省"
第二十二届中国（漯河）食品博览会开幕,https://news.sina.com.cn/c/2025-05-17/doc-inewvmwn5444404.shtml,2025-05-17 07:49:00,5月16日，第二十二届中国（漯河）食品博览会开幕式在漯河举行。 副省长李涛出席活动并宣布食博会开幕。 据悉，本届食博会以“世界眼光中国经典河南名品”为主题...,"漯河市,中国,食品"
黄杨钿甜父亲回应高价耳环“非正品”，称自己没违法，前单位发声,https://news.sina.com.cn/c/2025-05-17/doc-inewvmwm0392127.shtml,2025-05-17 07:42:00,来源：封面新闻 连日来，演员黄杨钿甜佩戴高价耳环的消息在网络上传播，多次登上热搜，引发关注。 5月16日下午，一位自称黄杨钿甜父亲的网友，在网络上发文称...,
大搞绿色恐怖难掩赖清德的失败,https://news.sina.com.cn/c/2025-05-17/doc-inewvmwf7769454.shtml,2025-05-17 07:35:00,赖清德上台即将满一年，民进党当局不仅没有任何改善台湾民生、促进两岸和平的意思，反而变本加厉制造“绿色恐怖”，用“赖清德17条”伤害两岸和平来往。,"赖清德,大陆,台湾省"
北京今天北风劲吹阵风8至9级 明天天气转阴或有雷阵雨上线,https://news.sina.com.cn/c/2025-05-17/doc-inewvsei0281898.shtml,2025-05-17 07:33:00,来源：央视网 央视网消息：据中国天气网消息，今天（5月17日），北京多云间晴，风力较大，阵风可达8、9级，大风黄色预警信号生效中，公众外出需注意防风。,"北京市,阵风,雷阵雨"
闲置智能设备里藏有大秘密！不当处理，隐患无穷！国家安全机关发布提示,https://news.sina.com.cn/c/2025-05-17/doc-inewvmwf7769724.shtml,2025-05-17 07:30:00,喜新还要恋旧——闲置智能设备需妥善处置 随着技术的不断进步，智能设备更新迭代速度越来越快，当升级更换设备时，如何处理旧智能设备成为大家面临的一个难题。,
我省全力打好夏粮机收“第一仗”,https://news.sina.com.cn/c/2025-05-17/doc-inewvmwf7767008.shtml,2025-05-17 07:25:00,“三夏”生产在即，5月16日，省农业农村厅印发《关于有力有效做好2025年“三夏”机械化生产工作的通知》，要求早谋划、快行动、强落实，全力打赢夏粮机收“第一仗”。,"农机,农业农村"
江苏安排专项支出6124万元 加强孤困学生教育保障,https://news.sina.com.cn/c/2025-05-17/doc-inewvmwm0389890.shtml,2025-05-17 07:24:00,近日，省财政安排专项支出6124万元，用于全省孤困学生教育收费减免，保障其平等接受教育的权利。此政策将惠及全省1.5万余名孤困学生。,江苏省
我省将全面完成生物多样性本底调查,https://news.sina.com.cn/c/2025-05-17/doc-inewvmwn5440345.shtml,2025-05-17 07:24:00,5月16日，2025年环太湖“昆蒙框架”实施联盟暨江苏省“5·22国际生物多样性日”主题宣传活动在溧阳举行。记者从活动上获悉，2017年我省在全国率先开展以县域为单元的生物多样性...,"江苏省,生态环境"
“战斗到最后一刻！” 今晚CBA总决赛第五场 北京北汽队已无退路,https://news.sina.com.cn/c/2025-05-17/doc-inewvmwm0390058.shtml,2025-05-17 07:23:00,今晚7时35分，2024-2025CBA总决赛即将在杭州黄龙体育中心体育馆打响第五场比赛。大比分1比3落后的北京北汽队已经没有退路，输球，就将见证CBA新冠军诞生；赢球...,"北京,总决赛,CBA总决赛"
广东汕头通报“英之园”违建被责令拆除 依法追究刑事责任,https://news.sina.com.cn/c/2025-05-17/doc-inewvmwm0393648.shtml,2025-05-17 07:23:00,16日，微信公众号“潮阳发布”就“英之园”将强拆发布情况通报。 近日，汕头市潮阳区发布“英之园”违法建筑物《强制拆除公告》一事引发社会关注。,"广东省,汕头市"
美媒：中国首家AI医院，一个里程碑事件,https://news.sina.com.cn/c/2025-05-17/doc-inewvmwm0389428.shtml,2025-05-17 07:20:00,美国《每日银河》杂志5月15日文章，原题：中国首家完全由42名人工智能医生运营的医院震惊世界人工智能（AI）在医疗领域持续取得重大进展，中国最近公布一项突破性进,
大风蓝色预警：京津冀等10省区市有5至6级风 阵风可达7至8级,https://news.sina.com.cn/c/2025-05-17/doc-inewvsef3507322.shtml,2025-05-17 07:12:00,来源：央视网 央视网消息：中央气象台5月17日06时继续发布大风蓝色预警，预计，5月17日08时至18日08时，内蒙古中东部、河北大部、北京、天津、辽宁中西部、山东...,"大风,阵风,辽宁省"
首次公布！我国空间站内发现微生物新物种,https://news.sina.com.cn/c/2025-05-17/doc-inewvmwi3611359.shtml,2025-05-17 06:53:00,近日，科研人员首次公布在我国空间站发现的一个微生物新物种，并将其命名为“天宫尼尔菌（Niallia tiangongensis）”，相关科研成果在线发表于国际权威期刊《International...,"微生物,尼尔,空间站"
大雾黄色预警：浙江安徽江西等8省市有大雾 局地有强浓雾,https://news.sina.com.cn/c/2025-05-17/doc-inewvsek5337523.shtml,2025-05-17 06:38:00,来源：央视网 央视网消息：中央气象台5月17日06时继续发布大雾黄色预警，预计，17日早上至中午，东海西部海域、江苏东部沿岸海域、浙江沿岸海域、长江口及杭州湾附近海域...,"大雾,安徽省,浙江省"
美企急电：快取消越南、印尼订单，转回中国,https://news.sina.com.cn/c/2025-05-17/doc-inewueca6099794.shtml,2025-05-17 05:17:00,[文/观察者网 齐倩]中美贸易紧张局势取得突破，中国工厂和港口随即活跃，两国企业都急于充分利用这一来之不易的“休战期”展开经贸往来。,"关税,美国,印尼"
从惶恐、焦虑到“鸡血打满”！广东老板讲述关税战下的40天：“这一次，规则就不全由美国人定了！”,https://news.sina.com.cn/c/2025-05-17/doc-inewvmwf7771591.shtml,2025-05-17 00:48:00,“关税一降，美国客户（似乎）都开始报复性消费，今晚大家灯火通明加班，让我想到了前几年（美国人）囤卫生纸的样子，仿佛雷达不要钱似的⋯⋯”5月12日晚上9点多，中国,
官方通报广州10亿违建豪宅：严肃追责,https://news.sina.com.cn/c/2025-05-16/doc-inewuqsr8240251.shtml,2025-05-16 23:11:00,据汕头市潮阳区人民政府通报：近日，我区发布“英之园”违法建筑物《强制拆除公告》一事引发社会关注。现将有关情况通报如下：,广州市
主播说联播丨习近平签发的这张毕业证，背后是暖心故事,https://news.sina.com.cn/c/xl/2025-05-17/doc-inewvmwi3625909.shtml,2025-05-16 23:10:00,再过两天，就是第三十五个全国助残日，习近平总书记向全国广大残疾人及其亲属、残疾人工作者致以问候。点击视频↓↓↓FlashPlayer插件未安装安装插件，如果已经,
流失美国79载 国宝文物子弹库帛书二、三卷回归祖国,https://news.sina.com.cn/zx/2025-05-16/doc-inewuqsv0864606.shtml,2025-05-16 22:52:00,FlashPlayer插件未安装安装插件，如果已经安装请检查是否被禁用undefinedundefined当地时间5月16日，国家文物局在中国驻美国大使馆，成功,
多个“首次”！上市公司重大资产重组新规落地,https://news.sina.com.cn/c/2025-05-16/doc-inewukkx0973768.shtml,2025-05-16 21:11:00,5月16日，中国证监会正式对外公布实施修订后的《上市公司重大资产重组管理办法》，在简化审核程序、创新交易工具、提升监管包容度等方面作出优化。修订后的重组办法创多,
证监会：鼓励私募基金参与上市公司并购重组,https://news.sina.com.cn/c/2025-05-16/doc-inewukkx0972602.shtml,2025-05-16 21:06:00,证监会发布《关于修改〈上市公司重大资产重组管理办法〉的决定》。鼓励私募基金参与上市公司并购重组。对私募基金投资期限与重组取得股份的锁定期实施“反向挂钩”，明确私,
首个！中央指导组组长、副组长到会，省委书记、省长现场听问题,https://news.sina.com.cn/c/2025-05-16/doc-inewukkt8348047.shtml,2025-05-16 20:16:00,撰文丨余晖近期，深入贯彻中央八项规定精神学习教育中央指导组正在相关地方和单位开展工作。5月15日，青海全省开门教育和社会监督工作座谈会在西宁召开。中央第一指导组,
2025年“5·18国际博物馆日”安徽省主会场活动邀您共创美好未来,https://news.sina.com.cn/c/2025-05-16/doc-inewukkv4186850.shtml,2025-05-16 20:15:00,来源：央视网央视网消息：5月15至16日，2025年“5·18国际博物馆日”安徽省主会场活动暨凌家滩遗址博物馆开馆试运营活动在凌家滩国家考古遗址公园成功举办。,安徽省
这位欧洲企业家，收到了习近平主席的回信！,https://news.sina.com.cn/c/xl/2025-05-16/doc-inewukkt8325698.shtml,2025-05-16 19:59:00,“李曦萌先生：很高兴收到你和中国丹麦商会的来信。从来信中，感受到你对中国的深厚感情和丹麦在华企业对中国未来发展的信心，我对此表示赞赏……”,
【央视快评】勇敢克服困难挑战 积极追求人生梦想,https://news.sina.com.cn/c/xl/2025-05-16/doc-inewukkt8325753.shtml,2025-05-16 19:58:00,“残疾人是推进中国式现代化的重要力量，也是需要格外关心、格外关注的特殊困难群体。”5月16日，第七次全国自强模范暨助残先进表彰大会在京召开...,
习近平就乌拉圭前总统穆希卡逝世向乌拉圭总统奥尔西致唁电,https://news.sina.com.cn/c/xl/2025-05-16/doc-inewukkt8325558.shtml,2025-05-16 19:58:00,新华社北京5月16日电 5月16日，国家主席习近平就乌拉圭前总统穆希卡不幸逝世向乌拉圭总统奥尔西致唁电，代表中国政府和中国人民表示深切哀悼...,
一季度末，我国银行业金融机构本外币资产总额458.3万亿元 同比增长6.7%,https://news.sina.com.cn/c/2025-05-16/doc-inewukkv4176846.shtml,2025-05-16 19:14:00,来源：央视网央视网消息：国家金融监督管理总局公布2025年一季度银行业保险业主要监管指标数据情况。一、银行业和保险业总资产保持增长2025年一季度末...,"商业银行,央视网,保险业"
央企智库赋能探索首都民族乡乡村振兴产业发展新路径,https://news.sina.com.cn/c/2025-05-16/doc-inewueax4297091.shtml,2025-05-16 19:00:00,5月14日，中节能生态产品发展研究中心组织相关专家赴北京市怀柔区喇叭沟门乡调研座谈。中国农业大学原校长柯炳生、北京市怀柔区副区长夏文佳等人出席座谈会...,"北京市,乡村振兴"
蓝天立落马，广西壮族自治区党委：没有免罪“丹书铁券”，也没有“铁帽子王”,https://news.sina.com.cn/c/2025-05-16/doc-inewueax4296693.shtml,2025-05-16 18:54:00,编辑丨董鑫据《广西日报》报道，5月16日，广西壮族自治区党委常委会召开扩大会议，通报蓝天立涉嫌严重违纪违法，目前正接受中央纪委国家监委纪律审查和监察调查。与会同,
视频来了！北京这些地方已下冰雹,https://news.sina.com.cn/c/2025-05-16/doc-inewueax4294494.shtml,2025-05-16 18:46:00,据@气象北京：现在北部回波较强，山区阵风7、8级，延庆佛爷顶、香营乡政府等局地已出现冰雹。延庆佛爷顶下冰雹了。拍摄者吴蕾怀柔琉璃庙东峪村已出现冰雹，请注意防范！,
金价跳水，95后姑娘亏掉两个月工资：已老实！投资者“疯狂”抛售，回购处大排长龙！还要不要抄底？专家说……,https://news.sina.com.cn/c/2025-05-17/doc-inewueaz1065940.shtml,2025-05-16 18:26:00,在持续保持一段时间的历史高位后，金价连续踩下“急刹车”。 在最近8个交易日，有5天金价下跌，其中5月7日跌1.93%，5月8日跌1.74%，5月12日跌2.73%，5月14日跌2.23%。,"金价,黄金"
江苏省委常委、苏州市委书记刘小涛任江苏省委副书记,https://news.sina.com.cn/c/2025-05-16/doc-inewueaz1057347.shtml,2025-05-16 18:08:00,广西壮族自治区政府主席蓝天立任上被查,
北京市面向无车家庭再次增发2万个新能源小客车指标,https://news.sina.com.cn/c/2025-05-16/doc-inewueax4289207.shtml,2025-05-16 17:57:00,来源：央视网央视网消息：据“北京交通”公众号消息，为更好满足无车家庭用车需求，北京市在定向增发4万个新能源小客车指标的基础上，再次增发2万个新能源小客车指标...,"北京市,新能源,客车"
气象干旱黄色预警继续：陕西西南部、河南西部、甘肃东部等地特旱,https://news.sina.com.cn/c/2025-05-16/doc-inewueca6092548.shtml,2025-05-16 17:47:00,来源：央视网央视网消息：中央气象台5月16日18时继续发布气象干旱黄色预警：据实时气象干旱监测，陕西、河南、甘肃等省份存在重度及以上气象干旱，其中，陕西西南部...,"甘肃省,陕西省,河南省"
自然资源部与中国气象局联合发布地质灾害气象风险预警,https://news.sina.com.cn/c/2025-05-16/doc-inewueaz1055865.shtml,2025-05-16 17:47:00,来源：央视网央视网消息：自然资源部与中国气象局5月16日18时联合发布地质灾害气象风险预警：预计，5月16日20时至17日20时，广西北部...,黄色预警
河南省气象台发布大风蓝色预警,https://news.sina.com.cn/c/2025-05-16/doc-inewueca6084623.shtml,2025-05-16 17:40:00,河南省气象台2025年5月16日17时30分发布大风蓝色预警：受冷空气影响，预计5月16日20时至5月17日20时，全省西南风3到4级转西北风或偏北风4到5级，阵风6到7级...,"河南省,大风,气象台"
司法部关于规范涉企行政执法专项行动有关问题解答,https://news.sina.com.cn/c/2025-05-16/doc-inewueav8414864.shtml,2025-05-16 17:39:00,来源：央视网央视网消息：司法部发布关于规范涉企行政执法专项行动有关问题解答。一、为什么要开展规范涉企行政执法专项行动？答：开展规范涉企行政执法专项行动是党中央...,"司法部,国务院"
冰雹、雷雨、大风，5月北京多强对流天气是否罕见？,https://news.sina.com.cn/o/2025-05-16/doc-inewueax4272804.shtml,2025-05-16 17:37:00,自5月1日以来，北京发布全市范围雷电预警4次、大风预警3次、冰雹预警2次。目前，北京处于雷电橙色，大风、冰雹黄色预警中。5月13日，北京出现了明显的强对流天气...,"强对流,大风,北京市"
感染新冠患者近期增多，中疾控公布最新数据！医生：这三类人群是高风险→,https://news.sina.com.cn/c/2025-05-17/doc-inewvmwi3627042.shtml,2025-05-16 17:34:00,又阳了？这段时间，不少网友在社交媒体上晒出“两道杠”的截图。中国疾控中心5月8日发布的监测数据显示，监测期内（3月31日—5月4日）急诊流感样病例中新冠阳性率由,新冠肺炎
正部级“老虎”！蓝天立任上被查，最后一次公开露面是5天前,https://news.sina.com.cn/c/2025-05-16/doc-inewueaz1042795.shtml,2025-05-16 17:16:00,编辑丨余晖董鑫据中央纪委国家监委5月16日消息，广西壮族自治区党委副书记、自治区政府主席蓝天立涉嫌严重违纪违法，目前正接受中央纪委国家监委纪律审查和监察调查。蓝,
广西壮族自治区党委副书记、自治区政府主席蓝天立，被查,https://news.sina.com.cn/o/2025-05-16/doc-inewueax4258554.shtml,2025-05-16 17:06:00,中央纪委国家监委网站5月16日消息，广西壮族自治区党委副书记、自治区政府主席蓝天立涉嫌严重违纪违法，目前正接受中央纪委国家监委纪律审查和监察调查。,"广西壮族自治区,自治区政府,党委副书记"
受贿1.29亿余元 黑龙江省原副省长王一新被判无期,https://news.sina.com.cn/o/2025-05-16/doc-inewtxve6199516.shtml,2025-05-16 17:01:00,2025年5月16日，山东省菏泽市中级人民法院一审公开宣判黑龙江省委原常委，省政府原党组副书记、副省长王一新受贿一案，对被告人王一新以受贿罪判处无期徒刑...,"王一新,黑龙江省,菏泽市"
广西壮族自治区党委副书记、自治区政府主席蓝天立接受审查调查,https://news.sina.com.cn/c/2025-05-16/doc-inewtxux8525381.shtml,2025-05-16 17:00:00,广西壮族自治区党委副书记、自治区政府主席蓝天立涉嫌严重违纪违法，目前正接受中央纪委国家监委纪律审查和监察调查。（总台央视记者宋琎）©2025中央广播电视总台版权,
北京交警提示：请市民选择合法停车位置避雨,https://news.sina.com.cn/c/2025-05-16/doc-inewtxve6192907.shtml,2025-05-16 16:47:00,5月13日晚，北京迎来了一场较强烈的冰雹天气过程，不少车辆因此受损。有部分行驶在路上的车辆为了躲避冰雹，违停在三环、四环的主路桥下避险，导致后方拥堵严重。根据《,
打好政策“组合拳”，河南定下“4920亿元”目标！,https://news.sina.com.cn/c/2025-05-16/doc-inewtxvc1146508.shtml,2025-05-16 16:07:00,开工建设焦济洛平高铁等项目、做好商丘机场等项目开工准备、加快郑州南站等项目用地手续办理……日前，河南省人民政府办公厅印发《加力推动基础设施投资回升向好若干措施》（...,"基础设施,河南省,郑州市"
共建中拉网络空间命运共同体，多国部长这样说,https://news.sina.com.cn/c/2025-05-16/doc-inewtxux8500752.shtml,2025-05-16 16:01:00,来源：央视网 5月15日上午，以“共享数字发展新机遇 共建中拉网络空间命运共同体”为主题的中拉互联网发展与合作论坛在西安开幕。论坛上...,"数字经济,秘鲁"
2025年4月贵州省查处群众身边腐败和作风问题1119起,https://news.sina.com.cn/c/2025-05-16/doc-inewtxux8508948.shtml,2025-05-16 16:00:00,2025年4月贵州省查处群众身边腐败和作风问题1119起(截至2025年4月30日)2025年以来，截至4月30日，全省查处群众身边腐败和作风问题情况如下：,"贵州省,腐败"
国家统计局公布2024年城镇单位就业人员年平均工资情况,https://news.sina.com.cn/c/2025-05-16/doc-inewtxuz4371772.shtml,2025-05-16 16:00:00,来源：央视网央视网消息：国家统计局公布2024年城镇单位就业人员年平均工资情况。2024年全国城镇非私营单位和私营单位就业人员年平均工资分别为124110元和69476元；规模以...,"就业,国家统计局"
学习问答·加强党的作风建设⑬领导干部该如何做到立政德？,https://news.sina.com.cn/c/2025-05-16/doc-inewtxve6171898.shtml,2025-05-16 15:45:00,来源：中央纪委国家监委网站,"领导干部,作风建设,中央纪委"
王东明会见上合组织工会领导人,https://news.sina.com.cn/o/2025-05-16/doc-inewtxux8487609.shtml,2025-05-16 15:36:00,新华社北京5月16日电 5月16日，全国人大常委会副委员长、中华全国总工会主席王东明在京会见出席上合组织工会领导人会议的各国工会主要代表，彼此就深化团结合作...,"王东明,上合组织,新华社"
【走进新国企——品牌引领·智链未来】中央企业智能制造引领产业提质升级,https://news.sina.com.cn/c/2025-05-16/doc-inewtxux8486621.shtml,2025-05-16 15:36:00,5月10日至13日，在第九个“中国品牌日”之际，国务院国资委新闻中心主办的“走进新国企——品牌引领·智链未来”活动，组织新华社、科技日报...,"国务院国资委,南水北调,东方电气"
11名央企领导职务调整,https://news.sina.com.cn/o/2025-05-16/doc-inewtxve6159902.shtml,2025-05-16 15:35:00,5月16日，国务院国资委网站发布10户中央企业11名领导人员职务任免。  中国物流集团有限公司、中国电气装备集团有限公司 徐鸿任中国物流集团有限公司党委副书记、董事...,"国务院国资委,党委副书记,退休"
国家邮政局：4月邮政行业业务收入完成1447.2亿元，同比增长9.5%,https://news.sina.com.cn/c/2025-05-16/doc-inewtxve6162968.shtml,2025-05-16 15:28:00,来源：央视网央视网消息：国家邮政局公布2025年4月邮政行业运行情况。4月份，邮政行业业务收入（不包括邮政储蓄银行直接营业收入）完成1447.2亿元，同比增长9.5%。,"邮政行业,国家邮政局,央视网"
贵州仁怀就“正新鸡排食品安全问题”通报：已对现场同类产品进行封存并送检,https://news.sina.com.cn/c/2025-05-16/doc-inewtxvc1132365.shtml,2025-05-16 15:23:00,来源：央视网央视网消息：贵州仁怀市市场监督管理局通报，5月16日，网上出现关于“正新鸡排鸡腿里面全是蛆”的视频，引发网民关注。,"贵州省,仁怀市"
收评：沪指震荡调整跌0.4% 多只高位股持续获资金追捧,https://news.sina.com.cn/c/2025-05-16/doc-inewtxux8466930.shtml,2025-05-16 15:04:00,财联社5月16日电，市场全天震荡调整，三大指数小幅下跌。沪深两市全天成交额1.09万亿，较上个交易日缩量629亿。高位股持续获资金追捧，渝三峡A等多股涨停。盘面,
甘肃省建设投资（控股）集团有限公司党委副书记、总经理、董事束水龙接受纪律审查和监察调查,https://news.sina.com.cn/c/2025-05-16/doc-inewtxve6147852.shtml,2025-05-16 15:00:00,甘肃省建设投资（控股）集团有限公司党委副书记、总经理、董事束水龙涉嫌严重违纪违法，目前正接受甘肃省纪委监委纪律审查和监察调查。,"甘肃省,党委副书记"
西安下周热到44℃？市气象局：19-21日迎40℃以上高温，具体数值会有差异,https://news.sina.com.cn/c/2025-05-16/doc-inewtxuz4331741.shtml,2025-05-16 14:54:00,近日，“西安下周最高温将迎来44℃”的消息在当地网友间传开。红星新闻记者注意到，根据陕西气象官方微博16日上午发布的未来七天预报，5月20日西安气温预计为20-44℃...,"高温,西安市,陕西省"
10户中央企业11名领导人员职务任免,https://news.sina.com.cn/c/2025-05-16/doc-inewttpc4454936.shtml,2025-05-16 14:48:00,中国物流集团有限公司、中国电气装备集团有限公司徐鸿任中国物流集团有限公司党委副书记、董事，提名为中国物流集团有限公司总经理人选；免去其中国电气装备集团有限公司党...,"党委副书记,电气,退休"
国家邮政局：今年4月中国快递发展指数为443.2，同比提升6.5%,https://news.sina.com.cn/c/2025-05-16/doc-inewtxvc1100562.shtml,2025-05-16 14:29:00,来源：央视网央视网消息：据国家邮政局，经测算，2025年4月中国快递发展指数为443.2，同比提升6.5%。其中发展规模指数、服务质量指数...,"快递企业,国家邮政局,快递"
北京市发布冰雹大风黄色预警，市教委提示：中小学停止户外活动,https://news.sina.com.cn/c/2025-05-16/doc-inewtxuz4333104.shtml,2025-05-16 14:25:00,来源：央视网央视网消息：据“首都教育”公众号消息，北京市气象台已发布雷电橙色、冰雹黄色、大风黄色预警信号。预计16日15时至23时，北京市自西向东有雷阵雨天气...,"北京市,冰雹,大风"
北京市发布冰雹大风黄色预警，市教委提示：中小学停止户外活动,https://news.sina.com.cn/c/2025-05-16/doc-inewttnz8584390.shtml,2025-05-16 14:24:00,“首都教育”微信公众号消息，北京市气象台已发布雷电橙色、冰雹黄色、大风黄色预警信号。预计16日15时至23时，北京市自西向东有雷阵雨天气，局地短时雨强较大，并伴,
工信部：一季度我国数字产业实现业务收入8.5万亿元 同比增长9.4%,https://news.sina.com.cn/c/2025-05-16/doc-inewtxvc1101782.shtml,2025-05-16 14:19:00,来源：央视网央视网消息：工信部5月16日发布2025年一季度数字产业运行情况。一季度，我国数字产业实现良好开局，主要指标增速加快，创新成果加速涌现，新兴动能不断增强...,"工信部,数字产业,制造业"
关于参评第三十五届中国新闻奖自荐（他荐）作品公示,https://news.sina.com.cn/c/2025-05-16/doc-inewttph6253435.shtml,2025-05-16 14:14:00,来源：央视网根据《中国新闻奖评选办法》和《第35届中国新闻奖参评作品报送通知》，中央广播电视总台新闻中心制作播发的《足球领域系列腐败案》拟通过自荐（他荐）参评第35...,"中国,广播电视总台"
侵害孩子者，必严惩不贷！3名性侵害未成年人罪犯今日执行死刑,https://news.sina.com.cn/c/2025-05-16/doc-inewttph6247033.shtml,2025-05-16 14:00:00,5月16日，经最高人民法院核准，强奸未成年人的罪犯赵某、王某某、陈某某被依法执行死刑。 罪犯赵某利用“教员”身份 多次强奸8名未成年女性 2018年4月至2019年3月...,
银行“本人到场”引争议！六旬老人银行取款当场去世，谁的过错？,https://news.sina.com.cn/c/2025-05-16/doc-inewttpf1213481.shtml,2025-05-16 13:53:00,近年来，银行“本人到场”规定引发一些社会争议。银行作为服务性机构，在执行规定的同时，更应兼顾人性化考量。如何在保障业务合规的前提下，为特殊群体提供更周全的服务，,
20多年来最差财年，亏损326亿元的日产汽车背水一战,https://news.sina.com.cn/o/2025-05-16/doc-inewttpf1211537.shtml,2025-05-16 13:44:00,汽车行业转型浪潮中，日产汽车正面临至暗危机。 最新公布的2024财年（2024年4月1日-2025年3月31日）业绩可以用“惨谈”来形容：净亏损达6708亿日元（约为326亿元）...,"日产汽车,日产,埃斯皮诺萨"
曾“分家”的三个广东城市，要抱团了,https://news.sina.com.cn/c/2025-05-16/doc-inewttph6244181.shtml,2025-05-16 13:41:00,来源：中国新闻周刊 协调机制很重要 有三个广东城市，要“抱团”了。 最近，汕头、潮州、揭阳三市主要领导齐聚汕头，召开汕潮揭都市圈第一次联席会议。,"汕头市,广东省,潮州市"
央行开展1065亿元7天期逆回购操作,https://news.sina.com.cn/c/2025-05-16/doc-inewttph6239002.shtml,2025-05-16 13:32:00,据中国人民银行官网消息，2025年5月16日中国人民银行以固定利率、数量招标方式开展了1065亿元逆回购操作。具体情况如下：,
时政微观察丨团结就是力量，合作才能共赢,https://news.sina.com.cn/c/xl/2025-05-17/doc-inewvmwi3625923.shtml,2025-05-16 13:20:00,当前，世界百年变局加速演进，多重风险交织叠加。5月13日，在中国—拉美和加勒比国家共同体论坛第四届部长级会议开幕式上，习近平主席坚定指出，各国唯有团结协作，才能,
火车穿村致人身亡事发铁路已在加装护栏，村民：安了一二百米长，一两米高,https://news.sina.com.cn/c/2025-05-16/doc-inewttnz8553457.shtml,2025-05-16 12:51:00,极目新闻记者 丁伟 据媒体报道，2025年4月6日，湖南省张家界市永定区宋家湾村发生一起火车撞人事故，一名15岁的残障留守女孩殒命于从村里经过的焦柳线铁轨上。,
本土品牌崛起加剧市场竞争，星巴克或出售部分在华业务,https://news.sina.com.cn/c/2025-05-16/doc-inewttnz8558603.shtml,2025-05-16 12:51:00,来源：参考消息 参考消息网5月16日报道据彭博新闻社网站5月15日报道，知情人士透露，星巴克正考虑在中国的发展前景，包括出售股权等...,
韩正会见美国景顺集团董事会主席瓦格纳,https://news.sina.com.cn/o/2025-05-16/doc-inewttpf1197178.shtml,2025-05-16 12:41:00,新华社北京5月16日电 5月16日，国家副主席韩正在北京会见美国景顺集团董事会主席瓦格纳。韩正表示，中美之间拥有广泛共同利益和广阔合作空间。,"韩正,瓦格纳,资本市场"
北京将再现8到10级雷暴大风和冰雹天气 周五晚高峰将受影响,https://news.sina.com.cn/c/2025-05-16/doc-inewtpff4549116.shtml,2025-05-16 12:25:00,注意！今天下午到夜间，北京又将迎来雷雨、大风、冰雹等强对流天气，影响时段将覆盖周五晚高峰，注意出行安全。据北京市气象台最新气象资料研判，16日15时至23时北京,
国家药监局：对盐酸雷尼替丁注射制剂说明书内容进行统一修订,https://news.sina.com.cn/c/2025-05-16/doc-inewtpfi1315546.shtml,2025-05-16 11:49:00,来源：央视网央视网消息：国家药监局发布关于修订盐酸雷尼替丁注射制剂说明书的公告（2025年第49号）。根据药品不良反应评估结果，为进一步保障公众用药安全...,"国家药监局,统一,许可"
女排朱婷妹妹被保送浙大受质疑，校方：录取审核时不知其身份,https://news.sina.com.cn/c/2025-05-16/doc-inewttph6222992.shtml,2025-05-16 11:42:00,【#女排朱婷妹妹被保送浙大受质疑#，校方：录取审核时不知其身份】#浙大称录取审核朱婷妹妹时不知其身份#近日，多名网友发文称，国家体育总局于近期公布的《体育总局科,
2025年4月贵州省查处违反中央八项规定精神问题401起,https://news.sina.com.cn/c/2025-05-16/doc-inewtpfc8664582.shtml,2025-05-16 11:40:00,2025年4月贵州省查处违反中央八项规定精神问题统计表(截至2025年4月30日)2025年4月，全省查处违反中央八项规定精神问题情况如下：,贵州省
小米汽车机盖门陷谈判僵局，车主代表称小米表示“退订会造成崩塌”,https://news.sina.com.cn/c/2025-05-16/doc-inewtpfc8663079.shtml,2025-05-16 11:39:00,近期，小米集团旗下首款汽车产品小米SU7 Ultra“挖孔版”前舱盖因涉嫌虚假宣传引发的车主维权事件持续发酵。最新消息显示，车主代表与小米汽车高层进行了数小时谈判...,"小米,小米集团"
云南盈江发生4.5级地震 云南省地震局：暂无人员伤亡，个别房屋出现墙体细微裂缝,https://news.sina.com.cn/c/2025-05-16/doc-inewtpff4541024.shtml,2025-05-16 11:37:00,来源：央视网央视网消息：据中国地震台网正式测定，5月16日9时在云南德宏州盈江县发生4.5级地震，震源深度10千米，震中位于北纬25.12度，东经98.13度。,"地震,地震局,云南省"
云南盈江发生4.5级地震，地震局：暂无人员伤亡，个别房屋出现墙体细微裂缝,https://news.sina.com.cn/c/2025-05-16/doc-inewtpfc8662330.shtml,2025-05-16 11:36:00,据中国地震台网正式测定，5月16日9时在云南德宏州盈江县发生4.5级地震，震源深度10千米，震中位于北纬25.12度，东经98.13度。震中距腾冲市38公里、距,
端午假期火车票今起开售 购票技巧请查收→,https://news.sina.com.cn/c/2025-05-16/doc-inewtpfc8660957.shtml,2025-05-16 11:35:00,记者今天从国铁集团了解到，铁路端午假期运输自5月30日启动，至6月3日，共5天时间，预计客流最高峰为5月31日。假期运输首日火车票今天（16日）开始发售。,
A股午评：上证指数跌0.52%，深证成指涨0.08%，PEEK材料、机器人概念股集体走高,https://news.sina.com.cn/c/2025-05-16/doc-inewtpfc8662071.shtml,2025-05-16 11:34:00,5月16日，A股三大指数早盘涨跌不一，截至午间收盘，上证指数跌0.52%，深证成指涨0.08%，创业板指涨0.16%；北证50涨0.6%。沪深两市成交额约6657.51亿元...,
赵心童再感谢丁俊晖：鼓励我为国争光，他为中国斯诺克付出最多,https://news.sina.com.cn/c/2025-05-16/doc-inewtpfk6332797.shtml,2025-05-16 11:29:00,来源：九派新闻  5月16日，据央视体育消息，赵心童世锦赛夺冠后，丁俊晖发文祝贺。对此，赵心童说：“晖哥人特别好，在我决赛前就给我发短信，鼓励我为国争光。,
铁路端午假期运输火车票今起开售！,https://news.sina.com.cn/c/2025-05-16/doc-inewtpfc8655776.shtml,2025-05-16 11:01:00,来源：央视网央视网消息：据“中国铁路”公众号消息，铁路端午假期运输自5月30日至6月3日，为期5天，预计客流最高峰为5月31日，假期运输首日火车票今日开始发售。,"旅客,火车票,铁路"
揭短亮丑！海南全省集中整治领导干部家教家风等问题,https://news.sina.com.cn/c/2025-05-16/doc-inewtpfk6332766.shtml,2025-05-16 10:46:00,来源：政知见 据《海南日报》报道，5月15日，海南省深入贯彻中央八项规定精神学习教育集中整治动员部署会在海口召开。 海南省委书记冯飞讲话，省委副书记...,
中国防长董军，在柏林提出6点主张,https://news.sina.com.cn/c/2025-05-16/doc-inewtxvc1110424.shtml,2025-05-16 10:44:00,据新华社报道，国防部长董军14日在德国柏林举行的第六届联合国维和部长级会议上作大会发言。董军说，联合国维和行动为罹受战乱之苦的人们带来和平希望。中国坚定不移推动,
雷军最新演讲：汽车事故对小米打击如此之大，不再有新手保护期,https://news.sina.com.cn/c/2025-05-16/doc-inewtpfi1288691.shtml,2025-05-16 10:30:00,5月15日晚，有消息称，雷军在小米价值观大赛后面向所有小米员工发表了最新演讲，内容涉及此前备受外界关注的小米SU7事故，以及自研手机SoC芯片玄戒O1的相关消息。,
“刘德华”没交城乡医保？不交医保就“挂榜示众”，官方回应,https://news.sina.com.cn/c/2025-05-16/doc-inewtpfk6310758.shtml,2025-05-16 10:25:00,来源：经视直播  5月15日，据媒体报道，在云南省曲靖市罗平县罗雄街道，多名未缴纳医疗保险人员名单被公示，名单中还出现了一位名为“刘德华”的居民。,
一季度营收创新高却加速合并，吉利汽车行政总裁桂生悦：时间不等人,https://news.sina.com.cn/c/2025-05-16/doc-inewtpfk6304242.shtml,2025-05-16 10:23:00,[文/观察者网 张家栋 编辑/高莘] 5月15日，吉利汽车控股有限公司（以下简称吉利汽车）正式发布2025年一季度财报。吉利汽车2025年一季度财报 吉利汽车财报截图 财报显示...,"吉利汽车,吉利,极氪"
大力提升自主创新能力、建立穿透式监管系统，国资委圈定多项改革任务,https://news.sina.com.cn/c/2025-05-16/doc-inewtpfc8639149.shtml,2025-05-16 10:19:00,据国务院国资委官网周五发布消息，国资委全面深化改革领导小组日前召开2025年第一次全体会议，研究进一步深化国资国企改革的方案。,
贵州省委军民融合发展委员会办公室副主任李刚接受审查调查,https://news.sina.com.cn/c/2025-05-16/doc-inewthxi4629305.shtml,2025-05-16 10:06:00,中央纪委国家监委网站5月16日通报，据贵州省纪委监委消息：贵州省委军民融合发展委员会办公室副主任、省国防科技工业办公室主任李刚涉嫌严重违纪违法...,
贵州省委军民融合发展委员会办公室副主任李刚接受审查调查,https://news.sina.com.cn/c/2025-05-16/doc-inewthxn6429077.shtml,2025-05-16 10:05:00,来源：央视网央视网消息：中央纪委国家监委网站5月16日通报，据贵州省纪委监委消息：贵州省委军民融合发展委员会办公室副主任、省国防科技工业办公室主任李刚涉嫌严重违纪...,"李玉刚,中央纪委,严重违纪"
我国城市规划“全面体检”套餐出台,https://news.sina.com.cn/c/2025-05-16/doc-inewthxm1403513.shtml,2025-05-16 10:04:00,2025版《国土空间规划城市体检评估规程》5月16日正式发布。这一新版城市“全面体检”套餐更突出以人民为中心，进一步强化规划适应性。,
警惕强对流天气！今天河南多地雨雨雨,https://news.sina.com.cn/c/2025-05-16/doc-inewthxm1403658.shtml,2025-05-16 10:03:00,5月16日6时，中央气象台发布大风蓝色预警、强对流天气蓝色预警、大雾黄色预警。中央气象台5月16日6时继续发布大雾黄色预警 预计，5月16日白天至夜间，渤海海峡...,"阵风,大风,多云"
“朱雀玄武敕令”改名为“周乔治华盛顿”,https://news.sina.com.cn/c/2025-05-16/doc-inewthxf8752219.shtml,2025-05-16 10:00:00,据@三湘都市报 报道，5月15日，“朱雀玄武敕令”发帖称已经成功改名为“周乔治华盛顿”。 15日晚，改名的湖南小伙介绍，5月15日早上接到县里户籍署工作人员通知...,"保罗·乔治,华盛顿,湖南省"
新冠再来袭 专家提醒：当前正处于小波峰,https://news.sina.com.cn/c/2025-05-16/doc-inewttpc4449690.shtml,2025-05-16 09:50:00,根据中国疾控中心数据，监测期内，新冠阳性率均列南北方省份门急诊流感样病例的首位。住院严重急性呼吸道感染病例中，新冠阳性率为南方省份第二位，北方省份第三位。作者：,新冠肺炎
S妈透露汪小菲明天结婚，喊话善待孩子：没经同意，近在咫尺我却不能看,https://news.sina.com.cn/c/2025-05-16/doc-inewtpff4509524.shtml,2025-05-16 09:36:00,5月16日，据三湘都市报，S妈凌晨在社交平台文：“不知白天还是黑夜，打开窗帘外面一片漆黑，一个星期要消失了，为什么走不出来？是我不够努力，我必须得把小女儿拉出来,
Stellantis高管：我很震惊，西方车企这是要在中国全军覆没,https://news.sina.com.cn/c/2025-05-16/doc-inewrcyf9639656.shtml,2025-05-16 09:35:00,[文/观察者网 阮佳琪] 据英国《金融时报》（FT）14日报道，当地时间周三，在伦敦举行的FT汽车未来峰会上，全球第四大汽车集团Stellantis的核心高管毕高诚（Maxime...,"Stellantis,车企,大众"
叶诗文回应从清华休学,https://news.sina.com.cn/c/2025-05-16/doc-inewthxn6410599.shtml,2025-05-16 09:35:00,提起叶诗文，很多人的印象可能还停留在2012年伦敦奥运会。16岁的叶诗文在200米混合泳和400米混合泳项目上获得两枚金牌，并分别打破奥运会纪录和世界纪录。,"叶诗文,游泳,清华大学"
A股开盘：三大指数集体低开，房屋检测、轮毂电机概念股走强，环氧丙烷等概念走弱,https://news.sina.com.cn/c/2025-05-16/doc-inewthxf8729282.shtml,2025-05-16 09:27:00,5月16日早间A股开盘，上证指数跌0.18%，深证成指跌0.28%，创业板指跌0.36%，北证50跌0.46%。房屋检测、轮毂电机概念股走强，环氧丙烷、腾讯云、抗菌面料概念股走弱。,
滁州琅琊：闭环管理促回访教育工作高质高效,https://news.sina.com.cn/c/2025-05-16/doc-inewthxn6399571.shtml,2025-05-16 09:23:00,近日，滁州市琅琊区纪委监委案件审理室会同驻区住建局纪检监察组，以“座谈会+个别谈话+查阅资料”的形式，对琅琊区城管局2024年以来5名受处理人员进行了集中回访。,滁州市
北京发布冰雹和大风黄色预警,https://news.sina.com.cn/c/2025-05-16/doc-inewthxn6397379.shtml,2025-05-16 09:17:00,北京市气象局消息，5月16日09:15，北京市发布大风黄色预警：受雷雨影响，预计16日15时至23时，我市局地有8至10级短时大风；受冷空气影响，16日半夜至1,
北京市发布雷电橙色预警,https://news.sina.com.cn/c/2025-05-16/doc-inewthxn6395440.shtml,2025-05-16 09:15:00,来源：北京市气象局  预计16日15时至23时，我市自西向东有雷阵雨天气，局地短时雨强较大，并伴有8至10级短时大风和分散的冰雹，请注意防范。,
雷电+冰雹+大风，北京三预警齐发,https://news.sina.com.cn/c/2025-05-16/doc-inewthxf8733168.shtml,2025-05-16 09:15:00,来源：央视网央视网消息：据@气象北京 消息，5月16日9时15分，北京连发雷电橙色、冰雹黄色、黄色预警3个预警。具体如下：北京市发布雷电橙色预警：预计16日15时至23时...,"大风,冰雹,北京市"
国资委：要突出解决制约国有企业高质量发展的深层次体制机制难题，构建与新质生产力更相适应的生产关系,https://news.sina.com.cn/c/2025-05-16/doc-inewthxn6389369.shtml,2025-05-16 09:07:00,5月15日，国务院国资委全面深化改革领导小组召开2025年第一次全体会议。会议指出，2025年是国企改革深化提升行动收官之年。要加强组织推动，锚定目标不放松，补,
云南保山市腾冲市附近发生4.6级左右地震,https://news.sina.com.cn/c/2025-05-16/doc-inewthxf8715644.shtml,2025-05-16 09:04:00,中国地震台网自动测定：05月16日09时00分在云南保山市腾冲市附近（北纬25.04度，东经98.27度）发生4.6级左右地震，最终结果以正式速报为准。,
全链条可追溯 中远海运护航秘鲁牛油果进入中国市场,https://news.sina.com.cn/c/2025-05-16/doc-inewthxi4590800.shtml,2025-05-16 08:58:00,近日，首批贴有中远海运与钱凯港LOGO的牛油果溯源标签产品从秘鲁运往上海，实现了从“秘鲁果园”到“中国餐桌”全链条可追溯，为中国消费者构筑起一道食品安全的“数字防线”。,"中远海运,水果,秘鲁"
中国移动打造云南最大千卡智算集群,https://news.sina.com.cn/c/2025-05-16/doc-inewthxf8710990.shtml,2025-05-16 08:57:00,日前，中国移动云南公司在昆明市呈贡区打造云南最大的千卡智算集群并实现规模部署。千卡资源池智算集群集成先进的计算、存储和网络资源，实现资源的集中管理和动态调度...,"中国移动,云南省,昆明市"
这颗人造卫星，见证中拉合作情谊,https://news.sina.com.cn/c/xl/2025-05-16/doc-inewthxf8711103.shtml,2025-05-16 08:57:00,人民网版权所有，未经书面授权禁止使用Copyright©1997-2025bywww.people.com.cn.allrightsreserved,
近闻·这七句话，讲清楚了中拉关系何以在时代的风浪中扬帆远航,https://news.sina.com.cn/c/xl/2025-05-16/doc-inewthxn6384009.shtml,2025-05-16 08:57:00,大国外交砥砺向前的脚步一刻也没有停歇。俄罗斯之行刚刚结束，习近平主席5月13日在北京出席中国-拉美和加勒比国家共同体论坛第四届部长级会议开幕式并发表主旨讲话。,
画里有话 | 廉洁家风润万家,https://news.sina.com.cn/c/2025-05-16/doc-inewthxf8715050.shtml,2025-05-16 08:56:00,近日，江苏省如皋市城南街道纪工委组织辖区青年党员前往肖陆村，开展以“严明作风·淳正家风·涵养新风”为主题的思廉日活动。图为青年党员在活动上讲述身边廉洁家风故事。,北京市
【新思想引领新征程】在中国式现代化进程中共同创造残疾人更加幸福美好的生活,https://news.sina.com.cn/c/xl/2025-05-16/doc-inewthxf8709881.shtml,2025-05-16 08:54:00,央视网消息（新闻联播）：习近平总书记指出，让广大残疾人安居乐业、衣食无忧，过上幸福美好的生活，是我们党全心全意为人民服务宗旨的重要体现...,
创新引领 狠抓落实 上海机场高质量绘就改革实景,https://news.sina.com.cn/c/2025-05-16/doc-inewthxn6383078.shtml,2025-05-16 08:54:00,上海机场（集团）有限公司（以下简称上海机场）锚定“高质量完成国有企业改革深化提升行动”总目标，推动改革全面发力、多点突破，不断在盈利能力、产业布局...,长三角
第一观察｜习近平主席复信向世界传递合作共赢的信心,https://news.sina.com.cn/c/xl/2025-05-16/doc-inewthxn6381289.shtml,2025-05-16 08:49:00,近日，习近平主席复信中国丹麦商会负责人，勉励中国丹麦商会及会员企业为增进中丹、中欧友好和深化互利合作作出新贡献。今年是中丹建交75周年，也是中欧建交50周年。日,
航空工业集团AG600完成大侧风试验 进驻森林守护生态安全,https://news.sina.com.cn/c/2025-05-16/doc-inewthxf8707147.shtml,2025-05-16 08:47:00,近日，由中国航空工业集团自主研制的AG600“鲲龙”在内蒙古锡林浩特圆满完成陆上侧风起降、进气系统表明符合性试飞试验（MC6）及发动机振动机上地面试验和螺旋桨振动应力机上...,"AG600,大兴安岭地区"
风电装备轻量化技术重大突破 基于BWind500M高强钢塔架的风场并网发电,https://news.sina.com.cn/c/2025-05-16/doc-inewthxm1362007.shtml,2025-05-16 08:46:00,近日，随着最后一套风电机组如期完成吊装，中国宝武清能三门峡市城乡一体化区150MW风电项目一期工程——50兆瓦风场项目全部9台5.6兆瓦风力发电机组建设完成...,"轻量化,高强,钢"
四川电网两项迎峰度夏重点工程投运,https://news.sina.com.cn/c/2025-05-16/doc-inewthxm1361889.shtml,2025-05-16 08:46:00,近日，四川电网今年两项迎峰度夏重点工程——甘孜500千伏巴塘水电站送出工程、成都220千伏金融城输变电工程投运。作为四川电网新增电源点...,"四川省,巴塘,成都市"
填补国际空白 中国电气装备联合研发的国际首台550千伏旁路触发间隙通过试验,https://news.sina.com.cn/c/2025-05-16/doc-inewthxn6380176.shtml,2025-05-16 08:46:00,近日，中国电气装备所属河南平高电气股份有限公司联合中国电力科学研究院有限公司、西安交通大学、山东泰开高压开关有限公司等共同研制的国际首台特高压换流变防爆燃用550...,中国
中蒙两国第二条跨境铁路正式开工,https://news.sina.com.cn/c/2025-05-16/doc-inewthxi4587230.shtml,2025-05-16 08:46:00,5月14日，中蒙两国能源合作重要通道——中蒙甘其毛都至嘎舒苏海图铁路建设开工仪式在内蒙古自治区巴彦淖尔市乌拉特中旗甘其毛都口岸举行。,"中蒙,铁路,甘其毛都"
华龙一号全球首堆连续安全稳定运行1000天,https://news.sina.com.cn/c/2025-05-16/doc-inewthxm1361607.shtml,2025-05-16 08:45:00,5月14日，被誉为“国家名片”的“华龙一号”全球首堆——中核集团福清核电5号机组实现连续安全稳定运行1000天，持续向社会稳定输送清洁电力超370亿度。,福清市
一场凉亭座谈会 | 学习总书记的好作风⑧,https://news.sina.com.cn/c/xl/2025-05-17/doc-inewwpit7279312.shtml,2025-05-16 08:37:00,“来吧，咱们一块儿坐坐，都介绍介绍自己。”2022年4月11日，海南五指山下，毛纳村凉亭内，乡亲们正议农事。习近平总书记加入其中，同大家热络地聊了起来。,
雷雨来袭 京津冀等6省区市部分地区将有雷暴大风或冰雹,https://news.sina.com.cn/c/2025-05-16/doc-inewthxn6376907.shtml,2025-05-16 08:34:00,北京今天（5月16日）傍晚到夜间雷雨天气来袭，并伴有短时大风和分散性冰雹，需注意防范。明天白天，北京北风较大，阵风7至8级，山区局地9级以上，需注意防风。,
白银市：开展全员培训 提升履职能力,https://news.sina.com.cn/c/2025-05-16/doc-inewthxn6376341.shtml,2025-05-16 08:30:00,“在审查调查过程中，必须严格遵守党章党规党纪和国家法律法规，确保程序合法、行为合规。”“监督全面从严治党政治责任落实情况，不能局限在‘敢不敢得罪人’‘敢不敢查腐败’等...,"纪检监察,白银市"
向幸福，再出发,https://news.sina.com.cn/c/2025-05-16/doc-inewthxf8702931.shtml,2025-05-16 08:30:00,近日，重庆市城口县纪委监委干部到左岚乡幸福村回访以案促改促治相关情况，并实地走访了解村集体经济产业转型发展情况。黄玲芝 摄,重庆市
画里有话｜廉洁家风润万家,https://news.sina.com.cn/c/2025-05-16/doc-inewthxf8700619.shtml,2025-05-16 08:25:00,图为北京市2025年家风家教主题宣传月启动式现场。北京市妇联供图 近日，江苏省如皋市城南街道纪工委组织辖区青年党员前往肖陆村，开展以“严明作风·淳正家风·涵养新风”为主...,北京市
相约博物馆 | 乐在林泉中,https://news.sina.com.cn/c/2025-05-16/doc-inewthxn6377096.shtml,2025-05-16 08:25:00,北京中山公园内的兰亭八柱亭，兰亭八柱上刻八种兰亭相关书法作品。 视觉中国宋徽宗《祥龙石图卷》（局部），奇石如蛟龙一般挺立。,"书法,乾隆帝"
去年来解决340多万套“硬骨头”问题房屋,https://news.sina.com.cn/c/2025-05-16/doc-inewthxi4584635.shtml,2025-05-16 08:25:00,记者5月15日从自然资源部获悉，自2015年不动产统一登记实施以来，全国化解了一大批积压多年的历史遗留问题，累计化解因相关手续不全、开发主体灭失...,自然资源部
民勤：做实以案促改 筑牢民生保障底线,https://news.sina.com.cn/c/2025-05-16/doc-inewthxn6376443.shtml,2025-05-16 08:25:00,“都是我一时糊涂，身为村干部不仅没有守护好群众利益，反而抱着侥幸心理违反政策……”近日，武威市民勤县蔡旗镇小西沟村两名村干部作出深刻检讨。,村干部
15岁女孩殒命的湖南焦柳铁路事故段，已开始加装防护网,https://news.sina.com.cn/c/2025-05-16/doc-inewtpfc8626835.shtml,2025-05-16 08:18:00,2025年5月15日，界面新闻获悉，铁路部门已于当日开始在湖南省张家界市永定区宋家湾村附近路段加装防护网。一位当地村民称，施工是从当日中午开始的，防护网看起来很,
市场监管总局局长罗文：综合整治“内卷式”竞争，维护公平竞争市场秩序,https://news.sina.com.cn/c/2025-05-16/doc-inewtari8823120.shtml,2025-05-16 07:40:00,5月16日，国家市场监督管理总局党组书记、局长罗文在人民日报撰文称，当前，一些行业和领域陷入“内卷式”竞争恶性循环，企业创新面临瓶颈，不仅导致资源浪费...,
民进党当局又拿在大陆发展艺人开刀，锁定20多人，并点名艺人欧阳娜娜,https://news.sina.com.cn/c/2025-05-16/doc-inewtarq6495833.shtml,2025-05-16 07:35:00,[环球时报综合报道]“5·20”将至，民进党当局又拿在大陆发展艺人开刀，锁定20多人，并点名艺人欧阳娜娜。 据台湾《联合报》15日报道...,"台湾省,欧阳娜娜,民进党"
"“打拐志愿者”上官正义称被威胁注射病毒,警方已立案",https://news.sina.com.cn/c/2025-05-16/doc-inewtari8821243.shtml,2025-05-16 07:30:00,来源：现代快报 现代快报讯（记者 宋体佳）5月15日，“打拐志愿者”上官正义发微博称，针对有人威胁其人身安全、欲给其注射病毒等情况，杭州余杭警方已正式立案调查。,
钢铁长龙沿江行,https://news.sina.com.cn/c/2025-05-16/doc-inewthxm1356278.shtml,2025-05-16 07:30:00,图为近日，沪渝蓉高铁扬州段跨京杭大运河斜拉桥建设现场一片繁忙，中国铁建大桥局的工人加紧施工推进进度，力争项目早日建成。 图片来源：视觉中国,高铁
我省成立政企协作品牌维权联盟—— 筑牢品牌“保护墙” 按下发展“加速键”,https://news.sina.com.cn/c/2025-05-16/doc-inewtarq6489702.shtml,2025-05-16 07:14:00,为贯彻落实“品质江苏”建设行动部署，提高企业维权能力水平，近日，省市场监管局指导省商标协会组织开展“加强商标保护 护航高质量发展——庆祝第九个中国品牌日”主题活动...,"商标,上海市,昆山市"
我省10月底前启用新一代电子政务外网,https://news.sina.com.cn/c/2025-05-16/doc-inewtari8816233.shtml,2025-05-16 07:13:00,5月15日，省数据局在扬州市召开全省新“一张网”高质量建设管理专题推进会，部署新一代电子政务外网建设任务，明确今年10月底前，建成启用江苏新一代电子政务外网...,统一
遵义：常态化开展学法学规活动,https://news.sina.com.cn/c/2025-05-16/doc-inewtari8822868.shtml,2025-05-16 07:12:00,“找准载体，进一步深化纪检监察监督与审计监督贯通协同的有效路径……”近日，遵义市纪委监委开展“学法学规”集体学习会，邀请市审计局相关同志围绕“纪审”联动及审计相关工作知...,"纪检监察,遵义市"
第一视点丨浙江：固“根”强“蔓”再出发,https://news.sina.com.cn/c/xl/2025-05-17/doc-inewwaue5132509.shtml,2025-05-16 07:11:00,来源：潮新闻 “地瓜的藤蔓向四面八方延伸，为的是汲取更多的阳光、雨露和养分，但它的块茎始终是在根基部，藤蔓的延伸扩张最终为的是块茎能长得更加粗壮硕大。,
破防了？印度对中国媒体下黑手,https://news.sina.com.cn/c/2025-05-16/doc-inewruvw0006473.shtml,2025-05-16 07:07:00,据印度媒体当地时间14日报道，印度官方当天封锁了境内新华社和《环球时报》的X账号，所谓的理由是这两家媒体传播“巴基斯坦的宣传内容以及未经证实的信息”。,"印度,环球时报,中国"
画里有话 | 廉洁家风润万家,https://news.sina.com.cn/c/2025-05-16/doc-inewtarp1475522.shtml,2025-05-16 07:01:00,近日，江苏省如皋市城南街道纪工委组织辖区青年党员前往肖陆村，开展以“严明作风·淳正家风·涵养新风”为主题的思廉日活动。图为青年党员在活动上讲述身边廉洁家风故事。,北京市
忙忙忙！美国客户疯狂补货，中国外贸企业订单暴涨,https://news.sina.com.cn/c/2025-05-16/doc-inewtarp1469311.shtml,2025-05-16 06:26:00,在中美关税政策这两天最新调整之后，多家外贸企业重启美国市场供应，恢复对美外贸出口产品的生产推广，生产一线、外贸港口一片忙碌景象。,"美国,外贸企业,江西省"
刘晓庆被举报偷税漏税？官方回应,https://news.sina.com.cn/c/2025-05-15/doc-inewsmtr9155166.shtml,2025-05-15 23:46:00,新京报贝壳财经记者 潘亦纯编辑 陈莉 5月15日晚，国家税务总局上海市税务局第四稽查局发布情况通报称“近日，我局收到王某对刘某某及相关企业存在涉税问题的举报...,刘晓庆
肖某事件吊销与撤销证书有何区别？律师解读：董某莹或承担多重法律责任,https://news.sina.com.cn/c/2025-05-16/doc-inewttph6226190.shtml,2025-05-15 23:39:00,来源：大河报  5月15日晚，国家卫生健康委调查组通报关于中日友好医院肖某引发舆情事件调查处置进展情况。通报称，肖某存在严重违反医师职业道德和医学伦理规范等问题；董...,
明确四个重点！国务院总理部署，五位正部级发言,https://news.sina.com.cn/c/2025-05-16/doc-inewtari8817613.shtml,2025-05-15 22:36:00,来源：政知见  撰文丨余晖 董鑫 5月15日，国务院召开做强国内大循环工作推进会。 中共中央政治局常委、国务院总理李强在会上强调...,
中央军委决定调整组建3所军队院校，透露什么信号？,https://news.sina.com.cn/c/2025-05-15/doc-inewsfmy6943893.shtml,2025-05-15 21:57:00,来源：北京青年报  5月15日，新任国防部新闻发言人蒋斌发布消息，近日，中央军委决定，调整组建中国人民解放军陆军兵种大学、中国人民解放军信息支援部队工程大学...,
2025年5月15日外交部发言人林剑主持例行记者会,https://news.sina.com.cn/c/2025-05-15/doc-inewrzct9939875.shtml,2025-05-15 20:32:00,应中共中央政治局委员、外交部长王毅邀请，丹麦外交大臣拉斯穆森将于5月17日至20日对中国进行正式访问。深圳卫视记者：中方刚发布了丹麦外交大臣拉斯穆森访华消息。中,
国家卫生健康委通报关于肖某引发舆情事件调查处置进展情况,https://news.sina.com.cn/c/2025-05-15/doc-inewrzcx5246179.shtml,2025-05-15 20:00:00,国家卫生健康委今天通报了关于肖某引发舆情事件调查处置进展情况。通报称，近日，中日友好医院胸外科肖某被其妻子举报违反生活纪律、医德医风等问题，引发社会关注。,
这个万亿级赛道，按下“加速键”！,https://news.sina.com.cn/c/2025-05-15/doc-inewrzcv9366955.shtml,2025-05-15 19:57:00,来源：国是直通车 中共中央办公厅、国务院办公厅印发的《关于持续推进城市更新行动的意见》15日公布。 作为城市更新领域的顶层设计...,
“低空+旅游”如何激发消费新活力？,https://news.sina.com.cn/c/2025-05-15/doc-inewrzcz2022014.shtml,2025-05-15 19:51:00,从蓝天“一跃而下”体验跳伞乐趣，在直升机上俯瞰山河，于城市烟火中欣赏一场无人机灯光秀……随着各地低空文旅项目“上新”，低空经济以“云端视角”持续点燃消费热情。,"文旅,三亚市"
新消费催生新职业 年轻人解锁这些新赛道,https://news.sina.com.cn/c/2025-05-15/doc-inewrzcx5247405.shtml,2025-05-15 19:48:00,消费需求是催生新职业的核心驱动力之一。随着我国新消费业态的蓬勃发展，一批又一批充满活力的青年人干起了“新鲜职业”。在火热的文旅消费一线，就催生了很多新职业。,中国
李强在做强国内大循环工作推进会上强调，把做强国内大循环作为推动经济行稳致远的战略之举,https://news.sina.com.cn/c/xl/2025-05-15/doc-inewrzcx5237846.shtml,2025-05-15 19:15:00,李强在做强国内大循环工作推进会上强调，把做强国内大循环作为推动经济行稳致远的战略之举。（央视新闻联播）,
学习新语｜共建中拉命运共同体，习近平宣布“五大工程”,https://news.sina.com.cn/c/xl/2025-05-15/doc-inewrzcv9351288.shtml,2025-05-15 19:09:00,统筹/制作：乔煜城、马发展、胡碧霞、郭洁宇,
习近平向多哥新任领导人致贺电,https://news.sina.com.cn/c/xl/2025-05-15/doc-inewrzcv9351055.shtml,2025-05-15 19:08:00,新华社北京5月15日电 5月14日，国家主席习近平致电让-吕西安·萨维·德托夫，祝贺他就任多哥共和国总统。同日，习近平主席还致电福雷·埃索齐姆纳·纳辛贝，祝贺他,
八项规定改变中国⑥促进国家治理体系和治理能力现代化,https://news.sina.com.cn/c/xl/2025-05-15/doc-inewrzcv9351471.shtml,2025-05-15 19:08:00,,
热解读｜一句诗一首歌 感悟中拉志同道合的力量,https://news.sina.com.cn/c/xl/2025-05-15/doc-inewrzcz2006000.shtml,2025-05-15 19:07:00,时政热点尽在其中热解读五月的北京，紫藤垂落如竖琴，奏响跨越太平洋的友谊之音。5月13日，中拉论坛第四届部长级会议在北京举行，习近平主席出席会议开幕式并发表重要讲,
中汽协：今年1-4月，商用车产销同比分别增长4.1%和2%,https://news.sina.com.cn/c/2025-05-15/doc-inewrzcx5217361.shtml,2025-05-15 18:18:00,来源：央视网央视网消息：据中国汽车工业协会分析，2025年4月，在商用车主要品种中，与上月相比，客车和货车产销均呈不同程度下降；与上年同期相比，客车产销微降...,"货车,客车,中汽协"
事关城市更新，中办、国办重磅部署！,https://news.sina.com.cn/c/2025-05-15/doc-inewruvx9465944.shtml,2025-05-15 18:04:00,中共中央办公厅、国务院办公厅近日印发《关于持续推进城市更新行动的意见》，要求坚持稳中求进工作总基调，转变城市开发建设方式，建立可持续的城市更新模式和政策法规...,"国办,国务院"
民政部印发《救助管理机构重大事故隐患判定标准》,https://news.sina.com.cn/c/2025-05-15/doc-inewruvz5342002.shtml,2025-05-15 17:49:00,来源：央视网央视网消息：据民政部网站消息，为加强救助管理机构安全管理，排查和消除救助管理机构重大事故隐患，民政部制定了《救助管理机构重大事故隐患判定标准》（以下...,"救助管理机构安全,消防,标准"
中共中央办公厅、国务院办公厅印发《关于持续推进城市更新行动的意见》,https://news.sina.com.cn/c/2025-05-15/doc-inewruvw0011078.shtml,2025-05-15 17:16:00,来源：央视网 中共中央办公厅、国务院办公厅近日印发《关于持续推进城市更新行动的意见》，要求坚持稳中求进工作总基调，转变城市开发建设方式...,国务院
河北湖北广西等地旱情缓解 水利部针对甘肃省启动干旱防御Ⅳ级应急响应,https://news.sina.com.cn/c/2025-05-15/doc-inewruwc2101300.shtml,2025-05-15 17:14:00,来源：央视网央视网消息：据“中国水利”公众号消息，5月7日至13日，河北、湖北、广西3省区大部降雨30至40毫米，旱情较大程度缓解；山西中部南部、河南西南部...,"山西省,陕西省,武威市"
气象干旱黄色预警：陕西、河南等部分地区达特旱级别,https://news.sina.com.cn/c/2025-05-15/doc-inewruvw0003237.shtml,2025-05-15 16:34:00,来源：央视网央视网消息：中央气象台5月15日18时继续发布气象干旱黄色预警：据实时气象干旱监测，陕西、河南、甘肃等省份存在重度及以上气象干旱，其中，陕西西南部...,"陕西省,河南省,干旱"
学习问答·加强党的作风建设⑫如何理解全面从严治党，既要注重规范惩戒更要引导人向善向上？,https://news.sina.com.cn/c/2025-05-15/doc-inewruwc2088634.shtml,2025-05-15 16:29:00,来源：中央纪委国家监委网站,"作风建设,从严治党"
商务部回应美方滥用出口管制措施限制华为昇腾芯片：将采取坚决措施维护中国企业正当权益,https://news.sina.com.cn/c/2025-05-15/doc-inewruvx9423105.shtml,2025-05-15 16:28:00,来源：财联社财联社5月15日电，美国商务部下属工业安全局近期公告显示，在世界任何地方使用华为昇腾芯片均违反美国出口管制。5月15日...,
最高法、证监会联合发布《关于严格公正执法司法 服务保障资本市场高质量发展的指导意见》,https://news.sina.com.cn/c/2025-05-15/doc-inewruvv9989957.shtml,2025-05-15 16:23:00,来源：央视网央视网消息：据最高法消息，5月15日，最高人民法院、中国证监会联合发布《关于严格公正执法司法  服务保障资本市场高质量发展的指导意见》（以下简称《指导意...,"资本市场,指导意见,改革发展"
中方敦促美方尽快停止232关税措施,https://news.sina.com.cn/c/2025-05-15/doc-inewruvx9421325.shtml,2025-05-15 16:22:00,在今天召开的商务部例行新闻发布会上，新闻发言人表示，关于美方针对进口汽车、钢铝的232关税，以及对进口药品发起232调查，中方认为...,
商务部谈中美经贸会谈下一步情况,https://news.sina.com.cn/c/2025-05-15/doc-inewruvv9985110.shtml,2025-05-15 16:11:00,来源：日月谭天 5月15日下午，商务部召开例行新闻发布会，有记者就中美经贸会谈下一步情况进行提问。 商务部新闻发言人何咏前：5月10日至11日，中美经贸中方牵头人...,
商务部介绍中美经贸磋商机制,https://news.sina.com.cn/c/2025-05-15/doc-inewruvv9981331.shtml,2025-05-15 16:05:00,来源：日月谭天  5月15日下午，商务部召开例行新闻发布会，有记者就中美经贸磋商机制进行提问。 商务部新闻发言人何咏前：中方对通过对话沟通解决经贸关切始终持开放态度。...,
检察机关依法分别对尚宪芳、陈志、丁伟提起公诉,https://news.sina.com.cn/c/2025-05-15/doc-inewruwc2074590.shtml,2025-05-15 16:00:00,来源：央视网央视网消息：据最高人民检察院消息，检察机关依法分别对尚宪芳、陈志、丁伟提起公诉。详情如下：山西检察机关依法对尚宪芳涉嫌受贿案提起公诉 日前...,"检察机关,人民检察院,陈志"
三部门发通知，组织开展2025年度应急管理装备孵化工作,https://news.sina.com.cn/c/2025-05-15/doc-inewrqqc5425580.shtml,2025-05-15 15:47:00,来源：央视网央视网消息：据应急管理部消息，应急管理部办公厅、工业和信息化部办公厅、国务院国资委办公厅发布关于组织开展2025年度应急管理装备孵化工作的通知。,"应急管理部,国务院国资委"
昨天尾盘涨停，今天尾盘跳水，换手率超1000%！这只ETF什么来头？,https://news.sina.com.cn/c/2025-05-15/doc-inewrqpy0099491.shtml,2025-05-15 15:39:00,5月15日，A股市场全天震荡调整，创业板指领跌，全市场超3800只个股下跌。板块方面，合成生物、食品等板块涨幅居前，软件开发、算力等板块跌幅居前。,"ETF,新经济,沪指"
中国对巴西等5国实行免签政策,https://news.sina.com.cn/c/2025-05-15/doc-inewrqqf2187472.shtml,2025-05-15 15:21:00,5月15日，外交部发言人林剑主持例行记者会。有记者就中方在中阿论坛第四届部长级会议期间，宣布对巴西等5国实行免签政策一事提问。,
中央军委决定调整组建3所军校,https://news.sina.com.cn/c/2025-05-15/doc-inewrqpz9519201.shtml,2025-05-15 15:16:00,今天，新任国防部新闻发言人蒋斌正式亮相。蒋斌介绍，贯彻落实党的二十届三中全会精神，适应军兵种结构布局调整和军事人才培养需要，近日，中央军委决定...,
国家铁路局：今年4月全国铁路客货运量稳中有升,https://news.sina.com.cn/c/2025-05-15/doc-inewrqqc5413034.shtml,2025-05-15 15:11:00,来源：央视网央视网消息：据国家铁路局消息，2025年4月份，全国铁路客货运量稳中有升，运输安全平稳有序，有力有效服务国家重大战略和经济社会发展。,
中国证券业协会修订发布《证券纠纷调解规则》,https://news.sina.com.cn/c/2025-05-15/doc-inewrqpy0098264.shtml,2025-05-15 15:06:00,来源：央视网央视网消息：据中国证券业协会网站消息，为深入贯彻中央金融工作会议精神，落实新“国九条”及“1+N”系列政策文件要求，进一步完善证券行业纠纷多元化解机制...,证券纠纷调解规则
新任国防部新闻发言人蒋斌正式亮相,https://news.sina.com.cn/c/2025-05-15/doc-inewrqpz9511945.shtml,2025-05-15 15:03:00,今天，新任国防部新闻发言人蒋斌亮相。蒋斌，男，1982年出生于四川。1999年考入原解放军外国语学院，2003年毕业后历任助理翻译、参谋...,"蒋斌,伯明翰大学,国防部"
新任国防部新闻发言人蒋斌亮相,https://news.sina.com.cn/c/2025-05-15/doc-inewrqqf2187545.shtml,2025-05-15 15:02:00,来源：央视网央视网消息：据国防部网站，蒋斌大校任国防部新闻发言人。公开的简历显示，蒋斌，男，1982年出生于四川。1999年考入原解放军外国语学院...,"蒋斌,国防部"
中央指导组进驻后，当地点名通报6人,https://news.sina.com.cn/c/2025-05-15/doc-inewrkhc9612640.shtml,2025-05-15 13:41:00,按照中央党的建设工作领导小组统一部署，5月10日，深入贯彻中央八项规定精神学习教育中央第三指导组指导督导常德见面会召开。中央第三指导组组长刘家义讲话。刘家义指出,
证监会：集中力量打击内幕交易、操纵市场等严重侵害中小投资者利益的违法行为,https://news.sina.com.cn/c/2025-05-15/doc-inewrkhc9601890.shtml,2025-05-15 12:41:00,5月15日，证监会副主席陈华平在2025年“5·15全国投资者保护宣传日”活动上的致辞中提到，依法从严打击证券期货违法活动，为投资者营造安全的投资环境。证监会始,
证监会：抓紧出台深化科创板和创业板改革的一揽子政策措施，切实推动提升中长期资金入市规模和比例,https://news.sina.com.cn/c/2025-05-15/doc-inewrkhc9603944.shtml,2025-05-15 12:38:00,5月15日，证监会副主席陈华平在2025年“5·15全国投资者保护宣传日”活动上的致辞中提到，进一步推动资本市场高质量发展，从根本上夯实投资者权益保护的基础。投,
中国海警局直属第二局救助8名外籍渔民,https://news.sina.com.cn/c/2025-05-15/doc-inewrkfw8370269.shtml,2025-05-15 11:45:00,来源：央视网央视网消息：据“中国海警”公众号消息，5月13日，中国海警局直属第二局成功救助8名外籍遇险渔民。 当日17时31分，中国海警局直属第二局接上级通报...,"渔船,渔民,警局"
A股午评：上证指数半日跌0.42%，创业板指跌1.35%，财税数字化、国资云概念、虚拟机器人等概念走弱,https://news.sina.com.cn/c/2025-05-15/doc-inewrkfw8355818.shtml,2025-05-15 11:34:00,5月15日，A股三大指数早盘集体下跌，截至午间收盘，上证指数跌0.42%，深证成指跌1.12%，创业板指跌1.35%；北证50涨0.55%。沪深两市成交额约74,
农行株洲支行回应“重病妇女被要求本人到场取钱时死亡”：成立专项工作组配合警方调查，向逝者致以沉痛哀悼,https://news.sina.com.cn/c/2025-05-15/doc-inewrkha0138777.shtml,2025-05-15 11:33:00,极目新闻记者 刘孝斌 关于网传“重病客户在农行株洲田心支行办理业务时离世”一事，5月15日，中国农业银行株洲分行回复极目新闻记者称，该行高度重视...,"株洲市,湖南省,农行"
"广西柳州柳江区:严查违规吃喝 持之以恒纠""四风""",https://news.sina.com.cn/c/2025-05-15/doc-inewrcye0261419.shtml,2025-05-15 11:24:00,“韦某某沉迷于不法商人宴请之中，底线逐步失守……”近日，广西壮族自治区柳州市柳江区纪委监委结合以案促改工作，督促区发展和改革局对该局原党组书记...,"醉驾,柳州市,酒驾"
淮北相山：旁听庭审“零距离” 以案释法“敲警钟”,https://news.sina.com.cn/c/2025-05-15/doc-inewrcye0261068.shtml,2025-05-15 11:23:00,“这次旁听使我深受警醒，我将以此为戒，在今后的工作中认真履职，敬畏权力，做到公正、依法、廉洁用权。”一位参与旁听庭审的党员干部在庭审结束后说道。,淮北市
河南干旱部分农户提前割麦，农业部门：将救灾资金用于灌溉打井,https://news.sina.com.cn/o/2025-05-15/doc-inewrcxy8477846.shtml,2025-05-15 11:17:00,5月上旬本该是小麦灌浆的时节，但在河南洛阳，已经有收割机出现在麦田里。 很久没下过一场可以把地浇透的雨了。缺水的麦子颜色焦黄，麦穗干瘪...,"干旱,小麦,河南省"
病重老人在银行取钱去世家属发声,https://news.sina.com.cn/c/2025-05-15/doc-inewrkha0169507.shtml,2025-05-15 11:11:00,【#病重老人在银行取钱去世家属发声##银行回应要求病重老人到场取钱致死亡#】5月15日，家住湖南株洲的彭先生告诉@荔枝新闻，62岁的姑妈在住院治疗期间，由其女儿,
台湾逃兵役风波持续发酵：检方约谈11名男子 5人假装“血压异常”,https://news.sina.com.cn/c/2025-05-15/doc-inewrcya5248490.shtml,2025-05-15 11:10:00,海外网5月15日电综合台湾《联合报》、雅虎新闻等媒体报道，“逃兵役风波”（台媒称“闪兵风波”）持续在台发酵。5月14日，检方约谈11名涉案男子，其中包括9名演艺,
娃哈哈：与今麦郎确存在委托代工关系，4月起已终止合作,https://news.sina.com.cn/c/2025-05-15/doc-inewrcxy8478079.shtml,2025-05-15 11:09:00,5月15日，娃哈哈集团官方微博发布声明称，公司和今麦郎确存在委托代工关系，代工期间公司自查发现个别批次纯净水产品未通过出厂抽样检测。自2025年4月起，公司已终,
北京网络辟谣宣传月│ 解码网络谣言之识别篇,https://news.sina.com.cn/c/2025-05-15/doc-inewrkha0142271.shtml,2025-05-15 11:06:00,来源：北京网络举报 网络空间是亿万网民共同的精神家园。网络谣言的出现和传播，不仅严重干扰人们的正常生活，污染网络生态，更不利于社会稳定。,
纯净水由今麦郎代工？娃哈哈最新回应,https://news.sina.com.cn/c/2025-05-15/doc-inewrcye0246668.shtml,2025-05-15 10:50:00,红星资本局5月15日消息，今日，“娃哈哈客服回应纯净水由今麦郎代工”话题登上微博热搜，引发热议。资料配图 图据视觉中国 对于网友称买到的娃哈哈纯净水是由今麦郎生产一事...,"娃哈哈,今麦郎"
纯净水由今麦郎代工？娃哈哈：代工期间个别纯净水产品未通过出厂抽样检测，2025年4月起终止与代工方合作,https://news.sina.com.cn/c/2025-05-15/doc-inewrcya5247718.shtml,2025-05-15 10:47:00,声明,
音乐人陈哲去世，曾参与创作《同一首歌》《让世界充满爱》等歌曲,https://news.sina.com.cn/zx/2025-05-15/doc-inewrcye0244649.shtml,2025-05-15 10:43:00,鲜花曾告诉我你怎样走过/大地知道你心中的每一个角落/甜蜜的梦啊谁都不会错过/终于迎来今天这欢聚时刻…… 这首由蔡国庆、毛阿敏等歌手演唱的《同一首歌》很多人都听过。,"音乐人,同一首歌,陈哲"
2025年“乐购河南”消费券（零售餐饮类）第三期发放安排,https://news.sina.com.cn/c/2025-05-15/doc-inewrcyf9679024.shtml,2025-05-15 10:37:00,2025年“乐购河南”消费券（零售餐饮类）第三期发放安排如下： 一、活动时间 申领时间：2025年5月16日10:00； 使用期限：2025年5月16日10:00—20日24:00。,"消费券,河南省,APP"
北京冰雹过后已受理各险种报案4.56万件,https://news.sina.com.cn/c/2025-05-15/doc-inewrcxy8461973.shtml,2025-05-15 10:32:00,5月13日，北京市局地出现大风雷雨天气，并伴有冰雹。FlashPlayer插件未安装安装插件，如果已经安装请检查是否被禁用undefinedundefined记,
哪吒汽车创始人方运舟被冻结2000万元股权,https://news.sina.com.cn/c/2025-05-15/doc-inewrcxy8459820.shtml,2025-05-15 10:26:00,国家企业信用信息公示系统网站显示，5月13日，合众新能源汽车股份有限公司新增股权冻结信息，被执行人为哪吒汽车创始人方运舟，冻结股权数额2000万人民币，冻结期限,
中国土木称希望参与越南高铁项目，越南政府：希望借鉴中方经验、欢迎中企入局,https://news.sina.com.cn/c/2025-05-15/doc-inewrcyf9665973.shtml,2025-05-15 10:17:00,越南政府5月14日发布消息称，越南政府副总理陈红河当日会见中国土木工程集团有限公司总经理陈思昌。越南方面欢迎中国土木等中企积极与越南企业合作，以便在参与投资建设,
宇树科技申请“机器人牌照”商标,https://news.sina.com.cn/c/2025-05-15/doc-inewrcya5226286.shtml,2025-05-15 10:06:00,天眼查财产线索信息显示，近日，杭州宇树科技有限公司申请注册“机器人牌照”“机牌”“Robotlicense”“Robotplate”等商标，国际分类为科学仪器、,
我国牵头制定！适老化数字经济国际标准发布,https://news.sina.com.cn/c/2025-05-15/doc-inewrcye0230021.shtml,2025-05-15 10:06:00,来源：央视网央视网消息：据“市说新语”公众号消息，近期，国际标准化组织（ISO）正式发布《老龄化社会 老龄化包容性数字经济通用要求与指南》（ISO 25556:2025）...,"数字经济,老龄化"
我国牵头制定，适老化数字经济国际标准发布,https://news.sina.com.cn/c/2025-05-15/doc-inewrcyf9660582.shtml,2025-05-15 10:05:00,近期，国际标准化组织（ISO）正式发布《老龄化社会老龄化包容性数字经济通用要求与指南》（ISO25556:2025），该标准由我国牵头制定，是ISO首个人口老龄,
男子恶意遗弃幼子被判刑 最高法发布涉未成年人家庭保护典型案例,https://news.sina.com.cn/c/2025-05-15/doc-inewrcya5225047.shtml,2025-05-15 10:00:00,5月15日是国际家庭日，为进一步发挥司法裁判规范、评价、教育、引领功能，提高全社会对未成年人家庭保护的关注和重视，切实维护未成年人合法权益...,未成年人
以市场为引擎 以效率促发展 新兴际华集团多领域创新质量效益双提升,https://news.sina.com.cn/c/2025-05-15/doc-inewrcyf9635227.shtml,2025-05-15 09:29:00,今年以来，新兴际华集团深入开展“质量效益双提升”专项工作，以精益管控、穿透式管控为抓手，统筹推进市场开拓、科技创新、风险防范化解等工作，一手抓发展抓开源抓增长...,新兴际华集团
A股三大指数集体低开,https://news.sina.com.cn/c/2025-05-15/doc-inewrcxy8429158.shtml,2025-05-15 09:28:00,财联社5月15日电，沪指低开0.16%，深成指低开0.28%，创业板指低开0.34%，大金融、贵金属等板块指数跌幅居前。,
海底捞回应“宝妈哺乳时男性员工闯入母婴室”：已赔偿损失，将加强培训管理,https://news.sina.com.cn/c/2025-05-15/doc-inewpweu0834775.shtml,2025-05-15 09:04:00,极目新闻记者 马浩然 近日，天津市民寒女士（化姓）在网络发文称，她在海底捞吃饭期间，到母婴室哺乳，其间被餐厅员工多次打开哺乳室的门打扰，其中还包括一名男性服务员...,"海底捞,涉事"
国台办这样回应特朗普，特别有意思！,https://news.sina.com.cn/c/2025-05-15/doc-inewqxsh0314478.shtml,2025-05-15 09:02:00,特朗普为何突然谈到“统一”，具体语境是什么？文|海上客“统一与和平”，这话谁说的？唐纳德·特朗普是也！在昨天（5月14日）的国台办例行记者会上，有记者向国台办发,
【战新产业“百大工程”】华润三九打造中药新质生产力，推动行业高质量发展,https://news.sina.com.cn/c/2025-05-15/doc-inewrcye0196205.shtml,2025-05-15 08:51:00,中医药是中华民族的瑰宝，中药产业是我国生物医药产业的重要组成部分，在经济社会发展大局中发挥着越来越重要的作用。“十四五”以来...,
端午假期购票日历来了 今日可购买5月29日火车票,https://news.sina.com.cn/o/2025-05-15/doc-inewqxsa8540274.shtml,2025-05-15 08:50:00,新京报讯 据@中国铁路微博消息，端午假期购票日历来啦，今天可购买5月29日火车票。 预填信息快速购票：在火车票起售当日页面，点击购票信息预填旅客，即可提前选择乘车人...,"端午,火车票"
锲而不舍落实中央八项规定精神 在严查严纠上下功夫,https://news.sina.com.cn/c/2025-05-15/doc-inewqxsa8546106.shtml,2025-05-15 08:48:00,坚持以学促干 强化监督执纪在严查严纠上下功夫近日，湖南省湘西土家族苗族自治州纪委监委党风政风监督室召开室务会，对“五一”期间收集到的涉及“四风”问题线索进行分析研判...,纪检监察
曾犯强奸罪的教师被曝出狱后开办教培机构  当地回应：正在核实,https://news.sina.com.cn/c/2025-05-15/doc-inewprww0953319.shtml,2025-05-15 08:47:00,来源：大皖新闻 大皖新闻讯 5月13日晚上，有网民发布消息称，柳州市一名曾有违法犯罪记录的老师李某某服刑出狱后，开办教育机构，引发关注。,柳州市
记者观察丨揭开期权腐败“隐身衣”,https://news.sina.com.cn/c/2025-05-15/doc-inewqxsh0313297.shtml,2025-05-15 08:45:00,紧盯权力寻租本质 从源头加强防范治理揭开期权腐败“隐身衣”“我委收到纪检监察建议书后，针对市排水工程管理处原党委书记杨侃‘期权腐败’案暴露的问题开展自查自纠……”近日...,"腐败,退休"
南方降水频繁暴雨连连 北方高温发展多地或现40°C酷热天气,https://news.sina.com.cn/c/2025-05-15/doc-inewqxsi9745780.shtml,2025-05-15 08:43:00,来源：央视网央视网消息：据中国天气网，南方今明天（5月15日至16日）降水范围较大，部分地区有暴雨，并伴有强对流天气。后天起，南方新一轮降水过程将接踵而至...,"暴雨,高温,降水"
方圆谈 | 秉持公心促亲清,https://news.sina.com.cn/c/2025-05-15/doc-inewqxsh0305778.shtml,2025-05-15 08:43:00,重庆市万州区人大常委会原党组书记、主任白文农因严重违纪违法被开除党籍，其与不法商人深度勾连，利用职务便利为他人在土地收储、企业经营等方面谋利...,"方圆,党员干部"
今日可购买5月29日火车票 端午假期购票日历，请查收！,https://news.sina.com.cn/c/2025-05-15/doc-inewqxse5320027.shtml,2025-05-15 08:40:00,来源：央视网央视网消息：据“中国铁路”公众号消息，端午假期购票日历来啦！今天可购买5月29日火车票。快快收藏+转发！预填信息快速购票 在火车票起售当日页面...,"端午,火车票"
东风岚图汽车正式进军中东市场,https://news.sina.com.cn/c/2025-05-15/doc-inewqxsi9739290.shtml,2025-05-15 08:39:00,5月9日，东风岚图汽车在阿联酋举行品牌发布会，正式进军中东市场。东风岚图阿布扎比旗舰店正式开业，岚图FREE、岚图梦想家在当地开启销售。,"东风,岚图FREE"
智启未来 中国煤炭科工解锁无人化采煤新密码,https://news.sina.com.cn/c/2025-05-15/doc-inewqxsh0303719.shtml,2025-05-15 08:39:00,在榆家梁煤矿调度中心的大屏幕上，43207智能工作面的数据实时跳动。两名监控员按下绿色按钮，智能工作面装备随即全自动运行，采煤机自主规划截割路径...,"煤炭,中国智能制造2025,智能"
突破极寒运输技术瓶颈 “中铝造”阳极车正式交付,https://news.sina.com.cn/c/2025-05-15/doc-inewqxsi9739173.shtml,2025-05-15 08:39:00,近日，由中铝集团贵州铝厂自主研发的阳极运输车完成跨国运输，正式交付哈萨克斯坦客户。车辆搭载的智能柴油加热系统可应对当地零下45摄氏度极寒环境下的运输难题...,
空气也能发电 世界首台（套）660兆瓦压气储能工程开工在即,https://news.sina.com.cn/c/2025-05-15/doc-inewqxse5311003.shtml,2025-05-15 08:39:00,近日，中国能建研发投资建设的世界首台（套）660兆瓦人工硐室型压气储能工程通过可研评审，标志着我国压气储能行业迈向单机功率600兆瓦级新时代。,
直奔目标空域！看战鹰身披霞光呼啸升空,https://news.sina.com.cn/c/2025-05-15/doc-inewqxsh0304298.shtml,2025-05-15 08:33:00,近日，空军某部组织实弹射击训练。看“战鹰”在光影的映照下披霞升空，直奔目标空域。 近日，空军某部组织实弹射击训练。看“战鹰”在光影的映照下披霞升空，直奔目标空域。,实弹射击
国家安全部披露真实案件：废品回收站发现几百个机密文件,https://news.sina.com.cn/c/2025-05-15/doc-inewqxsh0302076.shtml,2025-05-15 08:29:00,微信公众号“国家安全部”15日发布一份机密档案的故事，来自真实案件：我是一份机密档案。 从诞生起，我就由专人照料，生活在恒温恒湿的舒适环境中...,国家安全部
知敬畏而后担使命,https://news.sina.com.cn/c/2025-05-15/doc-inewqxsh0299033.shtml,2025-05-15 08:25:00,从古至今，在中华民族的基因和血脉中，始终深藏一份敬畏之心。《周易》有言：“君子敬以直内，义以方外，敬义立而德不孤”，强调要树立恭敬、仁义的品德；《道德经》中讲...,"真理,马克思主义"
本期关注 | 着力推动正风反腐一体深化,https://news.sina.com.cn/c/2025-05-15/doc-inewqxsa8531747.shtml,2025-05-15 08:24:00,对话嘉宾任增强 山西省朔州市委常委，市纪委书记、监委主任高靖生 湖南省益阳市委常委，市纪委书记、监委主任 二十届中央纪委四次全会明确提出“健全不正之风和腐败问题同查...,"同治,腐败"
高台：巡察“铁脚板”访出民生“真问题”,https://news.sina.com.cn/c/2025-05-15/doc-inewqxsa8531642.shtml,2025-05-15 08:23:00,“阿姨，您平时到村上办事都顺利不？村干部的服务态度怎么样？”“叔，您是二十多年的老党员了，对咱村的发展现状有什么看法？还有哪些问题和不足？,巡察
清风为伴产业兴 | 湄洲岛上旅游旺,https://news.sina.com.cn/c/2025-05-15/doc-inewqxsa8531553.shtml,2025-05-15 08:23:00,五月，海风温柔，阳光正好，福建莆田的湄洲岛国家旅游度假区迎来了旅游旺季。“您好，您买票和乘船的时候工作人员服务态度怎么样？,
庆阳：发挥巡察“熔炉”作用  让年轻干部在一线淬炼成长,https://news.sina.com.cn/c/2025-05-15/doc-inewqxsh0298275.shtml,2025-05-15 08:23:00,“参加市委巡察是一次非常难得的锻炼机会，让我深入了解各部门工作职能的同时，拓宽了视野。而且通过监督别人，也进行了一次全面自我检视。,
年内首次降准落地！释放长期流动性约1万亿元,https://news.sina.com.cn/o/2025-05-15/doc-inewqxsi9728454.shtml,2025-05-15 08:06:00,据新华社消息，中国人民银行近日宣布，自5月15日起，下调金融机构存款准备金率0.5个百分点（不含已执行5%存款准备金率的金融机构）...,"存款准备金率,流动性,金融租赁"
【8点见】小伙为救同学耽误考试，官方：启用副题安排考试,https://news.sina.com.cn/c/2025-05-15/doc-inewqxsa8527735.shtml,2025-05-15 08:01:00,来源：央视网央视网消息：每天8点，央视网为您梳理24小时内发生在咱们身边的大小事儿。 ·外交部：中方有关芬太尼关税的反制措施仍然有效。,中国
紧盯权力寻租本质 从源头加强防范治理 揭开期权腐败“隐身衣”,https://news.sina.com.cn/c/2025-05-15/doc-inewqxsi9723075.shtml,2025-05-15 07:43:00,“我委收到纪检监察建议书后，针对市排水工程管理处原党委书记杨侃‘期权腐败’案暴露的问题开展自查自纠……”近日，广西壮族自治区桂林市纪委监委驻市城市管理委员会纪检监察组...,"腐败,退休"
支持体育场馆“低免”开放、购置管护运动设施、继续全民体质监测 1.87亿元 助力江苏人快乐“动起来”,https://news.sina.com.cn/c/2025-05-15/doc-inewqxse5294433.shtml,2025-05-15 07:35:00,近日，江苏省财政厅会同省体育局下达2025年度中央和省级专项资金1.87亿元，助推全民健身活动开展。这一笔补助资金将用在何处？如何满足群众的多元需求...,"体育场馆,体育局"
突出面向就业重点群体和转岗稳岗职工 江苏实施“技能照亮前程”培训行动,https://news.sina.com.cn/c/2025-05-15/doc-inewqxsi9720428.shtml,2025-05-15 07:35:00,省人社厅和省财政厅近日联合下发通知，将用3年时间，实施“技能照亮前程，强企稳岗惠民”培训行动。培训行动突出面向离校未就业高校毕业生等就业重点群体和企业转岗稳岗职工...,"就业,江苏省"
我省各地密集开展“护航民企”专项普法活动,https://news.sina.com.cn/c/2025-05-15/doc-inewqxsh0284866.shtml,2025-05-15 07:34:00,今年5月是第5个“民法典宣传月”。从法治文艺演出到法律咨询“问诊”，从互动式宣讲到深入企业“法治体检”……连日来，全省各地以民法典进企业为重点，以护航民企发展...,"民法典,法律,企业法治素养测评问卷"
锲而不舍落实中央八项规定精神 在严查严纠上下功夫,https://news.sina.com.cn/c/2025-05-15/doc-inewqxsa8519893.shtml,2025-05-15 07:34:00,坚持以学促干 强化监督执纪在严查严纠上下功夫 近日，湖南省湘西土家族苗族自治州纪委监委党风政风监督室召开室务会，对“五一”期间收集到的涉及“四风”问题线索进行分析研判...,纪检监察
江苏12个市辖区入选“全国旅游综合实力百强”,https://news.sina.com.cn/c/2025-05-15/doc-inewqxsh0284805.shtml,2025-05-15 07:34:00,2025世界品牌莫干山大会日前在浙江省湖州市落下帷幕，活动期间，《全国市辖区旅游研究报告2025》正式发布。江苏共有12个市辖区入选全国市辖区旅游综合实力“百强”。,江苏省
《中国纪检监察报》头版、中央纪委国家监委网站｜,https://news.sina.com.cn/c/2025-05-15/doc-inewqxsh0287991.shtml,2025-05-15 07:30:00,日前，贵州省纪委监委调研法规部门牵头，对规范性文件执行情况开展监督检查、执行后评估，共计发现问题43个。“开展执行后评估，既有助于压实执行责任、纠正执行偏差...,"中央纪委,中国纪检监察报,贵州省"
图片新闻-广西纪检监察网,https://news.sina.com.cn/c/2025-05-15/doc-inewqxsh0285235.shtml,2025-05-15 07:26:00,广西壮族自治区岑溪市纪委监委围绕特色产业发展各环节，组织纪检监察干部下沉一线，广泛收集意见建议，摸排问题线索，为乡村振兴保驾护航。,"广西壮族自治区,纪检监察,岑溪市"
紧盯突出问题系统整治 为国企高质量发展提供坚强保障,https://news.sina.com.cn/c/2025-05-15/doc-inewqxse5292949.shtml,2025-05-15 07:18:00,聚焦围绕“四新”主攻“四化”、贯彻落实中央八项规定精神等重点工作，省纪委监委以专项监督为抓手，推进政治监督具体化、精准化、常态化...,"贵州省,腐败"
全省普通高校招生考试安全工作会议召开,https://news.sina.com.cn/c/2025-05-15/doc-inewqxsi9718784.shtml,2025-05-15 07:18:00,5月14日，2025年全省普通高校招生考试安全工作视频会议在郑州召开。 副省长宋争辉出席会议并讲话。宋争辉指出，高考综合改革是党中央作出的一项重大决策...,河南省
方圆谈 | 秉持公心促亲清,https://news.sina.com.cn/c/2025-05-15/doc-inewqxsa8526832.shtml,2025-05-15 07:08:00,重庆市万州区人大常委会原党组书记、主任白文农因严重违纪违法被开除党籍，其与不法商人深度勾连，利用职务便利为他人在土地收储、企业经营等方面谋利...,"方圆,党员干部"
六盘水：“提醒+监督”筑牢节日廉洁防线,https://news.sina.com.cn/c/2025-05-15/doc-inewqxsh0292513.shtml,2025-05-15 07:03:00,“‘五一’清风伴、廉字驻心间……”“五一”期间，六盘水市纪委监委向全市党员领导干部发送廉政短信，提醒党员干部廉洁过节、严防“四风”。,六盘水市
互降关税后 中国至美国集装箱运输预订量飙升近300%,https://news.sina.com.cn/c/2025-05-15/doc-inewqxsh0319191.shtml,2025-05-15 06:52:00,总台记者当地时间14日获悉，贸易追踪机构Vizion公布的数据显示，在美国和中国互降关税之后，在美国下单的从中国到美国的集装箱运输预订量飙升近300%。Vizi,
安庆宜秀：深化以评促改 提升案件质量,https://news.sina.com.cn/c/2025-05-15/doc-inewqtkm9840347.shtml,2025-05-15 06:33:00,“文书制作不严谨、案卷整理不及时、处分决定未宣布……”日前，宜秀区纪委监委对四月份案件质量评查情况进行了通报，面对面反馈问题，并提出整改建议。,安庆市
早间播报【2025年5月15日】,https://news.sina.com.cn/c/2025-05-15/doc-inewqtkm9842884.shtml,2025-05-15 06:21:00,● 今天出版的中国纪检监察报头版以《揭开期权腐败“隐身衣”》为题，报道了多地纪检监察机关为防范破解“期权腐败”问题，加强对离职退休公职人员，曾任职于重要领域...,"安徽省,纪检监察,中国纪检监察报"
美股收盘：英伟达、特斯拉双双涨超4% 中概股跑赢大盘,https://news.sina.com.cn/c/2025-05-15/doc-inewqtkm9834799.shtml,2025-05-15 05:42:00,财联社5月15日讯（编辑赵昊）周三（5月14日），美股三大指数涨跌不一，道琼斯指数走低，标普500指数艰难走出三连涨，纳指则连涨第六天。截至收盘，标普500指数,
为躲冰雹把车停桥下致严重拥堵，违法吗？律师解读,https://news.sina.com.cn/c/2025-05-15/doc-inewqpan0519941.shtml,2025-05-15 03:06:00,5月13日晚 北京突降冰雹 有车辆为躲避冰雹滞留在天桥下 导致后方车辆排起长龙的现象 网传视频显示 数条车道都被躲冰雹的车辆堵死 后方车辆汽笛声长鸣 相关话题冲上热搜榜 ...,"冰雹,违停"
警方通报：23岁男子持刀刺伤29岁女子，涉嫌故意杀人被刑拘,https://news.sina.com.cn/c/2025-05-15/doc-inewqanu0193095.shtml,2025-05-14 23:26:00,来源：江苏新闻 5月14日，四川成都市公安局郫都区分局发布警情通报称，2025年5月14日11时42分，警方接群众报警称，犀浦街道粮河路发生持械伤人事件。,
万科再获深铁集团借款，今年已累计获股东借款近120亿元,https://news.sina.com.cn/c/2025-05-15/doc-inewqann8980289.shtml,2025-05-14 22:26:00,大股东深铁集团再度“输血”万科。 5月14日，万科企业股份有限公司（000002.SZ）发布公告称，公司第一大股东深圳市地铁集团有限公司（简称“深铁集团”）拟向公司提供借款...,万科
商务部新闻发言人就出口管制管控名单答记者问,https://news.sina.com.cn/c/2025-05-14/doc-inewqans0740719.shtml,2025-05-14 22:09:00,有记者问：我们注意到，中美日内瓦经贸会谈联合声明中提到中方将暂停或取消自2025年4月2日起针对美国的非关税反制措施，请问在出口管制管控名单方面有什么考虑？,
商务部新闻发言人就出口管制管控名单答记者问,https://news.sina.com.cn/c/2025-05-15/doc-inewqann8997618.shtml,2025-05-14 22:08:00,来源：央视网央视网消息：据商务部网站消息，商务部新闻发言人就出口管制管控名单答记者问。 有记者问：我们注意到，中美日内瓦经贸会谈联合声明中提到中方将暂停或取消自2...,"商务部,中美"
商务部新闻发言人就暂停17家美国实体不可靠实体清单措施答记者问,https://news.sina.com.cn/c/2025-05-14/doc-inewqann8972709.shtml,2025-05-14 22:06:00,有记者问：中美日内瓦经贸会谈联合声明中提到中方将暂停或取消自2025年4月2日起针对美国的非关税反制措施，请问在不可靠实体清单方面有什么考虑？,
中国乒协坚决抵制恶意造谣，刘国梁将于5月21日前往多哈参加国际乒联会议,https://news.sina.com.cn/c/2025-05-14/doc-inewqann8970251.shtml,2025-05-14 21:55:00,今日（5月14日）开始，关于国际乒联第一副主席、WTT世界乒联主席、中国乒协原主席刘国梁的不实内容突然在互联网传播，引发大量关注。,
高铁冲刺，谁在“狂飙”？,https://news.sina.com.cn/c/2025-05-14/doc-inewpweu0866018.shtml,2025-05-14 21:46:00,每经记者｜淡忠奎每经编辑｜刘艳美 近日，新建渝厦高铁重庆东至黔江段（以下简称“渝厦高铁重庆段”）正式进入试运行阶段，有望在今年上半年开通...,
重大调整！美国对华小额包裹从价税率从120%降至54%,https://news.sina.com.cn/o/2025-05-14/doc-inewpwew0299811.shtml,2025-05-14 21:36:00,美方下调或撤销对中国小额包裹（包括香港特别行政区小额包裹）加征的关税，将国际邮件从价税率由120%下调至54%，撤销原定于2025年6月1日起将从量税由每件100美元调增为200...,"美国,跨境电商,香港特别行政区"
中美互降关税48小时：美国客户“砸单”，义乌工厂加急发货,https://news.sina.com.cn/o/2025-05-14/doc-inewpweq9094446.shtml,2025-05-14 21:24:00,“美国客户已经全部要求发货了，订单量也实现了增长。” 5月14日，义乌市梦成玩具公司负责人成正仁向新京报贝壳财经记者透露，其中一款套装玩具的出货量增加到了18万套...,"美国,中美,义乌市"
刘国梁受邀成为“联合国运动会大使”,https://news.sina.com.cn/c/2025-05-14/doc-inewpwes5866300.shtml,2025-05-14 21:15:00,来源：《乒乓世界》杂志  5月13日，联合国第二届运动会在纽约闭幕。联合国运动会组委会主席、土库曼斯坦常驻代表阿克索尔坦·阿塔耶娃大使在闭幕式上致辞。,
国家发展改革委主任郑栅洁主持召开座谈会，听取民营企业意见建议,https://news.sina.com.cn/c/2025-05-14/doc-inewpweu0846748.shtml,2025-05-14 20:27:00,5月14日，国家发展改革委主任郑栅洁主持召开民营企业座谈会，重点就当前经济形势及稳就业稳经济政策落实等情况听取意见建议。会上，参会企业负责人既介绍了企业...,
听习近平讲作风故事｜谷文昌的实事求是,https://news.sina.com.cn/c/xl/2025-05-14/doc-inewpweu0844372.shtml,2025-05-14 20:16:00,当前，全党上下正在开展深入贯彻中央八项规定精神学习教育，纵深推进作风建设。关于作风建设，习近平总书记常用讲故事的方式，传达深意、感染他人，给人以思想启迪。南方网,
述评｜不辍和平之志 高扬合作之帆,https://news.sina.com.cn/c/xl/2025-05-14/doc-inewpwew0279727.shtml,2025-05-14 20:16:00,新华社北京5月12日电 题：不辍和平之志高扬合作之帆新华社记者今年是中国人民抗日战争、苏联伟大卫国战争暨世界反法西斯战争胜利80周年，也是联合国成立80周年。在,
习近平主席会见智利总统博里奇,https://news.sina.com.cn/c/xl/2025-05-14/doc-inewpweq9078433.shtml,2025-05-14 20:13:00,5月14日上午，国家主席习近平在北京人民大会堂会见来华出席中拉论坛第四届部长级会议的智利总统博里奇。5月14日上午，国家主席习近平在北京人民大会堂会见来华出席中拉论坛...,
习近平会见哥伦比亚总统佩特罗,https://news.sina.com.cn/c/xl/2025-05-14/doc-inewpwes5852751.shtml,2025-05-14 20:12:00,5月14日上午，国家主席习近平在北京人民大会堂会见来华出席中拉论坛第四届部长级会议的哥伦比亚总统佩特罗。 习近平指出，哥伦比亚是拉美重要国家...,
习近平：共同谱写构建中拉命运共同体新篇章,https://news.sina.com.cn/c/xl/2025-05-14/doc-inewpwes5853689.shtml,2025-05-14 20:11:00,制作：陈泉伊 岳小乔 皇甫凌雨,
时政微观察丨四个关键词读懂中拉命运共同体,https://news.sina.com.cn/c/xl/2025-05-15/doc-inewqxsi9736109.shtml,2025-05-14 20:03:00,5月13日，习近平主席在北京出席中国-拉美和加勒比国家共同体论坛第四届部长级会议开幕式并发表主旨讲话。 “中拉已经成为携手共进的命运共同体，其鲜明底色是平等相待...,
浙江省能源集团原党委书记童亚辉主动投案,https://news.sina.com.cn/c/2025-05-14/doc-inewpweu0835959.shtml,2025-05-14 19:43:00,据浙江省纪委监委5月14日消息：浙江省能源集团原党委书记、董事长童亚辉涉嫌严重违纪违法，主动投案，目前正接受浙江省纪委监委纪律审查和监察调查。,
原董事长赵伟国被判死缓，紫光集团破产重组后如何“求生”？,https://news.sina.com.cn/c/2025-05-14/doc-inewprwy0396659.shtml,2025-05-14 19:22:00,紫光系巨轮“何去何从”？ 据央视新闻，5月14日，吉林省吉林市中级人民法院一审公开宣判紫光集团原董事长赵伟国贪污、为亲友非法牟利、背信损害上市公司利益案...,"赵伟国,紫光集团,并购"
免签国+1 中乌（兹别克斯坦）互免签证协定即将生效,https://news.sina.com.cn/c/2025-05-14/doc-inewprwy0397308.shtml,2025-05-14 18:37:00,据外交部领事司消息，《中华人民共和国政府和乌兹别克斯坦共和国政府关于互免签证的协定》将于2025年6月1日生效。 根据协定，持有效的中国公务...,
央行：4月末广义货币M2余额325.17万亿元，同比增长8%,https://news.sina.com.cn/c/2025-05-14/doc-inewpmra0482633.shtml,2025-05-14 17:13:00,央行5月14日发布2025年4月金融统计数据报告：一、广义货币增长8%4月末，广义货币(M2)余额325.17万亿元，同比增长8%。狭义货币(M1)余额109.,
央行：前四个月人民币存款增加12.55万亿元,https://news.sina.com.cn/c/2025-05-14/doc-inewpmqy1045203.shtml,2025-05-14 17:08:00,央行5月14日公布数据显示，4月末，本外币存款余额321.68万亿元，同比增长8.2%。月末人民币存款余额314.78万亿元，同比增长8%。,
紫光集团原董事长赵伟国一审被判死缓,https://news.sina.com.cn/c/2025-05-14/doc-inewpmra0476665.shtml,2025-05-14 17:00:00,2025年5月14日，吉林省吉林市中级人民法院一审公开宣判紫光集团原董事长赵伟国贪污、为亲友非法牟利、背信损害上市公司利益案，对被告人赵伟国以贪污罪判处死刑...,
事关藏南地区，外交部回应印度,https://news.sina.com.cn/c/2025-05-14/doc-inewpmqy1040733.shtml,2025-05-14 16:56:00,来源：直新闻 14日，外交部发言人林剑主持例行记者会。路透社记者提问，印度外交部日前发表声明称，印度反对中国对“阿鲁纳恰尔邦”（中国称藏南地区）多处地点进行重新命名...,
新华时评·锲而不舍落实中央八项规定精神丨中央八项规定是铁规矩、硬杠杠,https://news.sina.com.cn/c/2025-05-14/doc-inewpmqy1028228.shtml,2025-05-14 16:19:00,日前，中央层面深入贯彻中央八项规定精神学习教育工作专班、中央纪委办公厅公开通报河南省信阳市、罗山县10名干部在学习教育期间违规吃喝...,新华时评
中国结算启动一季度异常账户核查，关注异常账户是否存在配资嫌疑,https://news.sina.com.cn/c/2025-05-14/doc-inewpmqy1040985.shtml,2025-05-14 16:00:00,记者5月14日从业内获悉，中国结算近日启动2025年第一季度异常账户核查工作，以落实证券账户实名制管理规定，防范和打击违法违规使用证券账户行为。,
莫让公权成为“霸道”的资本,https://news.sina.com.cn/c/2025-05-14/doc-inewpmqu9255616.shtml,2025-05-14 15:54:00,,
“上海市法院以间谍罪判处一名日本男子有期徒刑12年”，外交部回应,https://news.sina.com.cn/c/2025-05-14/doc-inewpmqw6023175.shtml,2025-05-14 15:37:00,【环球时报-环球网报道 记者 邢晓婧】14日，外交部发言人林剑主持例行记者会。日本共同社记者提问称，昨天上海市法院以间谍罪判处一名日本男子有期徒刑12年...,
外交部：美对华加征芬太尼关税，中方的反制措施仍然有效,https://news.sina.com.cn/c/2025-05-14/doc-inewpmqy1008252.shtml,2025-05-14 15:34:00,5月14日，外交部发言人林剑主持例行记者会。有记者提问，据报道，中美在日内瓦举行经贸高层会谈后，中方将在初始90天内将对美商品关税从125%降至10%，同时美方,
七部门：设立“国家创业投资引导基金” 建立债券市场“科技板”,https://news.sina.com.cn/c/2025-05-14/doc-inewpmqw6028704.shtml,2025-05-14 15:33:00,科技部等7部门印发《加快构建科技金融体制 有力支撑高水平科技自立自强的若干政策举措》。其中提出，推动科技金融开放合作。支持外商投资境内科技型企业...,
枞阳：多措并举提升案件查办质效,https://news.sina.com.cn/c/2025-05-14/doc-inewpmra0441350.shtml,2025-05-14 15:33:00,“你室有一条问题线索初步核实已超过三个月，请加快办理速度……”这是铜陵市枞阳县纪委监委案件监督管理室强化审核把关，压紧压实案件质量责任的一个缩影。,
收评：沪指涨0.86%重回3400点 保险等大金融股集体爆发,https://news.sina.com.cn/c/2025-05-14/doc-inewpmqu9234173.shtml,2025-05-14 15:03:00,来源：财联社  财联社5月14日电，市场午后在金融股带动下震荡走高，创业板指领涨，沪指重回3400点上方。沪深两市全天成交额1.32万亿，较上个交易日放量252亿。,
中交三航局加快建设平陆运河 发挥西部陆海新通道沿线资源优势,https://news.sina.com.cn/c/2025-05-14/doc-inewpfhw9351840.shtml,2025-05-14 14:20:00,当下，平陆运河项目建设正如火如荼进行中。该项目建成后，将直接连通西江航运干线与北部湾国际枢纽海港，成为我国西南地区通往东盟的最便捷通道。,南宁市
新款iPhone大降价，最高降2500元,https://news.sina.com.cn/c/2025-05-14/doc-inewpfia1106193.shtml,2025-05-14 14:08:00,据多家媒体报道，苹果向渠道商下发了调价通知，iPhone 16 Pro和iPhone 16 Pro Max所有容量版本降价超千元。有渠道商认为，苹果此次调价是在为即将到来的“618”大促做准备。,iPhone
贵州省2名县处级干部被开除党籍和公职,https://news.sina.com.cn/c/2025-05-14/doc-inewpfie0552742.shtml,2025-05-14 14:00:00,黔南州罗甸县委原常委、县政府原副县长赵俊被开除党籍和公职据黔南州纪委监委消息：经黔南州委批准，黔南州纪委监委对罗甸县委原常委...,"黔南州,毕节市,赵俊"
潮汕豪宅“英之园”将被拆，占地57亩,https://news.sina.com.cn/c/2025-05-14/doc-inewpfhy6122664.shtml,2025-05-14 14:00:00,近日，网传“耗资10亿元潮汕豪宅‘英之园’将被强制拆除”一事引发关注。5月9日，广东省汕头市潮阳区人民政府发布了一则强制拆除公告。该《汕头市潮阳区人民政府强制拆,
沪指重回3400点,https://news.sina.com.cn/c/2025-05-14/doc-inewpfhw9338633.shtml,2025-05-14 13:29:00,财联社5月14日电，指数午后大幅走高，沪指拉升涨超0.75%，重回3400点，大金融、港口航运、物流、化工等方向涨幅居前，沪深京三市上涨个股近2000只。,
三大指数全线翻红 上证50涨超1%,https://news.sina.com.cn/c/2025-05-14/doc-inewpfia1090660.shtml,2025-05-14 13:14:00,财联社5月14日电，保险等大金融股发力，指数午后再度走高，三大指数全线翻红，上证50指数涨超1%。,
我国成功发射太空计算卫星星座,https://news.sina.com.cn/c/2025-05-14/doc-inewpfie0519362.shtml,2025-05-14 12:50:00,5月14日12时12分，我国在酒泉卫星发射中心使用长征二号丁运载火箭，成功将太空计算卫星星座发射升空，卫星顺利进入预定轨道，发射任务获得圆满成功。这次任务是长征,
125%→10%、24%税率暂停90天 对美关税开始调整,https://news.sina.com.cn/c/2025-05-14/doc-inewnyyy9459109.shtml,2025-05-14 12:44:00,今日（5月14日）12时01分起，我国对原产于美国的进口商品加征关税调整措施开始实施。有关事项如下：一、调整《国务院关税税则委员会关于对原产于美国的进口商品加征,
中蒙两国第二条跨境铁路今天开工,https://news.sina.com.cn/c/2025-05-14/doc-inewnyyy9458168.shtml,2025-05-14 12:41:00,记者今天从国家能源集团获悉，中蒙两国第二条跨境铁路——中国甘其毛都至蒙古国嘎舒苏海图铁路工程正式开工。这是继1956年二连浩特至扎门乌德铁路建成通车后，时隔近7,
破解熟人社会监督难题,https://news.sina.com.cn/c/2025-05-14/doc-inewnyyy9454181.shtml,2025-05-14 12:24:00,“案件跨度时间长、涉及项目多，涉案人员在地方长期任职，给案件查办带来较大阻碍，片区协作是突破该案关键举措。”近日，谈及此前查办的铁山港区营盘镇乡村振兴办公室原主任...,巡察
“多年来已致17人身亡”的铁路再发火车撞死人事故，官方：已联系到死者家属,https://news.sina.com.cn/c/2025-05-14/doc-inewnyze1212323.shtml,2025-05-14 12:20:00,极目新闻记者 丁伟 据媒体报道，2025年4月6日，湖南省张家界市永定区宋家湾村发生一起火车撞人事故，15岁的残障留守女孩殒命于从村里经过的焦柳线铁轨上。,"身亡,官方,火车"
《长安三万里》在台公映广受好评 国台办：希望更多大陆优秀影视作品入台播映,https://news.sina.com.cn/c/2025-05-14/doc-inewnyze1207841.shtml,2025-05-14 12:08:00,5月14日，国务院台办举行例行新闻发布会。有记者问：4月30日，大陆动画电影《长安三万里》在台湾公映，除普通话版外，还专门推出闽南语版，受到岛内观众欢迎和好评。,"长安三万里,影视作品,台湾省"
广西崇左:紧盯农村集体“三资” 守好集体家底,https://news.sina.com.cn/c/2025-05-14/doc-inewnyzh0635289.shtml,2025-05-14 11:56:00,“刚知道屯集体的60多万资金被挪用时，大家都很焦急。后来纪委很快就把钱追回来了。现在开支一月一公布，进多少、出多少、剩多少都很清楚，心里很踏实。,"农村集体,崇左市,纪检监察"
打通灌溉用水“大动脉”让农田喝足“丰产水”,https://news.sina.com.cn/c/2025-05-14/doc-inewnyzh0631197.shtml,2025-05-14 11:45:00,近日，合山市岭南镇纪委工作人员前往溯河村甘蔗种植基地回访时发现，近期完工的岭南镇溯河村桂中治旱干渠取水配套工程各项设施运转正常...,农业农村
漫画长图 | 贵州廉洁故事：陶惕成呕心沥血建水钢,https://news.sina.com.cn/c/2025-05-14/doc-inewnyze1202892.shtml,2025-05-14 11:40:00,来源：贵州省纪委监委网站,贵州省
A股午评：上证指数涨0.19%，创业板指跌0.22%，大金融板块走强，多只银行股创历史新高,https://news.sina.com.cn/c/2025-05-14/doc-inewnyze1194166.shtml,2025-05-14 11:36:00,5月14日，A股三大指数早盘涨跌不一，截至午盘，沪指涨0.19%，深成指跌0.26%，创业板指跌0.22%，北证50指数跌0.36%。沪深两市成交额约7168.,
赖清德称台湾与日本像家人，国台办：赖清德背叛民族令人不齿,https://news.sina.com.cn/c/2025-05-14/doc-inewnyza6206274.shtml,2025-05-14 11:25:00,[#赖清德称台湾与日本像家人#，国台办：#赖清德背叛民族令人不齿#]有记者问，赖清德日前在台南参加八田与一纪念会时称，台湾与日本的感情不是只像朋友一样...,
国台办：对两岸通电抱持积极态度,https://news.sina.com.cn/c/2025-05-14/doc-inewnyza6203864.shtml,2025-05-14 11:21:00,5月14日，国务院台办举行例行新闻发布会。有记者问：近期，高雄市、台南市多地多次出现停电事件，引发民众忧虑岛内“核电归零”后会出现缺电危机。有岛内舆论质疑，民进,
百色：用好身边案做实以案促改促治,https://news.sina.com.cn/c/2025-05-14/doc-inewnyza6201853.shtml,2025-05-14 11:15:00,日前，百色市委召开全市党员干部警示教育大会，通报该市人大常委会原党组成员、副主任石永超，市政协原党组成员、副主席伍奕蓉严重违纪违法案件...,"百色市,党员干部"
国台办：80年前，台湾重归中国版图，80年后，不可能让台湾分裂出去,https://news.sina.com.cn/o/2025-05-14/doc-inewnyze1180096.shtml,2025-05-14 11:09:00,据人民日报消息，国台办发言人陈斌华14日针对赖清德有关言论指出，第二次世界大战是人类历史上的一场空前浩劫。中国作为亚洲主战场...,"台湾省,中国,历史"
赖清德为临阵脱逃作准备 国台办：绝不会任台独祸首逍遥法外,https://news.sina.com.cn/c/2025-05-14/doc-inewnyyy9427194.shtml,2025-05-14 11:04:00,[#赖清德为临阵脱逃作准备# 国台办：#绝不会任台独祸首逍遥法外#] 国务院台办14日举行的例行新闻发布会上，有记者问：台媒报道，民进党当局加紧采购“爱国者”导弹...,
国台办：民进党当局刻意刁难大陆配偶 这是不折不扣的政治迫害,https://news.sina.com.cn/c/2025-05-14/doc-inewnyzh0610805.shtml,2025-05-14 11:00:00,5月14日，国务院台办举行例行新闻发布会。有记者问，台媒报道，为抗议民进党当局对大陆配偶的打压迫害，岛内社会团体号召民众10日举行了“挺陆配、反迫害”大游行。对,
国务院办公厅印发《国务院2025年度立法工作计划》,https://news.sina.com.cn/c/2025-05-14/doc-inewnyzh0612404.shtml,2025-05-14 11:00:00,新华社北京5月14日电 经党中央、国务院同意，国务院办公厅日前印发《国务院2025年度立法工作计划》（以下简称《国务院立法计划》）。,"国务院,国务院立法计划,党中央"
国台办回应民进党当局加紧采购爱国者导弹,https://news.sina.com.cn/c/2025-05-14/doc-inewnyyy9422292.shtml,2025-05-14 10:59:00,5月14日上午，国台办举行例行新闻发布会。记者：台媒报道，民进党当局加紧采购“爱国者”导弹，并抽调台海军陆战队组成战斗队护卫“大台北地区”，还多次进行所谓应对“,
哪吒汽车母公司合众新能源被申请破产审查，其三年合计亏损超183亿元,https://news.sina.com.cn/c/2025-05-14/doc-inewnyze1178911.shtml,2025-05-14 10:58:00,红星资本局5月14日消息，全国企业破产重整案件信息网显示，5月13日，哪吒汽车母公司合众新能源汽车股份有限公司（下称：合众新能源）新增一则破产审查案件...,"合众,新能源,港交所"
国台办回应新台币汇率近期出现暴涨,https://news.sina.com.cn/c/2025-05-14/doc-inewnyzh0609924.shtml,2025-05-14 10:54:00,来源：日月谭天 [#国台办回应新台币汇率近期出现暴涨#]5月14日上午，国台办举行例行新闻发布会。记者：新台币汇率近期出现暴涨，岛内舆论认为，或与美台关税谈判有关...,
国台办回应台当局删除“汉人”表述：荒谬绝伦，可笑至极,https://news.sina.com.cn/c/2025-05-14/doc-inewnyzh0612749.shtml,2025-05-14 10:47:00,来源：央视网央视网消息：2025年5月14日上午，国务院台湾事务办公室举行例行新闻发布会，发言人就近期两岸热点问题回答记者提问。,"国台办,台当局"
国台办回应台当局删除汉人表述：荒谬绝伦，可笑至极,https://news.sina.com.cn/c/2025-05-14/doc-inewnyzh0605392.shtml,2025-05-14 10:45:00,[#国台办回应台当局删除汉人表述#：荒谬绝伦，可笑至极]#国台办批台当局花招百出操弄去中国化# 国务院台办14日举行的例行新闻发布会上，有记者问：近日...,
国台办：台湾自古属于中国，历史经纬清晰，法理事实清楚,https://news.sina.com.cn/c/2025-05-14/doc-inewnyzh0612167.shtml,2025-05-14 10:35:00,5月14日，国务院台办举行例行新闻发布会。有记者问：5月7日，习近平主席在俄罗斯媒体发表署名文章，强调今年是台湾光复80周年，台湾回归中国是二战胜利成果和战后国际秩序...,"台湾省,中国,波茨坦公告"
中国至越南河内国际道路运输线路正式开通,https://news.sina.com.cn/o/2025-05-14/doc-inewnyza6186752.shtml,2025-05-14 10:34:00,据新华社消息，5月14日10点40分，随着发车指令声响，搭载着电子元器件、新鲜蔬菜、百货的运输车队从广西南宁、云南昆明同步发车向越南河内驶去。,中国
盲人办卡被要求“睁眼”认证？解决办法是……网友：荒唐！,https://news.sina.com.cn/c/2025-05-14/doc-inewnuth1237855.shtml,2025-05-14 10:25:00,来源：中国青年报 5月13日，江苏扬州的一位盲人办理手机卡时，无法完成刷脸验证的消息，引发关注。 央广网报道，5月初，80周岁的管先生在保姆的陪同下...,"盲人,办法"
广州：支持符合条件的养老产业企业通过上市、挂牌、发债等方式，扩大直接融资渠道,https://news.sina.com.cn/c/2025-05-14/doc-inewnuta9532855.shtml,2025-05-14 10:09:00,《广州市关于促进养老金融高质量发展若干措施》日前印发。其中提到，拓展丰富融资渠道。支持符合条件的养老产业企业通过上市、挂牌、发债等方式，扩大直接融资渠道。用好区,
搞权色钱色权钱交易，重庆市委政法委原书记陆克华被决定逮捕,https://news.sina.com.cn/c/2025-05-14/doc-inewnutk0715434.shtml,2025-05-14 10:02:00,来源：检察日报正义网 正义网记者5月14日从最高人民检察院获悉，重庆市委原常委、政法委原书记陆克华涉嫌受贿一案，由国家监察委员会调查终结，移送检察机关审查起诉。,
A股开盘：上证指数低开0.02%，创业板指平开，PEEK材料概念走弱,https://news.sina.com.cn/c/2025-05-14/doc-inewnuta9505923.shtml,2025-05-14 09:27:00,5月14日早间A股开盘，上证指数跌0.02%，深证成指跌0.09%，创业板指平开，北证50跌0.22%。铜缆高速连接概念股走强，TOPCon电池、HIT电池、纳,
广东省原省长卢瑞华逝世,https://news.sina.com.cn/c/2025-05-14/doc-inewnute6268974.shtml,2025-05-14 09:09:00,澎湃新闻 综合报道 据南方日报消息，中国共产党的优秀党员，久经考验的忠诚的共产主义战士，中共广东省委原副书记、广东省原省长卢瑞华同志因病医治无效...,"广东省,中国共产党,党员"
方圆谈 | 天下之本在家,https://news.sina.com.cn/c/2025-05-14/doc-inewnuta9490506.shtml,2025-05-14 08:48:00,漫步于江苏无锡寄畅园，仿佛置身于山水画之中，让人流连忘返。寄畅园是明代官宦世家秦氏的私家园林，万历年间进行了扩建；同时期还有个邹氏家族，兴建了愚公谷...,方圆
网购普洱茶饼无生产日期引发纠纷 法院：卖家退一赔十,https://news.sina.com.cn/c/2025-05-14/doc-inewnutk0672735.shtml,2025-05-14 08:35:00,像普洱茶饼这样一些长时间“放不坏”的预包装食品，是不是就可以因为它耐储存的特性，而不标注生产日期？有的消费者可能觉得影响不大、无所谓...,"食品,消费者,食品安全"
夫妻家中印制假币被抓！每天印多少花多少，交易过程曝光，查获大量犯罪证据！警方披露详情,https://news.sina.com.cn/c/2025-05-14/doc-inewnuta9489535.shtml,2025-05-14 08:31:00,5月13日，江西公安部门公布了一起印制假币案。 2023年9月，江西省抚州市公安局经侦支队的民警连续接到了多起群众举报，称市区内有人在使用假币。,"假币,曝光,抚州市"
百余吨设备厘米级就位 外墙板材模块化拼接——探访500千伏雄安变电站新疆工程现场,https://news.sina.com.cn/c/2025-05-14/doc-inewnuth1233340.shtml,2025-05-14 08:30:00,初夏时节，河北500千伏雄安变电站新建工程现场机械轰鸣。施工人员有序开展气体绝缘全封闭组合电器对接电流互感器、上跨线软母线安装等作业。,新疆
中国航发“太行25”燃气轮机累计运行突破20000小时,https://news.sina.com.cn/c/2025-05-14/doc-inewnuth1233287.shtml,2025-05-14 08:30:00,近日，中国航发“太行25”燃气轮机发电机组单台安全、高效运行超过20000小时，累计发电超过3.2亿度。“太行25”燃气轮机发电机组是中国航发燃机具有完全自主知识产权的25MW级大...,中国
我国在建海拔最高双曲拱坝电站取出世界最长“芯”,https://news.sina.com.cn/c/2025-05-14/doc-inewnutk0668694.shtml,2025-05-14 08:30:00,5月11日，我国在建海拔最高双曲拱坝电站——华电金上叶巴滩水电站大坝成功取出一根长度38.10米的混凝土芯样，打破了国内外同类坝型大坝取芯纪录，创造世界新纪录。,水电站
国家能源集团2025年一季度完成投资359.5亿元,https://news.sina.com.cn/c/2025-05-14/doc-inewnuth1233138.shtml,2025-05-14 08:30:00,一季度，国家能源集团积极应对能源市场变化，主动顺应市场供需再平衡趋势，完成投资359.5亿元，发电量2964亿千瓦时，新能源发电量日均同比增长21%，光伏发电增速保持领先...,国家能源
老挝南湃水电站投运八周年 累计发电突破30亿度,https://news.sina.com.cn/c/2025-05-14/doc-inewnutk0668596.shtml,2025-05-14 08:30:00,在湄公河一级支流南俄河支流南湃河上游峡谷，坐落着兵器工业集团北方国际海外首个以BOT（“建设-经营-转让”）模式建设的项目——老挝南湃水电站。,"老挝,北方国际,电力"
临夏州：以干部大讲堂提升纪检监察干部“看家本领”,https://news.sina.com.cn/c/2025-05-14/doc-inewnuta9479219.shtml,2025-05-14 08:30:00,近日，临夏州纪委监委“干部大讲堂”第二期开讲，80余名纪检监察干部围绕问题线索管理和处置开展专题学习。这场聚焦主责主业的培训，既是干部能力提升的“加油站”...,纪检监察
让特定关系人实际工作但领取过高薪酬如何定性,https://news.sina.com.cn/c/2025-05-14/doc-inewnute6253514.shtml,2025-05-14 08:30:00,根据“两高”《关于办理受贿刑事案件适用法律若干问题的意见》“六、关于特定关系人‘挂名’领取薪酬问题”相关规定，“国家工作人员利用职务上的便利为请托人谋取利益...,党员干部
中国石油综合施策打响防汛抗旱主动仗,https://news.sina.com.cn/c/2025-05-14/doc-inewnuta9477475.shtml,2025-05-14 08:29:00,防汛抗旱，事关人民群众生命财产安全，事关经济社会发展大局。连日来，我国多地旱情发展迅速，同时部分地区迎来强降雨天气，呈现出旱涝并存、旱涝急转的特征...,"广西,中国石油"
点题选题答题破题评题 宁县全流程监督答好民生“幸福卷”,https://news.sina.com.cn/c/2025-05-14/doc-inewnutk0670325.shtml,2025-05-14 08:25:00,这几天，庆阳市宁县二中的师生惊喜地发现，每天晚上都有两辆助学公交车停靠在学校门口公交站，等待着放学的孩子们。事情还得从今年年初说起...,
三堂会审 | 准确认定代持型受贿犯罪的既未遂,https://news.sina.com.cn/c/2025-05-14/doc-inewnuth1234736.shtml,2025-05-14 08:25:00,特邀嘉宾赵越 江苏省淮安市洪泽区纪委常委、监委委员徐闯 江苏省淮安市洪泽区纪委监委案件审理室主任郑兴顺 江苏省淮安市洪泽区人民检察院检委会专职委员严丽莉...,"淮安市,受贿罪,犯罪"
科技赋能纵深推进正风肃纪反腐,https://news.sina.com.cn/c/2025-05-14/doc-inewnuth1234498.shtml,2025-05-14 08:25:00,二十届中央纪委四次全会强调，以大数据信息化赋能正风反腐。山东省临沂市纪委监委深化数字纪检监察体系建设，推动数字技术深度融入纪检监察各项业务...,纪检监察
闭环管理抓实案件质量,https://news.sina.com.cn/c/2025-05-14/doc-inewnuta9478672.shtml,2025-05-14 08:25:00,推进纪检监察工作高质量发展，案件质量是关键。黑龙江省齐齐哈尔市纪委监委将保障和提升案件质量作为一项系统工程来抓，紧盯问题线索处置、案件查办、案件审理...,纪检监察
入境游持续升温，深圳机场口岸免签入境外籍人员暴涨超160%,https://news.sina.com.cn/c/2025-05-14/doc-inewnuth1232614.shtml,2025-05-14 08:14:00,随着免签国家范围不断扩大、国际航线不断拓展，外国人“入境游”持续升温。深圳边检总站深圳机场边检站执勤一队副队长朱鸿远表示，截至5月11日，今年以来深圳机场口岸出,
【8点见】涉“健康证”办理乱象 郑州、沈阳通报,https://news.sina.com.cn/c/2025-05-14/doc-inewnqmn0793331.shtml,2025-05-14 08:00:00,来源：央视网央视网消息：每天8点，央视网为您梳理24小时内发生在咱们身边的大小事儿。 ·外交部：坚决反对日方不反省侵略罪责，对中俄捍卫真相说三道四。,"郑州市,沈阳市"
中美日内瓦声明后，有些事情意味深长,https://news.sina.com.cn/c/2025-05-14/doc-inewnqmk1358493.shtml,2025-05-14 07:59:00,来源：北京青年报 中美日内瓦会谈取得了“出人意料”的进展，4月2日特朗普政府发起“关税战”以来，双方互加的关税大部分都取消了。此前很多人都预测到了...,"日内瓦,关税,美国"
广西桂林开展案件质量评查 问诊开方提升办案质效,https://news.sina.com.cn/c/2025-05-14/doc-inewnqme9601363.shtml,2025-05-14 07:54:00,“该案在办理过程中存在程序瑕疵问题，请举一反三、进行整改。”前不久，广西壮族自治区桂林市纪委监委案件审理室向该市某区纪委监委发出案件质量评查反馈问题清单...,"桂林市,广西"
千万富翁精神病医院内自缢：法院驳回家属对长沙卫健委的行政起诉,https://news.sina.com.cn/c/2025-05-14/doc-inewnqmh6376212.shtml,2025-05-14 07:51:00,长沙铁路运输法院4月21日作出（2025）湘8601行初93号行政判决书，驳回罗文忠家属对长沙市卫生健康委员会的行政起诉。 2022年10月...,"湖南省,长沙市,卫健委"
正风反腐在身边丨黔东南：开展乡村振兴资金使用监管突出问题专项整治 立案236件236人,https://news.sina.com.cn/c/2025-05-14/doc-inewnqme9599676.shtml,2025-05-14 07:31:00,编者按：群众对发生在身边的腐败和作风问题深恶痛绝，感受尤为深切。按照中央纪委国家监委和省委部署要求，2024年4月起，全省各级纪检监察机关和各级各部门以超常规举措集...,"乡村振兴,黔东南苗族侗族自治州"
《信访工作条例》施行三年 全省信访事项及时受理率达99.99% 真抓实干解决群众“急难愁盼”,https://news.sina.com.cn/c/2025-05-14/doc-inewnqmk1349118.shtml,2025-05-14 07:24:00,5月13日，江苏省信访法治宣传月启动仪式在常州市金坛区举行。记者从会场获悉，《信访工作条例》施行三年以来，我省各地各部门以《信访工作条例》为指引...,"信访工作条例,常州市"
长三角应急博览会上演“江苏秀”,https://news.sina.com.cn/c/2025-05-14/doc-inewnqme9595494.shtml,2025-05-14 07:24:00,5月13日，第四届长三角国际应急减灾和救援博览会在国家会展中心（上海）开幕，博览会由上海市、江苏省、浙江省、安徽省应急管理厅（局）和上海市国际贸易促进委员会共同主...,"长三角,救援,江苏省"
我省优化完善部分货车通行费优惠政策,https://news.sina.com.cn/c/2025-05-14/doc-inewnqmk1349079.shtml,2025-05-14 07:24:00,近日，省交通运输厅、省发展改革委、省财政厅联合印发《关于优化完善我省部分货车车辆通行费优惠政策的通知》，自2025年5月16日起...,"ETC,通知,高速公路"
方圆谈 | 天下之本在家,https://news.sina.com.cn/c/2025-05-14/doc-inewnqmh6370248.shtml,2025-05-14 07:13:00,漫步于江苏无锡寄畅园，仿佛置身于山水画之中，让人流连忘返。寄畅园是明代官宦世家秦氏的私家园林，万历年间进行了扩建;同时期还有个邹氏家族，兴建了愚公谷...,方圆
廉语清风 | 博采厚积方能精深,https://news.sina.com.cn/c/2025-05-14/doc-inewnqmk1349352.shtml,2025-05-14 07:12:00,泰山不让土壤，故能成其大;河海不择细流，故能就其深。学习是一个博采厚积的过程。只有持续不断“博采”，以达“厚积”之效，方能济“精深”之业。,齐白石
以科技创新引领新质生产力发展,https://news.sina.com.cn/c/2025-05-14/doc-inewnqme9593740.shtml,2025-05-14 07:09:00,5月13日，副省长宋争辉到三门峡市调研科技创新工作。 宋争辉先后来到河南金渠钼业公司、河南中原黄金冶炼厂、超纯矿物新材料产业技术研究院，深入项目工地、生产车间...,河南省
新消费催生新职业 年轻人解锁这些新赛道,https://news.sina.com.cn/c/2025-05-14/doc-inewncvk9818652.shtml,2025-05-14 02:47:00,消费需求是催生新职业的核心驱动力之一。随着我国新消费业态的蓬勃发展，一批又一批充满活力的青年人干起了“新鲜职业”。在火热的文旅消费一线，就催生了很多新职业。,中国
车被冰雹砸坏了能理赔吗？报案时间有啥要求？,https://news.sina.com.cn/c/2025-05-14/doc-inewncvq1570202.shtml,2025-05-14 01:41:00,5月13日晚，北京出现大面积降水、下冰雹的情况，不少车主由于正在回家的路上或者车辆露天停放，导致车面被冰雹砸出坑，甚至车玻璃被砸出洞的情况。,险种
相继出手！金价高位，“中国金王”和港股“股价王”都坐不住了！,https://news.sina.com.cn/c/2025-05-14/doc-inewmxpn9929083.shtml,2025-05-14 00:53:00,不到10天时间，黄金行业的传统巨头和新贵相继出手。图片来源：视觉中国 5月1日，“中国金王”紫金矿业（601899.SH，股价17.76元，市值4720亿元）宣布...,"黄金,老铺黄金,分拆"
密集迎来突破，谁是下一个“超级枢纽”？,https://news.sina.com.cn/c/2025-05-14/doc-inewmxpq6703638.shtml,2025-05-14 00:53:00,多条跨境铁路加速推进 多条跨境铁路传来新动向。 近日，国家铁路局局长费东斌在北京会见乌兹别克斯坦铁路股份公司董事长纳尔祖拉耶夫。,铁路
国务院关税税则委员会：自5月14日12时01分起，调整对原产于美国的进口商品加征关税措施,https://news.sina.com.cn/c/2025-05-14/doc-inewmxps1688029.shtml,2025-05-14 00:21:00,来源：央视网央视网消息：国务院关税税则委员会13日发布公告称，为落实中美经贸高层会谈的重要共识，根据《中华人民共和国关税法》、《中华人民共和国海关法》...,
美专家分析“中美为何这么快谈成” 都提到一个时间细节,https://news.sina.com.cn/c/2025-05-14/doc-inewmxps1683256.shtml,2025-05-13 23:53:00,在中美日内瓦经贸会谈取得了被国际舆论认为“超过预期”的成果后，一些美国的媒体和智库也在就美国政府为何会如此迅速地做出让步，给出专业的分析。,"美国政府,美国,美媒"
习近平同巴西总统卢拉会谈,https://news.sina.com.cn/c/xl/2025-05-13/doc-inewmtfp4126094.shtml,2025-05-13 22:48:00,5月13日下午，国家主席习近平在北京人民大会堂同来华进行国事访问的巴西总统卢拉举行会谈。 习近平指出，去年中巴建交50周年之际...,
日月谭天丨这轮中美关税会谈让台湾社会看清了什么？,https://news.sina.com.cn/c/2025-05-13/doc-inewmtfs6803422.shtml,2025-05-13 22:19:00,FlashPlayer插件未安装安装插件，如果已经安装请检查是否被禁用undefinedundefined当地时间5月12日，中美经贸高层会谈后，双方发布《中美,
落实中美经贸高层会谈重要共识 中方调整对美加征关税措施,https://news.sina.com.cn/c/2025-05-13/doc-inewmtfr0026096.shtml,2025-05-13 22:10:00,当地时间5月10日至11日，中美经贸高层会谈在瑞士日内瓦举行。5月12日，双方发布《中美日内瓦经贸会谈联合声明》。双方在联合声明中达成多项积极共识...,"关税,中美,国务院"
5月14日12时01分起 对美加征关税税率调整为10%,https://news.sina.com.cn/zx/2025-05-13/doc-inewmtfu1788170.shtml,2025-05-13 21:58:00,为落实中美经贸高层会谈的重要共识，根据《中华人民共和国关税法》、《中华人民共和国海关法》、《中华人民共和国对外贸易法》等法律法规和国际法基本原则，经国务院批准...,
中美互降关税24小时：美国客户连夜转账下单，亚马逊卖家赶发货，“先把钱赚了”,https://news.sina.com.cn/c/2025-05-13/doc-inewmtfp4113106.shtml,2025-05-13 21:50:00,中美互降关税24小时：美国客户连夜转账下单，亚马逊卖家赶发货，“先把钱赚了”李馨婷2025-05-1320:43:30来源:时代财经大幅提振了市场情绪。美国“对,
中华人民共和国和巴西联邦共和国关于强化携手构建更公正世界和更可持续星球的中巴命运共同体，共同维护多边主义的联合声明,https://news.sina.com.cn/c/xl/2025-05-13/doc-inewmtfu1782394.shtml,2025-05-13 21:41:00,新华社北京5月13日电 中华人民共和国和巴西联邦共和国关于强化携手构建更公正世界和更可持续星球的中巴命运共同体，共同维护多边主义的联合声明应中华人民共和国主席习,
习近平同巴西总统卢拉会谈,https://news.sina.com.cn/c/xl/2025-05-13/doc-inewmtfr0013917.shtml,2025-05-13 21:35:00,5月13日下午，国家主席习近平在北京人民大会堂同来华进行国事访问的巴西总统卢拉举行会谈。新华社记者黄敬文摄新华社北京5月13日电（记者马卓言）5月13日下午，国,
习近平出席中拉论坛第四届部长级会议开幕式并发表主旨讲话,https://news.sina.com.cn/c/xl/2025-05-13/doc-inewmtfr0013454.shtml,2025-05-13 21:33:00,5月13日上午，国家主席习近平在国家会议中心出席中国-拉美和加勒比国家共同体论坛第四届部长级会议开幕式并发表主旨讲话。习近平宣布，中方同拉方携手启动五大工程...,
外卖大战，要熄火了？,https://news.sina.com.cn/c/2025-05-13/doc-inewmtfs6789545.shtml,2025-05-13 21:30:00,来源：中国新闻周刊 “在京东、美团、饿了么外卖大战熄火之前，我是不会自己做咖啡的。”周楹告诉《中国新闻周刊》。 她是对价格敏感的“羊毛党”，在此之前...,"外卖,外卖平台,淘宝"
大冰雹从哪儿来？今年来最高温32.3℃+水汽“诱发”,https://news.sina.com.cn/c/2025-05-13/doc-inewmtfp4105607.shtml,2025-05-13 21:26:00,白天热得像夏天，晚上突降大冰雹，这是为何？目前，全市大部分地区都落下了冰雹，阵势不小。市气象台首席预报员何娜表示，一般在5月、6月，北京地区容易出现冰雹天气，是,
北京白天气温超30℃，为何晚上却下冰雹？,https://news.sina.com.cn/o/2025-05-13/doc-inewmtfr0008288.shtml,2025-05-13 21:07:00,新京报讯（记者王景曦）今夜北京有雷雨、强对流天气。据气象部门监测，目前强对流回波位于房山区北部、门头沟区东部、朝阳区、丰台区、海淀区一带...,"北京市,冰雹,气温"
直径超4厘米！北京多地下冰雹，满地都是“鸽子蛋”,https://news.sina.com.cn/c/2025-05-13/doc-inewmtfu1771123.shtml,2025-05-13 20:55:00,,
注意！北京局地可能造成雹灾,https://news.sina.com.cn/c/2025-05-13/doc-inewmnxu6907034.shtml,2025-05-13 20:42:00,来源：北京交通广播 [注意！北京局地可能造成雹灾] 据北京市气象台监测，目前强对流回波位于房山北部、门头沟东部、朝阳、丰台、海淀一带，海淀区雷阵雨天气中伴有冰雹...,
中央纪委办公厅通报：李献林等5人喝4瓶白酒、1人死亡，县委书记明知不报，市委书记等多人被处理,https://news.sina.com.cn/c/2025-05-13/doc-inewmnxr4216825.shtml,2025-05-13 20:11:00,新华社北京5月13日电 日前，中央层面深入贯彻中央八项规定精神学习教育工作专班、中央纪委办公厅公开通报河南省信阳市、罗山县10名干部在学习教育期间违规吃喝...,
中国巴西关于乌克兰危机的联合声明,https://news.sina.com.cn/c/2025-05-13/doc-inewmnxu6898594.shtml,2025-05-13 20:02:00,新华社北京5月13日电 中国巴西关于乌克兰危机的联合声明（2025年5月13日，北京）一、中国和巴西欢迎普京总统5月10日开启和平谈判的提议，以及泽连斯基总统的,
中央层面深入贯彻中央八项规定精神学习教育工作专班、中央纪委办公厅公开通报李献林、叶金广等人违规吃喝严重违反中央八项规定精神问题,https://news.sina.com.cn/zx/2025-05-13/doc-inewmnxu6897881.shtml,2025-05-13 19:58:00,新华社北京5月13日电 日前，中央层面深入贯彻中央八项规定精神学习教育工作专班、中央纪委办公厅公开通报河南省信阳市、罗山县10名干部在学习教育期间违规吃喝...,
中华人民共和国和巴西联邦共和国关于强化携手构建更公正世界和更可持续星球的中巴命运共同体，共同维护多边主义的联合声明,https://news.sina.com.cn/c/2025-05-13/doc-inewmnxw1887874.shtml,2025-05-13 19:56:00,中华人民共和国和巴西联邦共和国关于强化携手构建更公正世界和更可持续星球的中巴命运共同体，共同维护多边主义的联合声明应中华人民共和国主席习近平邀请，巴西联邦共和国,
针对竞争中存在的突出问题 市场监管总局等五部门约谈外卖平台企业,https://news.sina.com.cn/c/2025-05-13/doc-inewmnxt0116742.shtml,2025-05-13 19:30:00,近日，市场监管总局会同中央社会工作部、中央网信办、人力资源社会保障部、商务部，针对当前外卖行业竞争中存在的突出问题，约谈京东、美团、饿了么等平台企业。要求相关平,
中央纪委书记会见了一位“老朋友”,https://news.sina.com.cn/c/2025-05-13/doc-inewmnxw1880319.shtml,2025-05-13 19:10:00,撰文丨余晖5月12日，中共中央政治局常委、中央纪委书记李希在北京会见来华出席中拉论坛第四届部长级会议的古巴外长罗德里格斯。李希表示，今年是中古建交65周年，中方,
中美关税大幅调降，会否波及债券牛市？,https://news.sina.com.cn/c/2025-05-13/doc-inewmhry1984885.shtml,2025-05-13 17:45:00,国家外汇管理局数据显示，2025年2月-3月，外资净增持境内债券269亿美元，同比增长84%；4月1日至18日净买入332亿美元，保持较高规模,"债市,中美,债券"
被政治骗子利用的“老虎”王宜林，受贿数额特别巨大,https://news.sina.com.cn/c/2025-05-13/doc-inewmhrt4294344.shtml,2025-05-13 17:20:00,来源：北京青年报 2025年5月13日，内蒙古自治区鄂尔多斯市中级人民法院一审公开宣判中国石油天然气集团有限公司原党组书记、董事长王宜林受贿一案...,"王宜林,石油,新疆"
特朗普突然提到“统一”，台当局急了,https://news.sina.com.cn/c/2025-05-13/doc-inewmhrw6983995.shtml,2025-05-13 17:15:00,综合中时新闻网等台媒13日报道，当地时间5月12日，美国总统特朗普在白宫举行记者会，对美国与中国就贸易问题展开的谈判发表评论。,"特朗普,台湾省,台当局"
中石油原董事长王宜林一审获刑十三年,https://news.sina.com.cn/c/2025-05-13/doc-inewmhry1955880.shtml,2025-05-13 17:01:00,点击查看原图2025年5月13日，内蒙古自治区鄂尔多斯市中级人民法院一审公开宣判中国石油天然气集团有限公司原党组书记、董事长王宜林受贿一案，对被告人王宜林以受贿,
国家林业和草原局原党组成员、副局长李春良接受审查调查,https://news.sina.com.cn/c/2025-05-13/doc-inewmhrt4282907.shtml,2025-05-13 17:00:00,国家林业和草原局原党组成员、副局长李春良涉嫌严重违纪违法，目前正接受中央纪委国家监委纪律审查和监察调查。（总台央视记者李本扬）©2025中央广播电视总台版权所有,
抗战胜利80周年纪念活动标识发布（附标识使用说明）,https://news.sina.com.cn/c/2025-05-13/doc-inewmhry1950051.shtml,2025-05-13 16:50:00,中国人民抗日战争暨世界反法西斯战争胜利80周年纪念活动标识发布国务院新闻办公室5月13日公开发布中国人民抗日战争暨世界反法西斯战争胜利80周年纪念活动标识。,"纪念活动,世界反法西斯战争,抗日战争"
纪法百科·一图读懂应知应会党纪法规 中国共产党党组工作条例,https://news.sina.com.cn/c/2025-05-13/doc-inewmhry1947622.shtml,2025-05-13 16:38:00,来源：中央纪委国家监委网站,"中国共产党,中央纪委"
香港恒生指数收跌1.87% 恒生科技指数跌3.26%,https://news.sina.com.cn/c/2025-05-13/doc-inewmaix0315018.shtml,2025-05-13 16:11:00,财联社5月13日电，香港恒生指数收跌1.87%，恒生科技指数跌3.26%。舜宇光学科技跌超7%，小鹏汽车、蔚来跌超5%，美团、比亚迪股份跌近5%，中芯国际、华虹,
梧州：常态化抓细抓实警示教育,https://news.sina.com.cn/c/2025-05-13/doc-inewmaiv4385765.shtml,2025-05-13 15:54:00,“没想到以前局里的‘一把手’，如今变成被告席上受审人，自己内心深受震动，纪法底线、红线一定不能破。”不久前，苍梧县纪委监委组织县教育系统党员领导干部到法院旁听该县教...,"梧州市,领导干部"
中央巡视组进驻后，郭卫新被查,https://news.sina.com.cn/c/2025-05-13/doc-inewmaka2045867.shtml,2025-05-13 15:16:00,编辑丨余晖内蒙古自治区纪委监委5月13日消息，内蒙古自治区包头市人大常委会原副主任郭卫新涉嫌严重违纪违法，目前正接受内蒙古自治区纪委监委纪律审查和监察调查。据公,
独家视频丨习近平：携手启动五大工程 共建中拉命运共同体,https://news.sina.com.cn/c/xl/2025-05-13/doc-inewmtfr0014515.shtml,2025-05-13 15:09:00,FlashPlayer插件未安装安装插件，如果已经安装请检查是否被禁用undefinedundefined5月13日上午，国家主席习近平在国家会议中心出席中国－,
收评：沪指高开低走涨0.17% 航运股尾盘逆势大涨,https://news.sina.com.cn/c/2025-05-13/doc-inewmaka2037030.shtml,2025-05-13 15:03:00,财联社5月13日电，市场全天高开低走，三大指数涨跌不一。沪深两市全天成交额1.29万亿，较上个交易日缩量169亿。盘面上，市场热点较为杂乱，个股跌多涨少，全市场,
“美国客户行动了”！关税好消息传来，美进口商凌晨蹦下床给中国供应商打电话：赶紧发货！特朗普“炮轰”欧盟：对待我们非常不公平,https://news.sina.com.cn/c/2025-05-13/doc-inewmaiv4366605.shtml,2025-05-13 14:59:00,北京时间5月12日下午3点，中美日内瓦经贸会谈联合声明发布。本次中美经贸高层会谈取得实质性进展，大幅降低双边关税水平，美方取消了共计91%的加征关税，中方相应取,
日本内阁官房长官林芳正称“期望中俄不要沉溺于批评他国”，中方回应,https://news.sina.com.cn/c/2025-05-13/doc-inewmaix0314616.shtml,2025-05-13 14:42:00,5月13日，外交部发言人林剑主持例行记者会。 有记者提问，据报道，日本内阁官房长官林芳正日前在记者会上就中俄联合声明中“敦促日本政府汲取历史教训...,
中美是否计划讨论美方以芬太尼为由对华征收的特别关税？外交部回应,https://news.sina.com.cn/c/2025-05-13/doc-inewmaix0268469.shtml,2025-05-13 14:22:00,5月13日，外交部发言人林剑主持例行记者会。法新社记者提问，发言人能否提供下阶段中美经贸会谈的详细信息？是否计划讨论美方以芬太尼为由对中国出口产品征收的20%特,
20小时发109条帖子 巴西总统卢拉访华 谈了多少合作→,https://news.sina.com.cn/c/2025-05-13/doc-inewmtfr0016921.shtml,2025-05-13 14:20:00,FlashPlayer插件未安装安装插件，如果已经安装请检查是否被禁用undefinedundefined巴西总统卢拉5月10日晚间抵达北京，开启对中国的国事访,
8个中央指导组进驻，有何深意,https://news.sina.com.cn/c/2025-05-13/doc-inewmaiv4345225.shtml,2025-05-13 14:05:00,来源：中国新闻周刊 一场事关中央八项规定精神学习教育的指导督导工作已经开始，截至5月10日，8个中央指导组完成对21个地方和单位进驻工作。,"中央指导组,省委书记,车俊"
注意防暑降温！河南将迎持续晴热高温,https://news.sina.com.cn/c/2025-05-13/doc-inewkwae2144018.shtml,2025-05-13 13:48:00,今起三天南部需警惕局地强对流！ 受低槽东移影响，今起三天我省南部局部有阵雨、雷阵雨，局部伴有短时强降水等强对流天气。具体预报如下： 今天下午到夜里：安阳...,"多云,阵风,阵雨"
习近平在中拉论坛第四届部长级会议开幕式的主旨讲话（全文）,https://news.sina.com.cn/c/xl/2025-05-13/doc-inewkwaa7160737.shtml,2025-05-13 13:27:00,新华社北京5月13日电 谱写构建中拉命运共同体新篇章 ——在中拉论坛第四届部长级会议开幕式的主旨讲话 （2025年5月13日，北京） 中华人民共和国主席 习近平...,
一见·从习主席俄罗斯之行三个“最”，感受今日中国国际形象,https://news.sina.com.cn/c/xl/2025-05-15/doc-inewqxsa8533462.shtml,2025-05-13 13:15:00,铁肩担道义，历史鉴未来。5月7日至10日，国家主席习近平应邀对俄罗斯进行国事访问并出席纪念苏联伟大卫国战争胜利80周年庆典。4天时间，紧凑日程里的三个“最”...,
云南威信麟凤镇通报“有人穿‘警察’字样雨衣参与丧事”：已立案查处,https://news.sina.com.cn/c/2025-05-13/doc-inewkvzz0385402.shtml,2025-05-13 13:05:00,来源：央视网央视网消息：据“雪山胜境 醉美麟凤”微信公众号消息，云南威信县麟凤镇人民政府5月13日发布情况通报称，近日，网传麟凤镇一村民家中办理丧事现场...,"云南省,警察"
小米“至暗时刻”还没过去,https://news.sina.com.cn/c/2025-05-13/doc-inewkwaa7140219.shtml,2025-05-13 12:04:00,来源：中国新闻周刊 站在流量高点的小米汽车正遭遇流量反噬。 5月10日，小米集团创始人、董事长兼CEO雷军在个人微博发布动态称，“过去一个多月...,
享受红土！郑钦文第七次“翻山”之旅能否成功,https://news.sina.com.cn/c/2025-05-13/doc-inewkvzx4444331.shtml,2025-05-13 11:36:00,红土场上的网球比赛，仿佛欧洲夏天的镜像——虽然节奏很慢，但变化多端。 对备受关注的“中国金花”郑钦文来说，北京时间13日，在本年度职业网球罗马1000赛与前大满贯冠军安德...,"郑钦文,网球,安德莱斯库"
“健康证”办理存在违规问题 沈阳市卫健委通报,https://news.sina.com.cn/c/2025-05-13/doc-inewkwaa7154991.shtml,2025-05-13 11:34:00,5月11日，总台报道某些医院在为相关从业人员办理健康证的体检过程中，存在种种违规情况，规章制度形同虚设。其中涉及沈阳市相关医疗机构从业人员健康证明办理有关问题。,"健康证,辽宁省,沈阳市"
中央纪委国家监委网站丨贵州：紧盯重要节点 严查“四风”不停歇,https://news.sina.com.cn/c/2025-05-13/doc-inewkvzx4433250.shtml,2025-05-13 11:20:00,“省人大社会建设委员会原主任委员宋宇峰违规收受礼品礼金，接受可能影响公正执行公务的宴请和旅游活动安排;贵阳市委原常委、市委宣传部原部长孙绍雪违规收受礼品、礼金...,"贵州省,中央纪委"
巴西总统体验中国汽车,https://news.sina.com.cn/c/2025-05-13/doc-inewkruc0478685.shtml,2025-05-13 11:14:00,【#巴西总统体验中国汽车#】#巴西总统说中巴关系将坚不可摧#“我们的关系将坚不可摧，因为中国需要巴西，巴西也需要中国。只要我们携起手来，全球南方在世界上一定能获,
广州中小学暑假放假时间来了！,https://news.sina.com.cn/c/2025-05-13/doc-inewkruh2221486.shtml,2025-05-13 11:02:00,时间过得好快！2025年春季学期已经过去大半放完端午假期就可以开始期待家长、学生们最关心的暑假了广州2025年暑假几时开始放？什么时候期末考试？一起来看看吧👀👀,
新华时评·锲而不舍落实中央八项规定精神丨要始终把人民放在心中最高位置,https://news.sina.com.cn/c/2025-05-13/doc-inewmtfu1802748.shtml,2025-05-13 10:48:00,近期，纪检监察机关通报了多起违反中央八项规定精神典型案例，暴露出部分党员干部仍存在背离宗旨、脱离群众的作风顽疾。一些披着“人情往来”外衣、利用权力寻租的违纪行为...,新华时评
利辛：用好身边“活教材” 做好案件查办“后半篇文章”,https://news.sina.com.cn/c/2025-05-13/doc-inewkrtz4530444.shtml,2025-05-13 10:23:00,“这是我第一次旁听庭审，尤其是看着昔日的领导成为眼前的‘案中人’，对我触动很大，我将从中汲取深刻教训，时刻保持清醒头脑，绷紧纪法之弦。,党员干部
以材料报国之心，让铝合金长出“中国脊梁”,https://news.sina.com.cn/c/2025-05-13/doc-inewkruc0441991.shtml,2025-05-13 10:00:00,20世纪中期以来，高强铝合金一直是全世界航空航天飞行器结构件制造的首选材料，也是各国新材料研发的必争之地。但是我国在这一领域起步晚、基础薄弱...,
台媒：绿营罢免碰壁！苗栗县和新竹县3个蓝营民代罢免案不成立,https://news.sina.com.cn/c/2025-05-13/doc-inewkrtz4514531.shtml,2025-05-13 09:46:00,[环球网报道]据台湾中时新闻网5月13日报道，绿营发动的全台大罢免近日已进入第二阶段联署送件最后阶段，继罢免新竹县蓝营民代徐欣莹失败后...,"苗栗县,台媒,台湾省"
成都4小时可抵达九寨沟！九绵高速进入通车倒计时,https://news.sina.com.cn/c/2025-05-13/doc-inewkrue7205196.shtml,2025-05-13 09:37:00,5月12日，记者从蜀道集团获悉，G8513线九寨沟—绵阳高速公路（以下简称“九绵高速”）最后一座隧道——蒲南隧道贯通，标志着九绵高速主线实现贯通，进入通车倒计时。,
中美发布联合声明后，特朗普转移炮火：欧盟对我们非常不公平!,https://news.sina.com.cn/c/2025-05-13/doc-inewkmnh7310424.shtml,2025-05-13 09:12:00,财联社5月13日讯（编辑刘蕊）在中美发布日内瓦经贸会谈联合声明后，美国总统特朗普似乎将其全球贸易战的炮火目标转移到了欧洲身上。美东时间周一，他抨击称，欧盟“更令,
学习·知行丨历史不会忘记 习近平深刻诠释这场“伟大胜利”,https://news.sina.com.cn/c/xl/2025-05-13/doc-inewkmnh7304498.shtml,2025-05-13 09:01:00,来源：人民网-中国共产党新闻网 历史无言、英雄不朽，在这“梨花开遍了天涯”的季节，莫斯科红场上的踏步声仿佛把人们带回了80年前。,
联播+｜三个关键词读懂习主席俄罗斯之行,https://news.sina.com.cn/c/2025-05-13/doc-inewkmnf0528992.shtml,2025-05-13 08:59:00,在这个“梨花开遍了天涯”的季节，习近平担任国家主席后第11次到访俄罗斯。 5月7日至10日，习近平主席同普京总统举行了深入友好、富有成果的会谈...,
突出重点 把握关键 福建狠抓国有企业改革深化提升行动高质量收官,https://news.sina.com.cn/c/2025-05-13/doc-inewkmnf0528978.shtml,2025-05-13 08:59:00,国有企业改革深化提升行动实施以来，福建省国资委深入贯彻落实国务院国资委工作部署，抓关键、破卡点，以跑秒计时的状态、压线冲刺的干劲...,"国务院国资委,福建省,国有企业改革"
中国石化共享服务再获国家标准制定权,https://news.sina.com.cn/c/2025-05-13/doc-inewkmnh7302812.shtml,2025-05-13 08:56:00,近日，国家标准化管理委员会正式下达2025年第四批国家标准制定计划，中国石化共享服务公司申报的《共享经济 企业人力资源共享服务指南》成功获批立项。,"中国石化,共享经济"
抗战胜利80周年纪念活动标识发布,https://news.sina.com.cn/c/2025-05-13/doc-inewkruh2213104.shtml,2025-05-13 08:55:00,国务院新闻办公室今天公开发布中国人民抗日战争暨世界反法西斯战争胜利80周年纪念活动标识。标识由长城、橄榄枝、光辉、数字“80”、时间“1945-2025”构成。,"抗日战争,新华社"
黔湘渝三省市实现电力互济,https://news.sina.com.cn/c/2025-05-13/doc-inewkmnf0524809.shtml,2025-05-13 08:46:00,近日，贵州黔东电厂、二郎电厂首次成功转送贵州电网，标志着贵州、湖南、重庆三省市实现电力灵活转网互济。今后，黔东电厂可同时向贵州、湖南电网供电...,"贵州省,湖南省"
抢抓机遇 兵器工业集团开拓市场夺订单,https://news.sina.com.cn/c/2025-05-13/doc-inewkmnc4609032.shtml,2025-05-13 08:45:00,近日，兵器工业集团抢抓市场机遇、聚焦客户市场需求，出实招、求实效，陆续中标一批重大项目，为高质量完成全年目标任务奠定坚实基础。,兵器工业集团
国际领先！中国电科博微成功研发低温精制及脱氖装置,https://news.sina.com.cn/c/2025-05-13/doc-inewkmnc4608784.shtml,2025-05-13 08:44:00,近日，由中国电科博微成功研制的低温精制及脱氖装置，顺利通过出厂验收，以“硬核科技”为我国氦产业链自主创新注入强心剂。,中国
中国石油品牌价值突破4000亿元 位列中国能源化工榜第一,https://news.sina.com.cn/c/2025-05-13/doc-inewkmnc4608771.shtml,2025-05-13 08:44:00,5月10日，第九个中国品牌日到来之际，由中国品牌建设促进会、中国资产评估协会主办，新华社品牌工作办公室、《中国品牌》杂志社等单位承办的“2025中国品牌价值评价信息”在...,"中国石油,中国品牌,品牌价值"
落马女官员出镜忏悔:只收小红包,https://news.sina.com.cn/c/2025-05-13/doc-inewkmnk2280886.shtml,2025-05-13 08:40:00,来源：鲁中晨报 5月12日，重庆市纪委监委发布警示录，永川区规划和自然资源局原副局长罗江燕出镜忏悔。 罗江燕，女，汉族，曾任永川区规划和自然资源局党组成员、副局长。,
广安观潮丨像竹子一样成长,https://news.sina.com.cn/c/2025-05-13/doc-inewkmnf0524737.shtml,2025-05-13 08:39:00,“枝枝傲雪，节节千霄”“有似君子豪气凌云，不为俗屈”……古人常以竹喻君子，这也恰如新时代年轻干部应有的作风底色。广大年轻干部当如劲竹，培树经霜不凋的秉性气节...,广安市
学习·故事丨一张见证中俄友谊的报纸,https://news.sina.com.cn/c/xl/2025-05-15/doc-inewqxsa8533834.shtml,2025-05-13 08:33:00,2025年5月7日至10日，国家主席习近平对俄罗斯进行国事访问并出席纪念苏联伟大卫国战争胜利80周年庆典。此次访问是习近平主席担任国家主席后第11次到访俄罗斯。,
省生态环境厅系统首批26名纪检专员上岗,https://news.sina.com.cn/c/2025-05-13/doc-inewkmnh7295427.shtml,2025-05-13 08:30:00,近日，省生态环境厅厅属单位的26名党员干部多了纪检专员这一新身份，他们组成了省生态环境厅系统首批纪检专员队伍。这是省纪委监委派驻省生态环境厅纪检监察组进一步推动全...,"纪检,生态环境"
清风为伴产业兴 | 万亩茶园富彝乡,https://news.sina.com.cn/c/2025-05-13/doc-inewkmnc4605041.shtml,2025-05-13 08:30:00,近日，四川省乐山市马边彝族自治县劳动镇的万亩茶园里，采茶人穿行垄间，指尖翻飞，一片片嫩叶落入竹篓。马边县位于四川盆地西南边缘小凉山区，山峦层叠，水汽充沛...,
广安观潮 | 像竹子一样成长,https://news.sina.com.cn/c/2025-05-13/doc-inewkmnc4605039.shtml,2025-05-13 08:30:00,“枝枝傲雪，节节千霄”“有似君子豪气凌云，不为俗屈”……古人常以竹喻君子，这也恰如新时代年轻干部应有的作风底色。广大年轻干部当如劲竹，培树经霜不凋的秉性气节...,广安市
政务服务由“能办”变“好办”,https://news.sina.com.cn/c/2025-05-13/doc-inewkmnc4605978.shtml,2025-05-13 08:25:00,“即来即办、立等可取，从申请到审批，效率很高，一次就办成了。”近日，洛阳市汝阳县居民张国伟在政务服务中心顺利办理了个税代缴业务...,洛阳市
高质量发展践悟 | 推动基层监督更加有力有效,https://news.sina.com.cn/c/2025-05-13/doc-inewkmnf0521364.shtml,2025-05-13 08:25:00,山东省烟台市蓬莱区纪委监委整合监督力量，深入一线摸排富农惠农政策落实、助农资金使用等环节存在的问题，护航乡村产业健康发展。,纪检监察
我说变化丨“干部们的工作更实在更用心了”,https://news.sina.com.cn/c/2025-05-13/doc-inewkmnh7295750.shtml,2025-05-13 08:25:00,李明，安徽省宿州市埇桥区芦岭镇桥口村李庄组村民。这几年，为了家里宅基地上建房子那点事，我操碎了心。宅基地上建房需要《农村宅基地批准书》下来才能开始动工...,身份证
民乐：“纪巡审”联动  护航高标准农田建设,https://news.sina.com.cn/c/2025-05-13/doc-inewkmnh7295601.shtml,2025-05-13 08:25:00,近日，张掖市民乐县委巡察组来到三堡镇某村高标准农田种植现场，实地督察巡察整改进展情况。“输水管网故障已经解决了，我们再也不担心农作物灌溉问题了。,"巡察,高标准农田建设"
广安观潮丨像竹子一样成长,https://news.sina.com.cn/c/2025-05-13/doc-inewkmnc4598907.shtml,2025-05-13 08:14:00,“枝枝傲雪，节节千霄”“有似君子豪气凌云，不为俗屈”……古人常以竹喻君子，这也恰如新时代年轻干部应有的作风底色。广大年轻干部当如劲竹，培树经霜不凋的秉性气节...,广安市
中国人民抗日战争暨世界反法西斯战争胜利80周年纪念活动标识发布,https://news.sina.com.cn/c/2025-05-13/doc-inewkmnc4594552.shtml,2025-05-13 08:00:00,国务院新闻办公室今天公开发布中国人民抗日战争暨世界反法西斯战争胜利80周年纪念活动标识。标识由长城、橄榄枝、光辉、数字“80”、时间“1945—2025”构成。,
台军首次实弹试射“海马斯”，专家：生存力脆弱,https://news.sina.com.cn/c/2025-05-13/doc-inewkmnk2265199.shtml,2025-05-13 07:37:00,台军首次实弹试射美制“海马斯”，军事专家：其生存力非常脆弱 让台湾当局望眼欲穿的美制“海马斯”火箭炮，在12日台军举行的“雷霆”演习中亮相，并进行了首次实弹射击。,"火箭炮,台军,雷霆"
4月份江苏CPI同比下降0.5%,https://news.sina.com.cn/c/2025-05-13/doc-inewkmnk2261377.shtml,2025-05-13 07:25:00,5月12日，记者从国家统计局江苏调查总队获悉，4月份，江苏居民消费价格同比下降0.5%。其中，城市下降0.5%，农村下降0.6%；食品价格下降0.5%，非食品价格下降0...,"江苏CPI,江苏省,猪肉价格"
今年首批“苏质贷”贴息资金已拨付,https://news.sina.com.cn/c/2025-05-13/doc-inewkmnh7280221.shtml,2025-05-13 07:25:00,记者5月12日从省市场监管局获悉，为引导金融机构支持质量信誉小微企业加大技术创新投入，帮助质量信誉小微企业降低融资成本，省市场监管局按照“苏质贷”贷款贴息“免申即享”...,"贷款,市场监管局,小微企业"
六盘水：召开“青年向前行·执纪守初心”青年干部座谈会,https://news.sina.com.cn/c/2025-05-13/doc-inewkmnc4601958.shtml,2025-05-13 07:05:00,近日，六盘水市纪委监委召开“青年向前行·执纪守初心”青年干部座谈会，市级纪检监察机构62名青年干部参加会议。“青年纪检监察干部要大力传承和弘扬‘五四’精神...,"纪检监察,六盘水市"
170多人报案：高价买的宠物，7天就死,https://news.sina.com.cn/c/2025-05-13/doc-inewkmnk2260707.shtml,2025-05-13 07:05:00,来源：中国新闻周刊 尽管近年来宠物经济爆发式增长 产业链涵盖生产、流通、销售、产品等 但仍缺乏更统一、明确的规范和监管 “我之前就听说过市场上有卖‘星期狗’...,
国家安全部提醒：严禁在涉密场所使用智能穿戴设备,https://news.sina.com.cn/c/2025-05-13/doc-inewkfen2386170.shtml,2025-05-13 06:48:00,来源：央视网 在数字化时代的今天，智能手表、智能手环、智能眼镜等智能穿戴设备，以其便捷性、功能多样性在社会面迅速普及，它们不仅可以记录健康数据、提供导航服务...,"智能穿戴,国家安全部"
国安部提醒：严禁在涉密场所使用智能穿戴设备,https://news.sina.com.cn/c/2025-05-13/doc-inewkfen2385346.shtml,2025-05-13 06:39:00,记者从国家安全部了解到，在数字化时代的今天，智能手表、智能手环、智能眼镜等智能穿戴设备，以其便捷性、功能多样性在社会面迅速普及，它们不仅可以记录健康数据...,"智能穿戴,麦克风"
时隔近4年再出征！长三丙成功发射通信技术试验卫星十九号,https://news.sina.com.cn/c/2025-05-13/doc-inewiywm0740079.shtml,2025-05-13 03:34:00,5月13日2时09分，长征三号丙运载火箭在西昌卫星发射中心点火起飞，随后将通信技术试验卫星十九号顺利送入预定轨道，发射任务取得圆满成功。,"长征三号,运载火箭,卫星"
泽连斯基批准美乌矿产协议,https://news.sina.com.cn/c/2025-05-13/doc-inewiuqq7613110.shtml,2025-05-13 00:28:00,财联社5月13日电，乌克兰总统网站发布消息称，总统泽连斯基签署了关于批准《美乌重建投资基金成立协议》的法律。,
国际锐评丨合作共赢才是中美之间解决问题的正确选择,https://news.sina.com.cn/c/2025-05-13/doc-inewiuqq7616502.shtml,2025-05-13 00:23:00,“这是中美双方向前迈出的重要一步。”5月12日，在中美日内瓦经贸会谈联合声明发布后，国际舆论普遍表示欢迎。根据联合声明，美方取消了共计91%的加征关税...,"关税,中美,中国"
长和发布声明回应港口交易：绝不可能在任何不合法或不合规的情况下进行,https://news.sina.com.cn/c/2025-05-12/doc-inewiqhr0961576.shtml,2025-05-12 23:48:00,财联社5月12日电，长和公告称，原本计划在5月22日股东周年大会上讲述港口交易的情况，但鉴于近日不断有股东及传媒查询，长江和记实业有限公司特此声明：此交易绝不可,
中美最终加征多少关税？降了多少？我们做了道数学题,https://news.sina.com.cn/c/2025-05-12/doc-inewiqhr0950077.shtml,2025-05-12 22:37:00,来源：直新闻 北京时间5月12日下午3时，A股收盘之后，《中美日内瓦经贸会谈联合声明》正式公布。中美双方承诺于5月14日前采取举措，同步调整关税税率。,
航行警告！渤海部分海域执行军事任务 禁止驶入,https://news.sina.com.cn/c/2025-05-12/doc-inewiqhp5051534.shtml,2025-05-12 22:25:00,据中国海事局网站消息，秦皇岛海事局发布航行警告，5月13日0时至15日24时，渤海部分海域执行军事任务，禁止驶入。,"渤海,中国海事局,秦皇岛市"
商务部召开外贸企业圆桌会,https://news.sina.com.cn/c/2025-05-12/doc-inewiqhr0946447.shtml,2025-05-12 22:13:00,5月12日，商务部部长王文涛主持召开外贸企业圆桌会。12家外贸企业、6家进出口商会代表及中国宏观经济研究院有关专家参会，就当前外贸形势、支持外贸企业发展等议题进,
携手为人类前途命运争取更加光明的未来——国际社会高度评价习近平主席俄罗斯之行,https://news.sina.com.cn/c/xl/2025-05-12/doc-inewiiyr5163973.shtml,2025-05-12 21:45:00,新华社北京5月10日电 题：携手为人类前途命运争取更加光明的未来——国际社会高度评价习近平主席俄罗斯之行新华社记者张伟 常天童 王雅楠5月7日至10日，应俄罗斯,
对美关税90天内大幅降低，家电企业称美国客户已经动起来了,https://news.sina.com.cn/c/2025-05-12/doc-inewiiyt1071586.shtml,2025-05-12 21:43:00,#中国向美国的家电出口正重新恢复#[对美关税90天内大幅降低，#家电企业称美国客户已经动起来了#]5月12日，中美就贸易关税达成重要共识...,
记者手记｜让胜利的光芒照亮人类历史新征程,https://news.sina.com.cn/c/xl/2025-05-12/doc-inewiiyu7846031.shtml,2025-05-12 21:43:00,又是“梨花开遍了天涯”的季节，又一个神圣庄严的“胜利日”。5月9日上午，纪念苏联伟大卫国战争胜利八十周年庆典在莫斯科红场隆重举行。中国国家主席习近平和来自世界2,
大道之行丨习近平2025年俄罗斯之行全纪录,https://news.sina.com.cn/c/xl/2025-05-12/doc-inewiiyr5164746.shtml,2025-05-12 21:42:00,"Themediacouldnotbeloaded,eitherbecausetheserverornetworkfailedorbecausetheformat",
纳斯达克金龙中国指数开盘上涨4.5%,https://news.sina.com.cn/c/2025-05-12/doc-inewiiyw2835115.shtml,2025-05-12 21:34:00,纳斯达克金龙中国指数开盘上涨4.5%。万国数据涨11%，拼多多涨9%，阿里巴巴涨6.9%，京东涨6.5%，百度涨4.5%。US纳斯达克+2.76%,
多地迎高温，40℃要来了！,https://news.sina.com.cn/c/2025-05-12/doc-inewiiyr5159612.shtml,2025-05-12 21:20:00,本周北方将现大范围高温 中东部降雨发展增多 今天，我国大部地区天气晴好，气温回升。明天起，中东部降雨将再次发展增多，但北方升温模式持续...,"高温,中东部,升温"
湖北、河南、辽宁、四川省委书记，出席警示教育会,https://news.sina.com.cn/c/2025-05-13/doc-inewiiyu7843151.shtml,2025-05-12 21:16:00,来源：北京青年报 撰文丨余晖 在全党开展深入贯彻中央八项规定精神学习教育的大背景下，多地省级党委书记召开了警示教育会。 最新的两例是辽宁和四川。,"辽宁省,省委书记,河南省"
官方披露：“小官巨贪”戴兵的前妻已获刑,https://news.sina.com.cn/c/2025-05-12/doc-inewiiyu7837475.shtml,2025-05-12 21:03:00,5月12日，重庆市纪委监委发布警示录，永川区规划和自然资源局原副局长罗江燕出镜忏悔。 罗江燕说，2013年，我前夫因受贿犯罪被判处无期徒刑...,重庆市
“大超预期！” 券商热议中美关税谈判“意外之喜”,https://news.sina.com.cn/c/2025-05-12/doc-inewiiyw2832212.shtml,2025-05-12 21:01:00,◎5月12日下午3点，《中美日内瓦经贸会谈联合声明》正式公布，双方宣布大幅降低双边关税水平。商务部新闻发言人表示，此举符合两国及世界共同利益。,"联合声明,中美,券商"
对话郑永年：我们谈判也是为世界争公义,https://news.sina.com.cn/c/2025-05-12/doc-inewiiyt1059898.shtml,2025-05-12 20:48:00,【侠客岛按】北京时间12日下午，中美发布《中美日内瓦经贸会谈联合声明》。本次中美经贸高层会谈取得实质性进展，大幅降低双边关税水平，美方取消了共计91%的加征关税,
《国防时报》视频：空空导弹“量大管饱”！,https://news.sina.com.cn/c/2025-05-12/doc-inewiiyt1051139.shtml,2025-05-12 20:08:00,撰文丨李岩近日，《国防时报》官方微博发布题为“量大管饱！空空导弹可无人自动化生产”的短视频，视频展示了PL-15E型空空导弹画面。央视专题栏目《兵器面面观》曾介,
从上市公司一季报“含新量”看中国经济发展向“新”,https://news.sina.com.cn/c/2025-05-12/doc-inewiiyw2817449.shtml,2025-05-12 19:51:00,上市公司2025年一季报日前陆续出炉，5400家披露一季报的企业合计归母净利润1.49万亿元，同比增长3.64%。其中，超七成上市公司一季度实现盈利。,净利润
外贸滞销品变身内销“香饽饽”，罐头企业如何实现逆袭？,https://news.sina.com.cn/c/2025-05-12/doc-inewiiyr5144272.shtml,2025-05-12 19:46:00,自美国乱挥关税大棒以来，让不少依赖出口的中国企业遭遇严峻挑战。浙江衢州开化的一家老牌罐头企业，50%的产品出口欧美国家，因关税激增遭订单停发，外贸生产线全面停滞...,"浙江省,美国,食品"
债券市场“科技板”启航，首批银行间科创债亮相,https://news.sina.com.cn/c/2025-05-12/doc-inewiiyw2817601.shtml,2025-05-12 19:45:00,9日下午，一场路演交流活动在北京金融资产交易所进行，首批在银行间债券市场发行科技创新债的8家企业代表依次亮相。这标志着科技创新债券的发行工作启动...,"债券,债券市场,股权投资"
“一张手机膜”畅销海内外的启示,https://news.sina.com.cn/c/2025-05-12/doc-inewiiyw2817746.shtml,2025-05-12 19:44:00,近日闭幕的广交会上，一则新闻引人关注：一家中国手机膜企业在5天参展中，现场完成1000多万元交易额，来自更多国家的订单已在路上。,中国制造
当好“二郎神”！一个月里，省级党政一把手先后前往这里督导,https://news.sina.com.cn/c/2025-05-12/doc-inewicsy2935664.shtml,2025-05-12 19:30:00,来源：北京青年报 撰文丨余晖 5月10日至11日，广西壮族自治区主席蓝天立赴三市调研，督导检查生态环境保护问题整改工作。 他强调...,"河池市,生态环境保护,广西"
中美关税时间线全梳理,https://news.sina.com.cn/c/2025-05-12/doc-inewicsv1171674.shtml,2025-05-12 19:29:00,来源：玉渊谭天 [中美关税时间线全梳理] 当地时间5月12日，中美日内瓦经贸会谈联合声明发布，双方大幅降低双边关税水平，这一举措符合两国生产者和消费者的期待...,
越野赛因领导没发言回起点重跑？官方：该信息不实，赛事无领导讲话环节,https://news.sina.com.cn/c/2025-05-12/doc-inewicsy2937224.shtml,2025-05-12 19:24:00,极目新闻记者 舒隆焕 据媒体报道，内蒙古赤峰市5月11日举办的第五届“茅台王子杯”赤峰南山生态园越野赛中出现“事故”。视频发布者称，“不是集体到终点，是领导没讲话...,"体育局,跑步"
时政纪录片丨以史为鉴 共创未来——习近平主席俄罗斯之行纪实,https://news.sina.com.cn/c/xl/2025-05-13/doc-inewkmnc4612343.shtml,2025-05-12 19:20:00,FlashPlayer插件未安装安装插件，如果已经安装请检查是否被禁用undefinedundefined回望历史着眼未来传承友谊捍卫正义习近平主席开启第11次,
对美关税90天内大幅降低，专家建议抓住窗口期长远布局,https://news.sina.com.cn/o/2025-05-12/doc-inewicsv1164814.shtml,2025-05-12 18:58:00,5月12日，中美就贸易关税达成重要共识，未来90天内关税相比过去一个月大幅降低，中国向美国的家电出口正重新恢复。专家建议，由于90天后关税还有很大变数...,"美国,家电产品"
中美日内瓦经贸会谈联合声明发布，释放出哪些信号？,https://news.sina.com.cn/c/2025-05-12/doc-inewicsy2920230.shtml,2025-05-12 18:47:00,[环球时报-环球网报道 记者 陈子帅]5月12日，中美发布日内瓦经贸会谈联合声明。商务部新闻发言人表示，本次中美经贸高层会谈取得实质性进展，大幅降低双边关税水平。,"关税,中美,环球时报"
今日辟谣（2025年5月12日）-中国互联网联合辟谣平台,https://news.sina.com.cn/c/2025-05-12/doc-inewicst5245524.shtml,2025-05-12 18:42:00,2025年5月12日谣言：河南安阳多地出现冰雹天气致小麦颗粒无收？真相：5月9日，河南安阳多地出现冰雹天气，引发网民关注。其中，短视频平台上出现内容为“滑县下冰,
辽宁省委书记：远离“小圈子”，警惕“小意思”，管住“小爱好”,https://news.sina.com.cn/c/2025-05-12/doc-inewicsw7934995.shtml,2025-05-12 18:41:00,来源：北京青年报 5月12日，辽宁省警示教育会在沈阳召开。会议深入学习贯彻习近平总书记关于加强党的作风建设的重要论述，认真贯彻落实中央八项规定及其实施细则精神...,辽宁省
中美为何“快速谈成”？,https://news.sina.com.cn/c/2025-05-12/doc-inewicsv1158382.shtml,2025-05-12 18:31:00,来源：中国新闻周刊 当地时间5月10日至11日，中美经贸中方牵头人、国务院副总理何立峰与美方牵头人、美国财政部长贝森特和贸易代表格里尔在瑞士日内瓦举行中美经贸高层会谈...,"关税,中美,中国"
学者：美方要珍惜中方的善意,https://news.sina.com.cn/c/2025-05-12/doc-inewicst5249313.shtml,2025-05-12 18:23:00,当地时间5月10日至11日，中美经贸高层会谈在瑞士日内瓦举行。双方围绕落实1月17日中美元首通话重要共识进行了坦诚、深入、具有建设性的沟通，达成一系列重要共识，,
云南男子持刀致邻居3死1重伤案二审：被告不承认杀人，称自己被催眠,https://news.sina.com.cn/c/2025-05-12/doc-inewicsy2908498.shtml,2025-05-12 18:10:00,澎湃新闻从相关渠道获悉，5月12日下午，云南省高院公开开庭审理了吴宗宝故意杀人案，法院未当庭宣判。 2024年6月6日，云南省昭通市永善县发生一起刑事案件...,"开庭,云南省"
中国稀土出口管制还在继续,https://news.sina.com.cn/c/2025-05-12/doc-inewicst5223037.shtml,2025-05-12 17:36:00,来源：玉渊潭天 [中国稀土出口管制还在继续#]#稀土管制的效果体现在哪# 近日，中国开展了打击战略矿产走私出口专项行动，近期还将组织一系列行动...,"出口管制,中国稀土,稀土"
一文看懂中美经贸高层会谈联合声明,https://news.sina.com.cn/c/2025-05-12/doc-inewicst5222973.shtml,2025-05-12 17:34:00,来源：玉渊谭天 [一文看懂中美经贸高层会谈联合声明] 当地时间5月12日，中美日内瓦经贸会谈联合声明发布，其中两方都提到，24%的关税在初始的90天内暂停实施...,"关税,中美,中国"
纪法百科•“数”读通报|2025年第19周,https://news.sina.com.cn/c/2025-05-12/doc-inewicsw7917740.shtml,2025-05-12 17:30:00,一、发布审查调查信息19条2025年第19周，中央纪委国家监委网站共发布19条审查调查信息。其中，中管干部1人，中央一级党和国家机关、国企和金融单位厅局级干部3人...,"中央纪委,政务处分,党员"
贵州省2名县处级干部接受纪律审查和监察调查,https://news.sina.com.cn/c/2025-05-12/doc-inewicsy2898701.shtml,2025-05-12 17:21:00,黔东南州自然资源局党组书记、局长何洋接受纪律审查和监察调查据黔东南州纪委监委消息：黔东南州自然资源局党组书记、局长何洋涉嫌严重违纪违法...,"贵州省,铜仁市,何洋"
李文博，任上被查,https://news.sina.com.cn/c/2025-05-12/doc-inewhxky8043998.shtml,2025-05-12 17:18:00,据广西壮族自治区纪委监委5月12日消息：广西壮族自治区党委政法委副书记李文博涉嫌严重违纪违法，目前正接受自治区纪委监委纪律审查和监察调查。,"李文博,广西壮族自治区,政法委副书记"
中美会谈重大进展，最大亮点有三,https://news.sina.com.cn/c/2025-05-12/doc-inewicst5224486.shtml,2025-05-12 16:21:00,9小时前2.2万阅读,
中方是否对中美会谈结果满意？外交部回应,https://news.sina.com.cn/o/2025-05-12/doc-inewhxkv5321998.shtml,2025-05-12 16:15:00,[中方是否对中美会谈结果满意？外交部回应]外交部发言人林剑主持5月12日例行记者会。会上有记者提问称：美国总统特朗普称中美经贸会谈取得了很好的成果...,"外交部,中国,中美"
香港恒生科技指数收涨5.16% 恒生指数涨2.98%,https://news.sina.com.cn/c/2025-05-12/doc-inewhxky8014916.shtml,2025-05-12 16:11:00,财联社5月12日电，香港恒生指数收涨2.98%，恒生科技指数涨5.16%。舜宇光学科技涨超14%，小鹏汽车涨超10%，阿里巴巴涨超6%，腾讯控股涨超4%。沪上阿,
外交部回应印巴同意停火：中方期待印巴巩固和延续停火势头,https://news.sina.com.cn/o/2025-05-12/doc-inewhxma2983157.shtml,2025-05-12 15:50:00,据人民日报消息，5月12日，外交部发言人林剑主持例行记者会。有记者就“印巴同意停火”提问。林剑表示，中方注意到有关报道。印度和巴基斯坦实现停火符合印巴双方根本和长远...,
中美日内瓦经贸会谈联合声明全文公布：中美双方降低超100%关税,https://news.sina.com.cn/c/2025-05-12/doc-inewhxma2980229.shtml,2025-05-12 15:46:00,来源：玉渊谭天 #中美日内瓦经贸会谈联合声明全文# #中美双方降低超100%关税# 中华人民共和国政府（“中国”）和美利坚合众国政府（“美国”）...,
商务部新闻发言人就中美日内瓦经贸会谈联合声明发表谈话,https://news.sina.com.cn/c/2025-05-12/doc-inewhxkv5306591.shtml,2025-05-12 15:44:00,当地时间5月10日至11日，中美经贸中方牵头人、国务院副总理何立峰与美方牵头人、美国财政部长贝森特和贸易代表格里尔在瑞士日内瓦举行中美经贸高层会谈。双方围绕落实,
商务部新闻发言人就开展打击战略矿产走私出口专项行动应询答记者问,https://news.sina.com.cn/c/2025-05-12/doc-inewhxky8002133.shtml,2025-05-12 15:37:00,商务部新闻发言人就开展打击战略矿产走私出口专项行动应询答记者问，具体内容如下。问：我们注意到，近日国家出口管制工作协调机制办公室部署开展了打击战略矿产走私出口专,
商务部新闻发言人就开展打击战略矿产走私出口专项行动应询答记者问,https://news.sina.com.cn/c/2025-05-12/doc-inewhxma2979250.shtml,2025-05-12 15:37:00,来源：央视网央视网消息：商务部新闻发言人就开展打击战略矿产走私出口专项行动应询答记者问。问：我们注意到，近日国家出口管制工作协调机制办公室部署开展了打击战略矿产...,商务部
中美发布日内瓦经贸会谈联合声明达成关税共识，外交部回应,https://news.sina.com.cn/zx/2025-05-12/doc-inewhxkv5298817.shtml,2025-05-12 15:29:00,第1现场|印巴停火次日：当地民众逐渐恢复正常生活,
三句话解析中美经贸高层会谈的“实质性进展”,https://news.sina.com.cn/c/2025-05-12/doc-inewhxkx1221623.shtml,2025-05-12 15:20:00,当地时间5月10日至11日，中美双方在瑞士日内瓦举行经贸高层会谈。会谈达成一系列重要共识，取得实质性进展。当地时间5月12日，中美发表日内瓦经贸会谈联合声明。谭,
国家防灾减灾救灾委员会办公室、应急管理部发布2025年4月全国自然灾害情况,https://news.sina.com.cn/c/2025-05-12/doc-inewhxma2974540.shtml,2025-05-12 15:14:00,来源：央视网 央视网消息：据应急管理部消息，近日，国家防灾减灾救灾委员会办公室会同有关成员单位，对2025年4月全国自然灾害情况进行了会商分析。,"灾害,农作物,自然灾害"
百万粉丝网红@是小念噢疑遭勒索后自杀？警方：人没事，正在调查,https://news.sina.com.cn/c/2025-05-12/doc-inewhxkv5295265.shtml,2025-05-12 15:14:00,5月12日，百万粉丝网红“@是小念噢”疑似遭到勒索后自杀去世的信息引发网友关注。 5月11日凌晨4点23分，抖音账号“@是小念噢”发布视频称，该账号博主真名叫孙某...,"勒索,自杀"
《新时代的中国国家安全》白皮书（摘要）,https://news.sina.com.cn/c/2025-05-12/doc-inewhxkx1219745.shtml,2025-05-12 15:11:00,来源：央视网 新华社北京5月12日电 国务院新闻办公室12日发布《新时代的中国国家安全》白皮书。摘要如下： 前言 进入新时代，以习近平同志为核心的党中央创造性提出总体国...,"新时代的中国国家安全,总体国家安全观"
中美相互24%关税90天内暂停实施,https://news.sina.com.cn/c/2025-05-12/doc-inewhxkv5295825.shtml,2025-05-12 15:05:00,[中美相互24%关税90天内暂停实施]美国将（一）修改2025年4月2日第14257号行政令中规定的对中国商品（包括香港特别行政区和澳门特别行政区商品）加征的从价关税，其中...,
A股收评：上证指数收涨0.82%，创业板指涨2.63%，全市场超4100只股票上涨,https://news.sina.com.cn/c/2025-05-12/doc-inewhtax5419042.shtml,2025-05-12 15:04:00,5月12日，A股三大指数集体上涨，截至收盘，上证指数涨0.82%，深证成指涨1.72%，创业板指涨2.63%；北证50涨2.89%。两市成交额约13084.21,
中美日内瓦经贸会谈联合声明,https://news.sina.com.cn/c/2025-05-12/doc-inewhtca8116896.shtml,2025-05-12 15:01:00,新华社日内瓦5月12日电 中美日内瓦经贸会谈联合声明中华人民共和国政府（“中国”）和美利坚合众国政府（“美国”），认识到双边经贸关系对两国和全球经济的重要性；认,
国务院新闻办公室发布《新时代的中国国家安全》白皮书,https://news.sina.com.cn/c/2025-05-12/doc-inewhtca8117863.shtml,2025-05-12 15:00:00,新华社北京5月12日电 国务院新闻办公室5月12日发布《新时代的中国国家安全》白皮书，旨在全面阐释新时代中国国家安全工作的创新理念、生动实践和建设成果...,"新时代的中国国家安全,总体国家安全观"
预计募资40亿~50亿美元，宁德时代将成年内最大港股IPO,https://news.sina.com.cn/o/2025-05-12/doc-inewhtax5409767.shtml,2025-05-12 14:46:00,宁德时代募资水平与美的集团相当。 5月12日，宁德时代（300750.SZ）披露发行阶段董事会公告及刊登注册招股书，宣布正式启动国际配售簿记...,"宁德时代,美元,港股IPO"
印巴空战举世震惊，岛内“台独”鸦雀无声,https://news.sina.com.cn/c/2025-05-12/doc-inewhtax5408778.shtml,2025-05-12 14:46:00,5月7日，印度和巴基斯坦之间爆发了一场足以载入现代战争史册的超视距空战，巴基斯坦空军凭借体系优势，轻松击落5架印度战机。被击落的印度战机包括两架法国达索公司生产的“...,
世贸组织欢迎中美经贸高层会谈取得积极成果,https://news.sina.com.cn/c/2025-05-12/doc-inewhtax5397435.shtml,2025-05-12 14:08:00,△世界贸易组织总干事伊维拉当地时间5月11日，世界贸易组织总干事伊维拉发表声明。伊维拉在声明中称：“我非常高兴看到中美经贸高层会谈取得的积极成果。会谈标志着向前,
1至4月我国汽车产销量首次双超千万辆,https://news.sina.com.cn/c/2025-05-12/doc-inewhtax5395704.shtml,2025-05-12 14:02:00,中国汽车工业协会12日公布的数据显示，今年前4个月，我国汽车产销量历史上首次双双突破1000万辆。据统计，今年1至4月份，我国汽车产销量分别完成1017.5万辆,
民进党当局将“汉人”改称“其余人口”，台军退役少将栗正杰：真的是贻笑大方,https://news.sina.com.cn/c/2025-05-12/doc-inewhtce3069150.shtml,2025-05-12 13:53:00,[环球网报道]有岛内网民近日发现，台行政部门官网将占比最多的“汉人”改成“其余人口”，引发讨论。在5月11日的岛内政论节目中，台军退役少将栗正杰表示，民进党已经疯了...,"民进党,台军,台湾省"
甘肃：力争到2025年底，农村地区高额彩礼、人情攀比、大操大办等婚俗陋习蔓延势头得到有效遏制,https://news.sina.com.cn/c/2025-05-12/doc-inewhtax5394250.shtml,2025-05-12 13:50:00,甘肃省委办公厅、省政府办公厅近日印发《甘肃省推进农村高额彩礼问题综合治理工作方案》。《方案》提出，力争到2025年底，农村地区彩礼倡导性标准得到全面执行，高额彩,
中美经贸会谈取得实质性进展，美民众对华态度五年来首次好转,https://news.sina.com.cn/c/2025-05-12/doc-inewhtca8091538.shtml,2025-05-12 12:57:00,文|《财经》特约撰稿人金焱发自华盛顿 编辑| 苏琦  据新华社报道，中美经贸高层会谈5月10日至11日在瑞士日内瓦举行。中美经贸中方牵头人...,
关于参评第三十五届中国新闻奖自荐（他荐）作品公示,https://news.sina.com.cn/c/2025-05-12/doc-inewhnuz5508178.shtml,2025-05-12 12:44:00,来源：央视网根据《中国新闻奖评选办法》和《第35届中国新闻奖参评作品报送通知》，中央广播电视总台新闻中心制作播发的《彻查真相！,"中国,广播电视总台"
民企老板被错羁212天续：申请国赔千万余元，要求恢复名誉赔礼道歉,https://news.sina.com.cn/c/2025-05-12/doc-inewhnve8216085.shtml,2025-05-12 12:37:00,民企老板范海生因涉嫌假冒专利罪，在2021年失去人身自由212天。2024年7月，该案在重审一审期间，检方以“本案不符合起诉条件”为由，决定对范海生不予起诉。,"沈阳市,法院"
地震预测、预报、预警如何区分？中国地震局解答,https://news.sina.com.cn/c/2025-05-12/doc-inewhtca8108097.shtml,2025-05-12 12:05:00,来源：央视网央视网消息：5月12日，应急管理部、中国地震局举行“人人讲安全、个个会应急”安全知识发布会，介绍地震安全知识和防震减灾工作情况。,"地震局,中国,地震"
又炒作解放军“攻台首选” 美媒列出五大港口,https://news.sina.com.cn/c/2025-05-12/doc-inewhtax5393480.shtml,2025-05-12 12:03:00,台媒报道称，近日有美国专家炒作所谓“解放军攻台计划”，称大陆将优先进攻港口而非海滩，原因是所谓“解放军缺乏卸载大型运输工具的设施，登陆海滩还会暴露位置”。文章还,
厦门大学辟谣研究生免试入学,https://news.sina.com.cn/c/2025-05-12/doc-inewhnvh3172430.shtml,2025-05-12 11:54:00,5月11日，厦门大学招生与考试办公室发布声明称，近期，个别网络平台等发布关于该校研究生招生的不实信息，扰乱正常招生秩序。声明指出，厦门大学严格遵守教育部关于研究,
“地震云”能预测地震？专家：两者没有实际内在关联性,https://news.sina.com.cn/c/2025-05-12/doc-inewhtax5404293.shtml,2025-05-12 11:39:00,来源：央视网央视网消息：5月12日，应急管理部、中国地震局举行“人人讲安全、个个会应急”安全知识发布会，介绍地震安全知识和防震减灾工作情况。,"地震,专家"
2025年4月全国受理网络违法和不良信息举报1799.9万件,https://news.sina.com.cn/c/2025-05-12/doc-inewhnuz5493932.shtml,2025-05-12 11:39:00,来源：央视网央视网消息：据中央网信办举报中心微信公众号消息，2025年4月，中央网信办举报中心指导全国各级网信举报工作部门、主要网站平台受理网民举报色情、赌博...,
A股午评：创业板指半日涨1.72% 军工股再度爆发,https://news.sina.com.cn/c/2025-05-12/doc-inewhnvh3160602.shtml,2025-05-12 11:36:00,财联社5月12日电，市场早盘高开后冲高回落，创业板指领涨。沪深两市半日成交额8432亿，较上个交易日放量552亿。盘面上热点较为杂乱，个股涨多跌少，全市场超34,
A股午评：上证指数涨0.37%，创业板指涨1.72%，航天航空等板块走强,https://news.sina.com.cn/c/2025-05-12/doc-inewhnuz5487008.shtml,2025-05-12 11:34:00,5月12日，A股三大指数早盘集体上涨，截至午间收盘，上证指数涨0.37%，深证成指涨1.06%，创业板指涨1.72%；北证50涨2.27%。沪深两市成交额约84,
北京辟谣│ 2025年4月辟谣榜,https://news.sina.com.cn/c/2025-05-12/doc-inewhnvc1427951.shtml,2025-05-12 11:15:00,来源：北京网络举报 还原事实，洞悉真相。 欢迎关注，系统举报！,
追星赶月的首席科学家,https://news.sina.com.cn/c/2025-05-12/doc-inewhnuz5474503.shtml,2025-05-12 11:05:00,马敬，中共党员，中核集团首席科学家。马敬同志先后承担多项重大科研项目任务，凭着“闯”的劲头，“创”的精神，“诚”的作风，不惧雨骤风狂，带领团队行舟执桨、高歌猛进...,国家队
何立峰在会见世界贸易组织总干事伊维拉时指出：中方坚定支持多边主义和自由贸易，支持世界贸易组织在全球经济治理中发挥更大作用,https://news.sina.com.cn/c/2025-05-12/doc-inewhnuz5474333.shtml,2025-05-12 10:58:00,来源：央视网 新华社日内瓦5月12日电（记者王娅楠 马汝轩）当地时间5月11日晚，国务院副总理何立峰在日内瓦会见世界贸易组织总干事伊维拉。,"何立峰,世界贸易组织,中国"
贝莱德宋宇：中美双方罕见一致定调体现共识较多 利好中国市场,https://news.sina.com.cn/c/2025-05-12/doc-inewhnve8181467.shtml,2025-05-12 10:44:00,财联社5月12日电，中美经贸高层会谈取得实质性进展，达成了重要共识。贝莱德首席中国经济学家宋宇表示，虽然会谈还需要敲定更多细节，但双方声明均明确表示取得了重大进,
创业板指涨逾2% 上涨个股近3800只,https://news.sina.com.cn/c/2025-05-12/doc-inewhhpk3260554.shtml,2025-05-12 10:17:00,财联社5月12日电，指数走强，创业板指拉升涨逾2.00%，沪指涨0.77%，深成指涨1.31%。军工、消费电子、汽配、光伏等方向涨幅居前，沪深京三市上涨个股近3,
废墟中被救起的孩子好好长大了,https://news.sina.com.cn/c/2025-05-12/doc-inewicst5246721.shtml,2025-05-12 10:12:00,【#废墟中被救起的孩子好好长大了#】#17年前为抗震救灾所作歌曲一听泪目#2008年5月12日14时28分，四川汶川发生8.0级地震，15名空降兵“惊天一跳”，,
张效廉被决定逮捕！曾被批“官迷心窍、利令智昏”,https://news.sina.com.cn/c/2025-05-12/doc-inewhhpk3254811.shtml,2025-05-12 10:02:00,正义网记者5月12日从最高人民检察院获悉，十三届全国政协经济委员会副主任张效廉涉嫌受贿一案，由国家监察委员会调查终结，移送检察机关审查起诉。,
何立峰：中方坚定支持多边主义和自由贸易，支持世贸在全球经济治理中发挥更大作用,https://news.sina.com.cn/c/2025-05-12/doc-inewhhph8296541.shtml,2025-05-12 10:02:00,当地时间5月11日晚，国务院副总理何立峰在日内瓦会见世界贸易组织总干事伊维拉。何立峰表示，以世界贸易组织为核心的多边贸易体制是国际贸易的基石，在全球经济治理中发,
涉嫌受贿罪 最高检依法对张效廉决定逮捕,https://news.sina.com.cn/c/2025-05-12/doc-inewhhpc5581703.shtml,2025-05-12 09:59:00,记者今天（12日）从最高人民检察院获悉，十三届全国政协经济委员会副主任张效廉涉嫌受贿一案，由国家监察委员会调查终结，移送检察机关审查起诉。日前，最高人民检察院依,
高级兽医师冯学平，被查,https://news.sina.com.cn/c/2025-05-12/doc-inewhhpc5580028.shtml,2025-05-12 09:42:00,据中央纪委国家监委驻海关总署纪检监察组、山西省纪委监委消息：石家庄海关原一级巡视员冯学平涉嫌严重违纪违法，目前正在接受中央纪委国家监委驻海关总署纪检监察组纪律审,
长六改火箭成功发射遥感四十号02组卫星,https://news.sina.com.cn/c/2025-05-12/doc-inewhhpk3238788.shtml,2025-05-12 09:35:00,5月11日21时27分，长征六号改运载火箭在太原卫星发射中心点火起飞，成功将遥感四十号02组卫星发射升空，卫星顺利进入预定轨道，发射任务取得圆满成功。,"火箭,卫星,运载火箭"
A股开盘：三大指数集体高开，创业板指上涨1.55%，数字哨兵概念走强,https://news.sina.com.cn/c/2025-05-12/doc-inewhhpc5560690.shtml,2025-05-12 09:27:00,5月12日早间A股开盘，三大指数集体高开，上证指数涨0.33%，深证成指涨0.92%，创业板指涨1.55%，北证50涨1.37%。数字哨兵概念股走强，转基因、粮,
第1视点｜进一步深化中俄新时代全面战略协作伙伴关系,https://news.sina.com.cn/c/xl/2025-05-12/doc-inewhhpc5543659.shtml,2025-05-12 08:56:00,应俄罗斯联邦总统普京邀请，国家主席习近平于5月7日至10日对俄罗斯进行国事访问并出席在莫斯科举行的纪念苏联伟大卫国战争胜利80周年庆典。,
领证不再需要户口本，多地登记结婚预约爆满！,https://news.sina.com.cn/c/2025-05-12/doc-inewhhph8262828.shtml,2025-05-12 08:52:00,新修订的《婚姻登记条例》5月10日起实施，婚姻登记地域限制取消，新人领证不再需要户口本，婚姻登记全国各地通办。 婚姻登记“全国通办”政策正式实施...,婚姻登记条例
科技赋能 兵器工业无人巡护车“硬核”巡防,https://news.sina.com.cn/c/2025-05-12/doc-inewhhph8258854.shtml,2025-05-12 08:45:00,近日，兵器工业集团中兵智能创新研究院自主研发的新一代无人安防巡护车系统亮相新型智能灭火装备体系化测试，以创新技术突破传统巡防局限...,
中国船舶3000吨级浮标作业船“向阳红17”号交付,https://news.sina.com.cn/c/2025-05-12/doc-inewhhpk3213435.shtml,2025-05-12 08:45:00,5月7日，由中国船舶集团有限公司旗下第七〇一研究所设计、中船黄埔文冲船舶有限公司为自然资源部北海局建造的3000吨级浮标作业船“向阳红17”号交船仪式举行。,北海市
翎亚航空首开印尼美娜多—上海浦东直飞航线,https://news.sina.com.cn/c/2025-05-12/doc-inewhhpk3213424.shtml,2025-05-12 08:45:00,5月7日，中飞租赁宣布旗下印尼翎亚航空（“翎亚”或“TransNusa”）正式开通印尼美娜多（MDC）至上海浦东（PVG）直飞定期航线，进一步拓展中印尼之间的空中通道...,印尼
十年奋进铸造“国之重器” 华龙腾飞绘就“中国方案”,https://news.sina.com.cn/c/2025-05-12/doc-inewhhpk3213302.shtml,2025-05-12 08:44:00,2025年，是中国核工业创建70周年，恰逢我国自主三代核电技术“华龙一号”全球首堆开工建设10周年。“华龙一号”是中核集团集数十年积累的技术优势和核电科研、设计、制造...,中国
雄商高铁黄河特大桥全桥贯通,https://news.sina.com.cn/c/2025-05-12/doc-inewhhpc5539880.shtml,2025-05-12 08:44:00,近日，中国中铁旗下中铁四局承建的雄商高铁黄河特大桥移动模架现浇梁全部施工完成，全桥贯通。雄商高铁黄河特大桥全长40.82公里，其中主桥全长1600米...,"高铁,中铁"
百色：聚焦年轻干部队伍建设 强本领明规矩促履职,https://news.sina.com.cn/c/2025-05-12/doc-inewhhpc5539700.shtml,2025-05-12 08:44:00,近日，百色市纪委监委召开“五四”青年干部座谈会，6名青年代表结合监督检查、审查调查、驻村等工作分享体会。会上，百色市委常委、市纪委书记...,"百色市,纪检监察,队伍建设"
采购合同上的猫腻,https://news.sina.com.cn/c/2025-05-12/doc-inewhhpk3213036.shtml,2025-05-12 08:44:00,“组长你看，这几份苗木采购合同似乎有些不对劲！”此前，象州县委第一巡察组进驻某县直单位开展常规巡察，组员小潘在查阅该单位财务资料时...,巡察
拼抢上半场 中国海油向“时间过半任务过半”发起冲击,https://news.sina.com.cn/c/2025-05-12/doc-inewhhph8258315.shtml,2025-05-12 08:44:00,奋战二季度、拼抢上半场，中国海油各单位向精益要效益、向关键处发力，向“时间过半、完成任务过半”发起冲击。有限深圳分公司 油气产量均超计划今年1月至4月...,深圳市
评论丨筑牢拒腐防变家庭防线,https://news.sina.com.cn/c/2025-05-12/doc-inewhhpk3213708.shtml,2025-05-12 08:43:00,“大搞家庭式腐败”“纵容默许亲属利用其职务影响谋取利益”……一段时间以来，在严重违纪违法党员干部党纪政务处分通报中，不时能见到类似表述。,"领导干部,党员,腐败"
方圆谈 | 调查研究关键看实效,https://news.sina.com.cn/c/2025-05-12/doc-inewhhpc5540218.shtml,2025-05-12 08:43:00,“高峰期上厕所需掐表，老小区单元门难寻……”近日，江苏省苏州相城经开区社会事业局副局长张亥秋脱产两周体验外卖骑手生活的新闻引发关注。,"外卖,方圆"
愿以担当铸忠诚,https://news.sina.com.cn/c/2025-05-12/doc-inewhhpc5536402.shtml,2025-05-12 08:30:00,4月28日，在全国劳动模范和先进工作者表彰大会上，有一位扎着简单马尾辫、衣着朴素的80后女性，她是全国先进工作者，山西省忻州市纪委常委、监委委员曲亚男。,忻州市
武威：以有力有效监督破障清阻 推动营商环境持续优化,https://news.sina.com.cn/c/2025-05-12/doc-inewhhpc5536267.shtml,2025-05-12 08:30:00,“真是太方便了，本来以为要跨省来回奔波才能完成的业务，没想到通过征纳互动，足不出户就解决了，为你们省时省心省力的便民举措点赞！,"武威市,纪检监察"
清风为伴产业兴 | 泡桐奏响致富曲,https://news.sina.com.cn/c/2025-05-12/doc-inewhhph8255407.shtml,2025-05-12 08:30:00,穿弦、紧弦、调音……在河南省兰考县民族乐器产业园龙音琴坊，制琴师们正在为参加民族乐器展会定制的古筝做最后的调试工作。,兰考
广安观潮 | 筑牢拒腐防变家庭防线,https://news.sina.com.cn/c/2025-05-12/doc-inewhhph8255526.shtml,2025-05-12 08:30:00,“大搞家庭式腐败”“纵容默许亲属利用其职务影响谋取利益”……一段时间以来，在严重违纪违法党员干部党纪政务处分通报中，不时能见到类似表述。,"领导干部,党员,腐败"
情怀 | 一位女法官的法理情,https://news.sina.com.cn/c/2025-05-12/doc-inewhhpf1481464.shtml,2025-05-12 08:25:00,“法院是人民的法院，法官是人民的法官，我们做的一切工作都是为了人民。”这是江西省上饶市广信区人民法院旭日法庭庭长王婧写在笔记本扉页上的话...,"法院,法官,王婧"
前行 | 一枝一叶总关情,https://news.sina.com.cn/c/2025-05-12/doc-inewhhpk3209983.shtml,2025-05-12 08:25:00,“从我们前期查处的案件看，村级‘小微工程’领域违规违纪问题易发多发，群众反映较为强烈。接下来我们要聚焦村级‘小微工程’决策、实施...,高标准农田建设
特写丨组校地企共话监督,https://news.sina.com.cn/c/2025-05-12/doc-inewhhpc5536495.shtml,2025-05-12 08:25:00,参加完研讨会后，中建六局第一建设公司纪委书记鱼红文对如何开展接下来的监督执纪工作，更有思路了。日前，鱼红文参加了由中建六局纪委举办的专题研讨会。,"纪检,纪检监察"
西藏拉孜县发生5.5级地震 暂无人员伤亡报告,https://news.sina.com.cn/c/2025-05-12/doc-inewhhpf1479573.shtml,2025-05-12 08:24:00,#西藏拉孜5.5级地震暂无人员伤亡报告#[西藏拉孜县发生5.5级地震 暂无人员伤亡报告]5月12日电12日5时11分，西藏日喀则市拉孜县（北纬28.91度，东经87.54度）发生5...,
搬开妨碍惠民政策落实的“绊脚石”,https://news.sina.com.cn/c/2025-05-12/doc-inewhaff5664732.shtml,2025-05-12 08:24:00,最近，各地查处了一些妨碍惠民政策落实的党员干部。 5月6日，上海市闵行区某镇某居民区原党支部书记、居委会主任张某因犯职务侵占罪被判处拘役5个月，罚金人民币3万元。,"补贴,惠民"
应急管理部正式发布应急科普IP形象,https://news.sina.com.cn/c/2025-05-12/doc-inewhhpc5558629.shtml,2025-05-12 08:22:00,来源：央视网 央视网消息：据应急管理部消息，为深入推进应急特色文化建设，创新开展安全宣传和应急科普工作，5月12日全国防灾减灾日...,应急管理部
调查研究关键看实效,https://news.sina.com.cn/c/2025-05-12/doc-inewhafi1608836.shtml,2025-05-12 08:17:00,“高峰期上厕所需掐表，老小区单元门难寻……”近日，江苏省苏州相城经开区社会事业局副局长张亥秋脱产两周体验外卖骑手生活的新闻引发关注。,外卖
腹有诗书气自华,https://news.sina.com.cn/c/2025-05-12/doc-inewhafk8383303.shtml,2025-05-12 08:16:00,《曾国藩家书》有言“人之气质，由于天生，本难改变，惟读书则可变化气质”，又言“书味深者，面自粹润”。腹有诗书气自华。古往今来，许多先贤榜样留下勤读苦学的佳话...,"孙权,吕蒙"
筑牢拒腐防变家庭防线,https://news.sina.com.cn/c/2025-05-12/doc-inewhafn3336071.shtml,2025-05-12 08:15:00,“大搞家庭式腐败”“纵容默许亲属利用其职务影响谋取利益”……一段时间以来，在严重违纪违法党员干部党纪政务处分通报中，不时能见到类似表述。,"领导干部,党员,腐败"
白衣执甲，以爱为灯 | 国际护士节,https://news.sina.com.cn/c/2025-05-12/doc-inewicst5242951.shtml,2025-05-12 08:01:00,策划：王宁编辑：王珺珂本文配图来源于版权图库。转载时请注意，避免侵权。,
中加两国政府间是否就取消关税进行了对话？中国驻加拿大大使回应,https://news.sina.com.cn/c/2025-05-12/doc-inewhafn3332321.shtml,2025-05-12 07:53:00,据中国驻加拿大大使馆，5月9日，中国驻加拿大大使王镝接受加主流电视媒体“加拿大电视台”（CTVNews）政论节目《问询时刻》（QuestionPeriod）主持,
技能培训信息哪里查？人社部解答,https://news.sina.com.cn/c/2025-05-12/doc-inewhhpc5577594.shtml,2025-05-12 07:25:00,来源：央视网央视网消息：据人力资源和社会保障部微信公众号消息，如何了解和获取技能培训信息？就这一问题，人力资源和社会保障部回应称...,培训机构
“不为一时一事所惑，不为风高浪急所扰”——习近平主席对俄罗斯进行国事访问并出席纪念苏联伟大卫国战争胜利八十周年庆典纪实,https://news.sina.com.cn/c/xl/2025-05-12/doc-inewhhpk3216446.shtml,2025-05-12 07:20:00,原标题：“不为一时一事所惑，不为风高浪急所扰” ——习近平主席对俄罗斯进行国事访问并出席纪念苏联伟大卫国战争胜利八十周年庆典纪实 “世界正面临百年未有之大变局。,
江苏开通认证绿色通道助企拓内销,https://news.sina.com.cn/c/2025-05-12/doc-inewhaff5646776.shtml,2025-05-12 07:05:00,为支持外贸企业开拓国内市场，近日，省市场监管局发布《关于指导开通外贸转内销产品强制性认证绿色通道的公告》，通报了强制性产品认证（CCC认证）机构名单及绿色通道服务...,江苏省
铜仁：强化协作联动 提升庭审警示教育效果,https://news.sina.com.cn/c/2025-05-12/doc-inewhaff5659992.shtml,2025-05-12 07:04:00,“我背离初心使命，被权力蒙蔽双眼，一步步滑向深渊……”前不久，在铜仁市碧江区人民法院庭审现场，坐在被告席上的区财政局原党组书记、局长游某声泪俱下。,铜仁市
护理人才结构不断优化升级 全省注册护士中中高级职称占比超四成,https://news.sina.com.cn/c/2025-05-12/doc-inewhaff5646737.shtml,2025-05-12 07:04:00,今年5月12日是第114个国际护士节。省卫健委最新数据显示，截至2024年12月，全省共有注册护士34.04万名，其中中高级职称占比达42.99%，远超国家2027年25%的目标。,"护士,江苏省"
江苏新增6个海外知识产权纠纷应对指导机构,https://news.sina.com.cn/c/2025-05-12/doc-inewhaff5646773.shtml,2025-05-12 07:04:00,国家知识产权局近日批复设立第五批海外知识产权纠纷应对指导地方分中心，其中包括江苏泰州、连云港、盐城、淮安、镇江、宿迁分中心。,"江苏省,知识产权纠纷,盐城市"
广安观潮丨筑牢拒腐防变家庭防线,https://news.sina.com.cn/c/2025-05-12/doc-inewhafn3329710.shtml,2025-05-12 07:03:00,“大搞家庭式腐败”“纵容默许亲属利用其职务影响谋取利益”……一段时间以来，在严重违纪违法党员干部党纪政务处分通报中，不时能见到类似表述。,"党员,领导干部,腐败"
方圆谈丨调查研究关键看实效,https://news.sina.com.cn/c/2025-05-12/doc-inewhafk8373537.shtml,2025-05-12 07:02:00,“高峰期上厕所需掐表，老小区单元门难寻……”近日，江苏省苏州相城经开区社会事业局副局长张亥秋脱产两周体验外卖骑手生活的新闻引发关注。,"外卖,方圆"
画里有话丨创新续写生态传奇,https://news.sina.com.cn/c/2025-05-12/doc-inewhafi1599036.shtml,2025-05-12 07:02:00,在滇南群山的褶皱里，红河哈尼梯田如同大地浮雕般自哀牢山巅层叠而下。  图为云南省红河县甲寅村“开秧门”仪式上，村民沿着田埂踏歌而行。,"梯田,哈尼梯田"
西藏日喀则市拉孜县发生5.5级地震 震源深度10公里,https://news.sina.com.cn/c/2025-05-12/doc-inewfvxn8490069.shtml,2025-05-12 05:24:00,中国地震台网正式测定：5月12日5时11分，在西藏日喀则市拉孜县（北纬28.91度，东经87.54度）发生5.5级地震，震源深度10公里。（总台央视记者 张腾飞）,"震源深度,西藏,地震"
中国地震局迅即开展西藏日喀则市拉孜县5.5级地震应急处置工作,https://news.sina.com.cn/c/2025-05-12/doc-inewhhpc5587774.shtml,2025-05-12 05:11:00,来源：央视网央视网消息：据中国地震局微信公众号消息，据中国地震台网正式测定，2025年5月12日5时11分在西藏日喀则市拉孜县（北纬28.91度，东经87.54度）发生5.5级地震...,"地震局,地震,日喀则市"
出游归来的麦子阿姨：收完麦子还想往北走，去内蒙古看看大草原,https://news.sina.com.cn/c/2025-05-12/doc-ineweytt6223712.shtml,2025-05-12 05:00:00,编辑丨杨珒 责编丨李彬彬 64岁河南农妇“麦子阿姨”因一次直播连线意外走红网络，其“种完麦子，我就往南走”的朴素心愿触动万千网友。,"麦子,内蒙古"
国务院副总理何立峰出席新闻发布会表示 中美达成重要共识 会谈取得实质性进展,https://news.sina.com.cn/c/2025-05-12/doc-inewfvxi5764991.shtml,2025-05-12 04:39:00,中美经贸高层会谈5月10日至11日在瑞士日内瓦举行。中美经贸中方牵头人、国务院副总理何立峰当地时间11日晚在出席中方代表团举行的新闻发布会时表示...,"中美,中国,何立峰"
国务院副总理何立峰：中美双方一致同意建立经贸磋商机制,https://news.sina.com.cn/c/2025-05-12/doc-inewfvxm1712376.shtml,2025-05-12 04:39:00,当地时间5月10日至11日，中美经贸中方牵头人、国务院副总理何立峰与美方牵头人、美国财政部长贝森特和贸易代表格里尔在瑞士日内瓦举行中美经贸高层会谈。,"中美,日内瓦,中国"
中方发布会：中美经贸高层会谈取得了实质性进展 将于5月12日发布联合声明,https://news.sina.com.cn/c/2025-05-12/doc-inewfrrm5884743.shtml,2025-05-12 03:06:00,【中方发布会：中美经贸高层会谈取得了实质性进展，达成了重要共识】新华社日内瓦5月11日电 5月10日至11日，中美双方在瑞士日内瓦举行经贸高层会谈。,"中国,中美,日内瓦"
中美经贸高层会谈在日内瓦结束，中国代表团将举行发布会,https://news.sina.com.cn/o/2025-05-12/doc-inewfrrm5877909.shtml,2025-05-12 01:51:00,来源：玉渊谭天#中国代表团将举行发布会# 中美经贸高层会谈在日内瓦结束，中国代表团将举行发布会。#中美经贸高层会谈结束#,"中美,日内瓦,中国"
新疆阿克苏地区库车市发生3.0级地震,https://news.sina.com.cn/c/2025-05-12/doc-inewfmiu3673250.shtml,2025-05-12 00:40:00,中国地震台网正式测定：5月12日00时31分，在新疆阿克苏地区库车市（北纬41.32度，东经83.28度）发生3.0级地震，震源深度15公里。（总台央视记者 张腾飞）,"新疆,地震,阿克苏地区"
离谱！台当局竟将“汉人”改称“其余人口”,https://news.sina.com.cn/c/2025-05-12/doc-inewfmip5993762.shtml,2025-05-12 00:06:00,据台湾中天新闻网5月11日报道，有岛内PTT论坛网友近日发现，台当局行政管理机构官网的台湾介绍在2023年写着“台湾目前已设户籍人口组成以汉人为最大族群，占总人口96.4%”...,"台湾省,台当局"
王健林，突传消息,https://news.sina.com.cn/c/2025-05-12/doc-inewhafn3322218.shtml,2025-05-12 00:00:00,天某查显示，日前，王健林新增1条股权冻结信息，股权所在企业为大连万达商业管理集团股份有限公司（以下简称万达商管集团），被冻结股权数额超3亿元，冻结期限自2025,
关于近日网上“运-20向外方运送物资”不实消息，官方辟谣！,https://news.sina.com.cn/c/2025-05-11/doc-inewfezu8822013.shtml,2025-05-11 22:35:00,近日，网络上出现大量关于“运-20向巴基斯坦运送救援物资”的消息。对此，人民空军表示，此消息为不实信息！网络不是法外之地！制作传播涉军谣言需负法律责任！关注「人,
金色相框｜习近平主席俄罗斯之行,https://news.sina.com.cn/c/xl/2025-05-11/doc-ineweyty3897643.shtml,2025-05-11 20:28:00,新华社摄影部制作 新华社第一工作室出品,
人民领袖｜母亲的爱,https://news.sina.com.cn/c/xl/2025-05-11/doc-ineweytt6224213.shtml,2025-05-11 20:26:00,上世纪80年代初，习近平在河北正定县工作时，就住在县委大院的办公室里。办公室是老房子，有些潮湿，他常把褥子拿出来晒太阳。那条打着各色补丁的褥子引起了大家的注意。,
习语丨“谁言寸草心，报得三春晖”,https://news.sina.com.cn/c/xl/2025-05-11/doc-ineweyty3897391.shtml,2025-05-11 20:26:00,“谁言寸草心，报得三春晖。”深受母亲言传身教影响的习近平总书记，非常孝敬母亲。今天，重温总书记和母亲的暖心瞬间。感悟人间真情，祝愿天下所有母亲健康幸福！,
记者手记｜一条越走越宽广的大道——习近平主席国事访问有力推动新时代中俄关系在世界大变局中坚毅前行,https://news.sina.com.cn/c/xl/2025-05-11/doc-ineweytv2160825.shtml,2025-05-11 20:25:00,新华社莫斯科5月10日电 题：一条越走越宽广的大道——习近平主席国事访问有力推动新时代中俄关系在世界大变局中坚毅前行 新华社记者郝薇薇 杨依军 又一次飞越亚欧大陆...,
外交部罕见周末开会，这样谈关税,https://news.sina.com.cn/c/2025-05-11/doc-ineweumv6335286.shtml,2025-05-11 18:02:00,中国外交部11日举行中外媒体吹风会。在回答美国滥施关税相关问题时，外交部部长助理苗得雨表示，美国把关税作为实施极限施压、谋取私利的武器，这是典型的单边主义、保护,
4月对美出口减少21%，关税风波将如何演进？,https://news.sina.com.cn/c/2025-05-11/doc-ineweuna4003480.shtml,2025-05-11 17:30:00,"4月中国出口增速保持韧性但分流加速,对美出口回落，对东盟、拉美出口维持高增文|《财经》记者邹碧颖编辑|王延春5月9日，海关总署公布了最新的进出口数据。4月，中国",
【讲习所·中国与世界】习近平强调深化中俄关系是应有之义、必然选择、时代呼唤,https://news.sina.com.cn/c/xl/2025-05-11/doc-ineweqea9165145.shtml,2025-05-11 16:11:00,当地时间5月8日，正在俄罗斯进行国事访问并将出席纪念苏联伟大卫国战争胜利80周年庆典的中国国家主席习近平在莫斯科同俄罗斯总统普京举行会谈。,
联播+｜光影瞬间鉴证中俄友谊,https://news.sina.com.cn/c/xl/2025-05-11/doc-ineweqcx6446400.shtml,2025-05-11 16:11:00,5月7日至10日，习近平主席应邀对俄罗斯进行国事访问并出席纪念苏联伟大卫国战争胜利80周年庆典。 访问期间，习近平主席同普京总统举行了深入友好、富有成果的会谈...,
时政微视频丨不负“娘的心”,https://news.sina.com.cn/c/xl/2025-05-11/doc-ineweqcx6445936.shtml,2025-05-11 16:09:00,慈母手中线，游子身上衣。 1969年1月，不满16岁的习近平赴陕北梁家河插队。儿行千里母担忧。母亲齐心亲手为他缝制了一个针线包，上面绣了三个红色的字：娘的心。,
视频画报｜以史为鉴 共创未来——习近平主席俄罗斯之行精彩瞬间,https://news.sina.com.cn/c/xl/2025-05-11/doc-ineweqea9164701.shtml,2025-05-11 16:08:00,5月的莫斯科，天高云阔，胜利日旗帜迎风招展。在这“梨花开遍了天涯”的季节，习近平主席7日至10日对俄罗斯进行国事访问并出席纪念苏联伟大卫国战争胜利80周年庆典。,
长图丨母亲节：感恩母爱如水 传承清廉家风,https://news.sina.com.cn/c/2025-05-11/doc-ineweqcx6441785.shtml,2025-05-11 15:44:00,,母亲节
为发国外知名期刊，高校学者安排学生实习窃密！国安部披露间谍案细节,https://news.sina.com.cn/c/2025-05-11/doc-ineweqcz2384655.shtml,2025-05-11 15:21:00,据“国家安全部”公众号消息，近年来，部分境外机构和个人为攫取利益，对我经济、民生、科技等重要领域实施情报窃密活动，严重危害我国家安全。,国家安全部
关于中美会谈，最新进展→,https://news.sina.com.cn/c/2025-05-11/doc-ineweumy9039047.shtml,2025-05-11 15:18:00,CGTN日内瓦消息，中美经贸高层会谈11日在日内瓦将继续进行。此前一天，当地时间10日上午，中美经贸高层会谈在瑞士日内瓦开始举行。中共中央政治局委员、国务院副总,
97岁李嘉诚和红颜知己周凯旋一同去看五月天演唱会，现场笑容不断，十分开怀，看起来精神十足,https://news.sina.com.cn/c/2025-05-11/doc-ineweqee4113170.shtml,2025-05-11 15:00:00,据媒体报道，五月天5月10日在启德体育园开第二场演唱会，座上客之一竟是年逾九旬的李嘉诚，他与红颜知己周凯旋当晚约8时40分联袂出现，李嘉诚乘坐电动三轮车，周凯旋,
此前被控行贿950万！段暄时隔2年再度更新社媒,https://news.sina.com.cn/c/2025-05-11/doc-ineweqea9152890.shtml,2025-05-11 14:33:00,来源：直播吧 直播吧05月11日讯 此前被控行贿950万！段暄更新个人社媒告别穆勒 段暄出生于1972年，北京人，毕业于北京广播学院国际新闻系...,
野长城挡不住“野蛮人”,https://news.sina.com.cn/c/2025-05-11/doc-ineweiwc2506514.shtml,2025-05-11 14:01:00,来源：中国新闻周刊 4月中旬，河北张家口青边口长城沿线的榆叶梅进入花期，虽尚未盛放，已吸引大批游客前来观赏。现场可见，长城脚下道路两侧停满了大小车辆...,"长城,野长城"
张柏芝发儿子成长视频，回顾当妈妈的6000多天：不管他们什么时候回头，妈妈永远都在,https://news.sina.com.cn/c/2025-05-11/doc-ineweivz6554736.shtml,2025-05-11 13:23:00,今天是母亲节，张柏芝发布了一条视频，记录自己当妈妈的六千多天，“lucas是18年前出生的，所以我应该是当了妈妈6000多天。”,张柏芝
李某在地铁上“故意发出怪声、肢体扭曲”，致3人受伤，行拘！,https://news.sina.com.cn/c/2025-05-11/doc-ineweiwh4224022.shtml,2025-05-11 13:05:00,5月10日，成都公安微信公号发布警情通报：5月8日14时许，违法行为人李某（男，26岁）为博取网络流量，在成都地铁2号线列车车厢内拍摄视频时，故意实施叫喊发出怪声...,"成都市,公安,地铁"
“胖都来”大卖场老板：考虑换名字，早先是打算用“淘都来”！其抖音账号内容已清空,https://news.sina.com.cn/c/2025-05-11/doc-ineweiwe9274096.shtml,2025-05-11 12:56:00,5月1日，浙江嘉兴海宁市一家名为“胖都来”的大卖场高调开业，因名称与胖东来高度相似引发广泛关注。图片来源：视频截图 5月10日晚，“胖都来”官微发布消息...,抖音
员工拒从广州调岗到云南怒江被开除，千里调岗遭解雇公司被判违法,https://news.sina.com.cn/c/2025-05-11/doc-ineweiwc2503533.shtml,2025-05-11 12:49:00,郑某本为B公司员工，后因公司经营调整，郑某和同事们被迫换了“新东家”，进入A公司工作。之后，郑某收到A公司的派遣通知，要将其工作地从广州调整至云南怒江泸水市。,
影像速览！领航战略协作 共促世界和平,https://news.sina.com.cn/c/xl/2025-05-11/doc-ineweiwc2491015.shtml,2025-05-11 11:56:00,5月7日至10日，习近平主席对俄罗斯进行国事访问并出席在莫斯科举行的纪念苏联伟大卫国战争胜利80周年庆典。 习近平主席此行是一次深化友谊、团结合作之旅，一次铭记历史...,
习近平将出席中国－拉美和加勒比国家共同体论坛第四届部长级会议开幕式并发表重要讲话,https://news.sina.com.cn/c/xl/2025-05-11/doc-ineweiwe9265522.shtml,2025-05-11 11:56:00,新华社北京5月11日电 外交部发言人5月11日宣布：经中拉双方共同商定，中国-拉美和加勒比国家共同体论坛第四届部长级会议将于5月13日在北京举行。,
镜头丨同查同治破解风腐交织问题,https://news.sina.com.cn/c/2025-05-12/doc-inewhafi1599114.shtml,2025-05-11 11:55:00,各级纪检监察机关准确把握风腐一体、风腐交织的规律特征，健全风腐同查同治机制，把“同”的理念、“查”的手段、“治”的效果贯穿工作全过程，着力推动正风反腐一体深化。,"同治,纪检监察"
迈威生物董事长兼总经理刘大涛涉嫌短线交易被立案,https://news.sina.com.cn/c/2025-05-11/doc-ineweivz6538650.shtml,2025-05-11 11:51:00,来源：观察者网 5月9日晚间，迈威生物发布公告称，因涉嫌短线交易，公司董事长兼总经理刘大涛被中国证监会决定立案。 公告显示，近日...,"迈威生物,短线交易,上海市"
省委书记、省长现场观赛，范志毅开球,https://news.sina.com.cn/c/2025-05-11/doc-ineweumv6319893.shtml,2025-05-11 11:32:00,编辑丨李岩《青海日报》消息，5月10日，第二届“大美青海·高原足球”超级联赛在青海体育中心开幕。青海省委书记、省人大常委会主任吴晓军，省委副书记、省长罗东川出席,
“卡皮巴拉”出逃40天，动物园发悬赏公告,https://news.sina.com.cn/c/2025-05-11/doc-inewecqk4334255.shtml,2025-05-11 11:10:00,来源：观察者网 微信公众号“扬州市茱萸湾风景区管理处”5月11日发布悬赏公告称，卡皮巴拉（水豚）豆包于4月3日出逃，至今已达40天，为早日将它“绳之以法”...,微信
女演员被曝“辱华录音”，新剧除名，镜头被删！吃中国饭，砸中国锅，绝不容忍！！！,https://news.sina.com.cn/c/2025-05-11/doc-inewecqk4332755.shtml,2025-05-11 11:09:00,来源：半岛都市报 5月10日 女演员李凯馨 连上好几个热搜 ↓ 日前，一名自称是李凯馨前助理的网友在微博爆料，在其曝光的录音片段中，李凯馨被指有辱骂中国人...,
中美会谈前都发生了什么,https://news.sina.com.cn/c/2025-05-11/doc-inewecqk4342256.shtml,2025-05-11 11:07:00,#中美会谈前都发生了什么##美方为何坐不住了#中美接触进行中，近期美方接连对华滥施关税后，又反复横跳，来回修改政策，通过多种渠道主动与中方接触，希望与中方就关税,
女子自称宝宝在粽子中吃出带血创可贴，来伊份：已内部排查,https://news.sina.com.cn/c/2025-05-11/doc-inewecqc6658087.shtml,2025-05-11 10:56:00,极目新闻记者 丁伟 近日，一位宝妈发布视频称，她喂宝宝吃来伊份的粽子时，吃出带血的创可贴。宝妈质问商家：“你们的工人到底是怎么来负责的？,
中央巡视组进驻期间，“内鬼”潘军被查,https://news.sina.com.cn/c/2025-05-11/doc-inewecqk4330710.shtml,2025-05-11 10:51:00,来源：北京青年报 编辑丨李岩 据湖北省纪委监委5月10日晚消息：随州市纪委原副书记、市监委原副主任、原二级巡视员潘军涉嫌严重违纪违法...,"随州市,潘军,湖北省"
王毅的两通电话，暗藏巴印停火关键,https://news.sina.com.cn/c/2025-05-11/doc-inewecqc6655267.shtml,2025-05-11 10:48:00,印巴互称击落对方无人机，在无人机较量中谁更具优势？后续双方的战术会如何演变？以辛德之名回答了此问题虽然这两天无人机你来我往，看似比较火热。但实际情况可能不是这样,
刘强东现身日本街头：穿猪猪侠T恤，背后还有京东外卖的二维码,https://news.sina.com.cn/c/2025-05-11/doc-ineweiwh4217710.shtml,2025-05-11 10:33:00,更有趣的是，刘强东的T恤背后还印了京东外卖的二维码。,
习言道｜两个维度看习近平俄罗斯之行,https://news.sina.com.cn/c/xl/2025-05-12/doc-inewhhpk3216598.shtml,2025-05-11 10:15:00,中新网5月11日电 题：两个维度看习近平俄罗斯之行 5月的莫斯科，天高云阔。在特殊历史节点，中国国家主席习近平对俄罗斯进行国事访问并出席纪念苏联伟大卫国战争胜利80周年...,
1至4月全国铁路完成固定资产投资1947亿元 同比增长5.3%,https://news.sina.com.cn/c/2025-05-11/doc-inewecqk4325998.shtml,2025-05-11 10:13:00,来源：央视网央视网消息：据中国铁路微信公众号消息，今年1至4月，铁路建设优质高效推进，全国铁路完成固定资产投资1947亿元，同比增长5.3%...,"高铁,铁路建设"
被欠薪的机长，决定去送外卖,https://news.sina.com.cn/c/2025-05-11/doc-inewecqc6648999.shtml,2025-05-11 10:07:00,停飞四年，飞行员被迫中断的飞行职业生涯能否再接续下去？在员工群里突然收到公司“取消今年五一之前所有航班”的消息时，陈森正在送外卖。他是幸福航空的一名飞行员。从4,
“司机偷拍过200多个女生视频”！聋哑网约车司机偷拍大量女乘客视频并配低俗文字发布，平台称将核实,https://news.sina.com.cn/c/2025-05-11/doc-inewecqk4332128.shtml,2025-05-11 09:56:00,5月9日，有一IP地址为上海的女子发布帖子称自己在乘坐网约车时，被聋哑司机偷拍了自己在车内的视频，并被上传到了某短视频平台，视频被转载到另一平台后获得了大量点赞,
马鞍山市原常务副市长黄化锋一审获刑11年，涉案金额三千余万元,https://news.sina.com.cn/c/2025-05-11/doc-inewecqc6644336.shtml,2025-05-11 09:54:00,5月8日，六安市中级人民法院对马鞍山市委原常委、市政府原党组副书记、副市长黄化锋犯受贿罪一案作出一审判决，以受贿罪判处其有期徒刑十一年...,"开发区,铜陵市,马鞍山市"
正风反腐在身边·变化看得见丨守牢饮水安全,https://news.sina.com.cn/c/2025-05-11/doc-inewecqk4321757.shtml,2025-05-11 09:44:00,重庆市永川区纪委监委围绕农村供水领域突出问题开展专项整治，联合区生态环境局、区水利局等部门成立专项监督检查组开展监督。图为近日...,"农村,纪检监察"
母亲节，看韩美林艺术长卷中的母爱深情,https://news.sina.com.cn/c/2025-05-11/doc-inewecqk4316828.shtml,2025-05-11 09:40:00,来源：央视网Mothers Day 岁月把青丝染成白发，却把爱酿成了更浓的牵挂。 在韩美林的艺术创作中，对“母爱”的表达，占据了一半天地。,"韩美林,母亲节"
习近平将出席中国—拉美和加勒比国家共同体论坛第四届部长级会议开幕式并发表重要讲话,https://news.sina.com.cn/c/2025-05-11/doc-inewcxhi2725893.shtml,2025-05-11 09:04:00,新京报讯 据外交部消息，外交部发言人宣布： 经中拉双方共同商定，中国—拉美和加勒比国家共同体论坛第四届部长级会议将于5月13日在北京举行。,"习近平,中国,国家主席"
从历史逻辑中感知习近平俄罗斯之行,https://news.sina.com.cn/c/xl/2025-05-11/doc-inewcxhn4433347.shtml,2025-05-11 08:38:00,（近观中国）从历史逻辑中感知习近平俄罗斯之行 中新社莫斯科5月10日电 题：从历史逻辑中感知习近平俄罗斯之行 中新社记者 黄钰钦 郭金超 5月7日至10日...,
王毅同印度国家安全顾问多瓦尔通电话,https://news.sina.com.cn/c/2025-05-11/doc-inewcxhk9496573.shtml,2025-05-11 08:33:00,来源：央视网 新华社北京5月10日电 2025年5月10日，中共中央政治局委员、中央外办主任王毅同印度国家安全顾问多瓦尔通电话。 多瓦尔表示...,"王毅,多瓦尔,印度"
航行警告！渤海海峡黄海北部执行军事任务,https://news.sina.com.cn/o/2025-05-11/doc-inewcxhk9496609.shtml,2025-05-11 08:15:00,据中国海事局网站消息，大连海事局发布航行警告，5月11日16时至6月1日16时，渤海海峡黄海北部部分海域执行军事任务，禁止驶入。,"黄海,渤海海峡,中国海事局"
【8点见】工行回应金条“掺假”传闻,https://news.sina.com.cn/c/2025-05-11/doc-inewcxhf6755028.shtml,2025-05-11 08:01:00,来源：央视网央视网消息：每天8点，央视网为您梳理24小时内发生在咱们身边的大小事儿。 ·中美经贸高层会谈在瑞士日内瓦举行。 ·国家统计局：今年4月份CPI环比由降转涨...,车厢
月薪4000欠债2500万？女子申请个人破产，法院回应了,https://news.sina.com.cn/c/2025-05-11/doc-inewcxhi2716831.shtml,2025-05-11 07:52:00,全文2109字，阅读约需6分钟 撰稿 / 缪因知（经济法学者）编辑 / 马小龙校对 / 张彦君▲资料图：破产不是一次性措施，需要长效机制保障。,"债务,法院"
《中国纪检监察报》新闻版头条、中央纪委国家监委网站｜,https://news.sina.com.cn/c/2025-05-11/doc-inewcxhf6764425.shtml,2025-05-11 07:49:00,近日，贵州省息烽县永靖镇坪上村党支部原书记、村委会原主任何某某在收到处分决定书时悔恨不已：“辜负了组织和村民的信任，内心深感惭愧……”此前...,"村干部,中央纪委,中国纪检监察报"
高培勇：中国资本市场的发展应将预期因素全面纳入分析和监测体系,https://news.sina.com.cn/c/2025-05-11/doc-inewcxhf6751902.shtml,2025-05-11 07:44:00,中国社会科学院学部委员高培勇10日在北京表示，中国资本市场的发展应将预期因素全面纳入分析和监测体系。 高培勇是在当天举行的中国资本市场改革与发展暨《中国资本市场的...,"资本市场,高培勇"
江苏发布19条举措推动注册会计师资产评估行业发展,https://news.sina.com.cn/c/2025-05-11/doc-inewcxhn4423631.shtml,2025-05-11 07:35:00,近日，省财政厅联合省教育厅、省人社厅、省商务厅、省国资委等部门印发《推动江苏省注册会计师资产评估行业高质量发展实施方案》。,江苏省
为发期刊，高校学者偷贩涉密敏感数据！国安部披露间谍案细节,https://news.sina.com.cn/c/2025-05-11/doc-inewcxhf6751159.shtml,2025-05-11 07:35:00,近年来，部分境外机构和个人为攫取利益，对我经济、民生、科技等重要领域实施情报窃密活动，严重危害我国家安全。与此同时，部分境内人员法治意识、国家安全意识淡薄...,
为发期刊，高校学者偷贩涉密敏感数据！国安部披露间谍案细节,https://news.sina.com.cn/c/2025-05-11/doc-inewcxhn4423554.shtml,2025-05-11 07:33:00,来源：观察者网 据微信公众号“国家安全部”5月11日消息，近年来，部分境外机构和个人为攫取利益，对我经济、民生、科技等重要领域实施情报窃密活动，严重危害我国家安全。,
网红街区如厕难，如何多管齐下补缺口？,https://news.sina.com.cn/c/2025-05-11/doc-inewcxhf6749788.shtml,2025-05-11 07:29:00,此前，有上海市民反映，长宁区兴国路（毗邻武康大楼段）作为热门打卡区域周边的主干道，近年来，随着游客数量的增多，周边区域的如厕问题逐渐凸显...,"公厕,网红,如厕难"
王毅分别同巴基斯坦副总理兼外长、印度国家安全顾问通电话,https://news.sina.com.cn/c/2025-05-11/doc-inewcsym2843023.shtml,2025-05-11 07:05:00,来源：观察者网 王毅同巴基斯坦副总理兼外长达尔通电话 据外交部网站消息，5月10日，中共中央政治局委员、外交部长王毅应约同巴基斯坦副总理兼外长达尔通电话。,"王毅,中国,巴基斯坦"
中国超大规模市场是信心所在——海南自贸港建设一线观察,https://news.sina.com.cn/c/2025-05-11/doc-inewcsyq4549582.shtml,2025-05-11 06:49:00,今年是海南自由贸易港封关运作之年。 建设海南自由贸易港，是习近平总书记亲自谋划、亲自部署、亲自推动的重大国家战略。2022年4月...,"海南省,自由贸易港,习近平"
传习录丨勿忘人间真情,https://news.sina.com.cn/c/xl/2025-05-11/doc-ineweiwh4211682.shtml,2025-05-11 00:00:00,“慈母手中线，游子身上衣。临行密密缝，意恐迟迟归。谁言寸草心，报得三春晖。”习近平总书记这段深情吟诵，道出了他与母亲的深厚感情。,
“内鬼”梁伟被查，昨天还曾露面,https://news.sina.com.cn/c/2025-05-10/doc-inewcaaw4899586.shtml,2025-05-10 23:15:00,据贵州省纪委监委5月10日消息：贵州省总工会党组成员、副主席梁伟涉嫌严重违纪违法，目前正接受审查调查。梁伟 资料图公开资料显示，梁伟被查前为正厅级...,"梁伟,贵州省"
时政微纪录丨习主席的俄罗斯时间,https://news.sina.com.cn/c/xl/2025-05-11/doc-inewcxhn4433329.shtml,2025-05-10 22:55:00,应俄罗斯联邦总统普京邀请，国家主席习近平于5月7日至10日对俄罗斯进行国事访问并出席在莫斯科举行的纪念苏联伟大卫国战争胜利80周年庆典。,
习近平结束对俄罗斯国事访问并出席纪念苏联伟大卫国战争胜利80周年庆典回到北京,https://news.sina.com.cn/c/xl/2025-05-10/doc-inewavuy5010235.shtml,2025-05-10 21:11:00,新华社北京5月10日电 5月10日晚，国家主席习近平在圆满结束对俄罗斯国事访问并出席纪念苏联伟大卫国战争胜利80周年庆典后回到北京。,
中美经贸高层会谈还将继续,https://news.sina.com.cn/c/2025-05-10/doc-inewavur7894220.shtml,2025-05-10 20:31:00,来源：玉渊谭天【#中美经贸高层会谈还将继续# 】当地时间5月10日，中美经贸高层会谈在瑞士日内瓦举行。玉渊谭天了解到，中美经贸高层会谈在午餐后继续。,
拾光纪·四大亮点！红场阅兵高燃瞬间回顾,https://news.sina.com.cn/c/xl/2025-05-10/doc-inewavux0059916.shtml,2025-05-10 20:29:00,5月9日，习近平主席应邀出席俄罗斯纪念苏联伟大卫国战争胜利80周年庆典。四大亮点，一起回顾高燃现场！,
高清大图｜习主席在莫斯科日程满满的一天,https://news.sina.com.cn/c/xl/2025-05-10/doc-inewavuv3285385.shtml,2025-05-10 20:29:00,当地时间5月9日，俄罗斯举行盛大庆典，纪念苏联伟大卫国战争胜利80周年。国家主席习近平和来自世界20多个国家及国际组织领导人应邀出席庆典。,
习近平圆满结束对俄罗斯国事访问并出席纪念苏联伟大卫国战争胜利80周年庆典,https://news.sina.com.cn/c/xl/2025-05-10/doc-inewavux0059880.shtml,2025-05-10 20:28:00,当地时间5月10日上午，国家主席习近平结束对俄罗斯国事访问并出席纪念苏联伟大卫国战争胜利80周年庆典返回北京。 离开莫斯科时，俄罗斯副总理切尔内申科等政府高级官员到机...,
学习笔记丨“全面提升中俄关系的高度、维度、韧度”,https://news.sina.com.cn/c/xl/2025-05-10/doc-inewavuv3285347.shtml,2025-05-10 20:27:00,,
1.9万名村官被查背后,https://news.sina.com.cn/c/2025-05-10/doc-inewavut7326301.shtml,2025-05-10 20:02:00,来源：中国新闻周刊  村干部腐败是近两年的热门话题。 据中央纪委国家监委网站信息，2025年第一季度，全国纪检监察机关共立案22万件，其中立案现任或原任村党支部书记...,"规定,腐败,农村"
俄罗斯各界高度评价习近平主席对俄罗斯进行国事访问并出席纪念苏联伟大卫国战争胜利80周年庆典,https://news.sina.com.cn/c/xl/2025-05-11/doc-inewcxhf6760273.shtml,2025-05-10 19:58:00,俄罗斯各界人士表示，习近平主席此次对俄罗斯进行国事访问并出席纪念苏联伟大卫国战争胜利80周年庆典体现了两国深厚友谊和坚定捍卫二战胜利成果的立场。,
2025年世界互联网大会“携手构建网络空间命运共同体”实践案例申报火热进行中！,https://news.sina.com.cn/c/2025-05-10/doc-inewarnt8013868.shtml,2025-05-10 19:16:00,目前，2025年世界互联网大会“携手构建网络空间命运共同体”实践案例申报已全面展开！为鼓励全球各方积极开展国际合作与交流，推动网络空间命运共同体建设进入新阶段...,命运共同体
时政微观察丨从三个历史坐标读懂习主席俄罗斯之行,https://news.sina.com.cn/c/xl/2025-05-11/doc-inewecqf2621823.shtml,2025-05-10 19:14:00,5月7日至10日，习近平主席对俄罗斯进行国事访问并出席纪念苏联伟大卫国战争胜利80周年庆典，书写下大国外交浓墨重彩的一笔。,
强对流天气致墙体倒塌，广西百色官方通报：3人遇难7人受伤,https://news.sina.com.cn/c/2025-05-10/doc-inewarnt8006820.shtml,2025-05-10 18:22:00,来源：央视网央视网消息：据右江融媒微信公众号消息，百色市右江区“4·19”墙体倾倒事故联合调查组发布右江区“4·19”墙体倾倒事故情况通报。,"百色市,强对流,广西"
中美会谈前中国加速替代美产品,https://news.sina.com.cn/c/2025-05-10/doc-inewarnv7437735.shtml,2025-05-10 18:12:00,来源：玉渊谭天【#中美会谈前中国加速替代美产品#】 #中国从阿根廷巴西买大豆替代美国#当地时间10日上午，中美经贸高层会谈在瑞士日内瓦开始举行。,
习近平圆满结束对俄罗斯国事访问并出席纪念苏联伟大卫国战争胜利80周年庆典,https://news.sina.com.cn/c/xl/2025-05-10/doc-inewamfc0294711.shtml,2025-05-10 17:11:00,新华社莫斯科5月10日电（记者韩墨 郑开君）当地时间5月10日上午，国家主席习近平结束对俄罗斯国事访问并出席纪念苏联伟大卫国战争胜利80周年庆典返回北京。,
中美经贸高层会谈在瑞士日内瓦开始举行,https://news.sina.com.cn/c/2025-05-10/doc-inewamfc0290164.shtml,2025-05-10 16:43:00,新华社日内瓦5月10日电 当地时间10日上午，中美经贸高层会谈在瑞士日内瓦开始举行。 中共中央政治局委员、国务院副总理何立峰作为中美经贸中方牵头人，当天与美方牵头人...,
习近平圆满结束对俄罗斯国事访问并出席纪念苏联伟大卫国战争胜利80周年庆典,https://news.sina.com.cn/c/xl/2025-05-10/doc-inewamez3514553.shtml,2025-05-10 16:31:00,当地时间5月10日上午，国家主席习近平结束对俄罗斯国事访问并出席纪念苏联伟大卫国战争胜利80周年庆典返回北京。离开莫斯科时，俄罗斯副总理切尔内申科等政府高级官员到机...,
习主席引用的一句歌词，温暖了俄罗斯人民的心,https://news.sina.com.cn/c/xl/2025-05-10/doc-inewaewz7663781.shtml,2025-05-10 15:07:00,5月7日，在赴莫斯科对俄罗斯进行国事访问并出席纪念苏联伟大卫国战争胜利80周年庆典之际，国家主席习近平在《俄罗斯报》发表题为《以史为鉴 共创未来》的署名文章。,
站在历史正确一边、站在公平正义一边——习近平主席在俄罗斯媒体发表的署名文章引发国际社会热烈反响,https://news.sina.com.cn/c/xl/2025-05-10/doc-inewaewz7663591.shtml,2025-05-10 15:07:00,新华社北京5月9日电 题：站在历史正确一边、站在公平正义一边——习近平主席在俄罗斯媒体发表的署名文章引发国际社会热烈反响,
一见·真情不变！习主席致敬老战士的动人瞬间,https://news.sina.com.cn/c/xl/2025-05-10/doc-inewaexc3630970.shtml,2025-05-10 15:06:00,当地时间5月9日，俄罗斯纪念苏联伟大卫国战争胜利80周年庆典主观礼台上，习近平主席与坐在身旁的老战士亲切交谈。 10年前，习近平主席在莫斯科专门会见了18位俄罗斯老战士...,
重庆大学再通报“本科生已发14篇SCI论文”：存在论文和专利署名不当的学术不端行为,https://news.sina.com.cn/c/2025-05-10/doc-inewaewx8216534.shtml,2025-05-10 14:02:00,[#重庆大学通报本科生14篇SCI论文#]#校方通报本科生发14篇SCI论文处理结果#近日，因发表14篇SCI论文，并获得3项国家发明专利，重庆大学化学化工学院本科生刘某乔受到广泛关...,
38岁女星被曝与富商海外产子？最新回应,https://news.sina.com.cn/c/2025-05-10/doc-inevzyqy3408294.shtml,2025-05-10 12:55:00,来源：江南都市报  近日，有狗仔用漫画描述称 “演都市剧出名的知性女星” 与富商海外产子，并暗示孩子生父与苏宁高层有关，后因富商事业遇困转而追求男星。,
事关普惠养老、债券市场“科技板”……一揽子金融政策打出“组合拳”,https://news.sina.com.cn/c/2025-05-10/doc-inevzyqz8334401.shtml,2025-05-10 12:30:00,国务院新闻办公室昨天（7日）举行新闻发布会，中国人民银行、金融监管总局、中国证监会介绍“一揽子金融政策支持稳市场稳预期”有关情况。,"再贷款,债券市场,普惠"
支持科创债扩容增量 三大交易所完善制度提升包容性,https://news.sina.com.cn/c/2025-05-10/doc-inevzyrc7769790.shtml,2025-05-10 12:27:00,5月7日，中国人民银行、中国证监会公布支持发行科技创新债券的相关举措。同日，沪深北三大交易所发布通知，细化落实相关举措。业内人士表示...,
招聘会开到商圈里 各地多措并举稳岗扩岗,https://news.sina.com.cn/c/2025-05-10/doc-inevzyrc7769929.shtml,2025-05-10 12:23:00,中共中央政治局4月25日召开会议指出，着力稳就业、稳企业、稳市场、稳预期，以高质量发展的确定性应对外部环境急剧变化的不确定性。,"就业,招聘会"
八项规定改变中国③成为促进高质量发展强大动力,https://news.sina.com.cn/c/xl/2025-05-10/doc-inevzyqw6625173.shtml,2025-05-10 12:15:00,,
壹视界·微视频｜习主席这样讲述“战争与和平”,https://news.sina.com.cn/c/xl/2025-05-10/doc-inevzyqw6624386.shtml,2025-05-10 12:10:00,5月7日，在赴莫斯科对俄罗斯进行国事访问并出席纪念苏联伟大卫国战争胜利80周年庆典之际，国家主席习近平在《俄罗斯报》发表题为《以史为鉴 共创未来》的署名文章。,
影像速览！纪念伟大胜利 捍卫公平正义,https://news.sina.com.cn/c/xl/2025-05-10/doc-inevzyqy3398382.shtml,2025-05-10 12:08:00,当地时间5月9日，俄罗斯举行盛大庆典，纪念苏联伟大卫国战争胜利80周年。国家主席习近平和来自世界20多个国家及国际组织领导人应邀出席庆典。这也是习近平主席时隔1,
时政新闻眼丨时隔10年，习近平再次出席这一盛大纪念活动,https://news.sina.com.cn/c/xl/2025-05-10/doc-inewaewx8228204.shtml,2025-05-10 12:08:00,当地时间5月9日，俄罗斯举行盛大庆典，纪念苏联伟大卫国战争胜利80周年。习近平主席和来自世界20多个国家及国际组织领导人应邀出席庆典。,
第一观察｜风雨同渡 关山共越,https://news.sina.com.cn/c/xl/2025-05-10/doc-inevzyqy3398101.shtml,2025-05-10 12:06:00,欢迎仪式，小范围、大范围会谈，签字和合作文本交换仪式，共见记者，欢迎宴会，茶叙……习近平主席对俄罗斯进行国事访问，5月8日这一天，中俄两国元首之间的亲切互动和深,
北京国安的基地之困，折射出中超民企运营的一个结构性难题,https://news.sina.com.cn/c/2025-05-10/doc-inewaexc3625589.shtml,2025-05-10 11:50:00,来源：直播吧 导语 中国足球需要从从“短期烧钱”模式向“长期可持续发展”转型，这是职业化改革的必由之路。训练基地就是这条改革之路上必须迈过去的一道坎...,
中央指导组组长刘家义，率队进驻湖北潜江,https://news.sina.com.cn/c/2025-05-10/doc-inevzyrc7759219.shtml,2025-05-10 11:44:00,来源：北京青年报  据湖北发布消息，按照中央党的建设工作领导小组统一部署，5月9日，深入贯彻中央八项规定精神学习教育中央第三指导组指导督导潜江见面会召开。,"党中央,刘家义,湖北省"
广东省深圳市政协原党组成员、副主席王幼鹏被“双开”,https://news.sina.com.cn/c/2025-05-10/doc-inevzuic8426719.shtml,2025-05-10 10:05:00,中央纪委国家监委网站5月10日通报，据广东省纪委监委消息：经广东省委批准，广东省纪委监委对深圳市政协原党组成员、副主席王幼鹏严重违纪违法问题进行了立案审查调查。,
领证不用户口本，还需哪些材料？补领证件如何操作？七问七答,https://news.sina.com.cn/c/2025-05-10/doc-inevzuhy6728305.shtml,2025-05-10 09:57:00,新修订的《婚姻登记条例》5月10日起开始实施，其中婚姻登记实现“全国通办”、结婚登记不再需要提供户口本等新规定为公众办理婚姻登记提供了便利...,
国家统计局：今年4月份CPI环比由降转涨 核心CPI涨幅稳定,https://news.sina.com.cn/c/2025-05-10/doc-inevzuic8421606.shtml,2025-05-10 09:48:00,国家统计局今日（10日）发布2025年4月份CPI和PPI数据。2025年4月份CPI环比由降转涨，核心CPI涨幅稳定。 4月份，居民消费价格指数（CPI）环比由上月下降0.4%转为上涨0.1%...,
西藏那曲市尼玛县发生3.4级地震，震源深度10千米,https://news.sina.com.cn/c/2025-05-10/doc-inevzuia3501149.shtml,2025-05-10 09:44:00,中国地震台网正式测定：05月10日09时33分在西藏那曲市尼玛县（北纬34.11度，东经86.47度）发生3.4级地震，震源深度10千米。,
国家统计局：4月份居民消费价格同比下降0.1%,https://news.sina.com.cn/c/2025-05-10/doc-inevzuic8417412.shtml,2025-05-10 09:36:00,2025年4月份，全国居民消费价格同比下降0.1%。其中，城市持平，农村下降0.3%；食品价格下降0.2%，非食品价格持平；消费品价格下降0.3%，服务价格上涨0.3%。,
中央气象台：预计华南南部等地仍有大雨或暴雨，华北黄淮等地气温反弹,https://news.sina.com.cn/c/2025-05-10/doc-inevzuhy6717636.shtml,2025-05-10 08:46:00,5月10日8时，中央气象台发布每日天气提示：昨日，较强降水主要出现在华北中部、华南南部等地，其中，河北中部、北京南部、山东西部、贵州南部、广东西南部、广西东南部...,
时政Vlog丨在莫斯科记录中国外交的繁忙时刻,https://news.sina.com.cn/c/xl/2025-05-10/doc-inevzyrc7763386.shtml,2025-05-10 08:12:00,FlashPlayer插件未安装安装插件，如果已经安装请检查是否被禁用undefinedundefined当地时间5月9日下午，国家主席习近平在莫斯科出席纪念苏,
【8点见】19岁女生注射头孢后离世，最新进展,https://news.sina.com.cn/c/2025-05-10/doc-inevzpzi7965349.shtml,2025-05-10 08:00:00,来源：央视网央视网消息：每天8点，央视网为您梳理24小时内发生在咱们身边的大小事儿。 ·外交部：中方反对日本单方面启动排海的立场没有变化。,洛杉矶
以人工智能赋能教育高质量发展 江苏打造全学段“AI+教育”新生态,https://news.sina.com.cn/c/2025-05-10/doc-inevzpza6833627.shtml,2025-05-10 07:24:00,5月9日，省教育厅召开新闻发布会，发布《人工智能赋能教育高质量发展行动方案（2025—2027年）》（下称《方案》）。面对人工智能技术的“井喷式”发展...,"人工智能,江苏省,教育厅"
省城市足球联赛首场比赛今日打响,https://news.sina.com.cn/c/2025-05-10/doc-inevzpzi7958523.shtml,2025-05-10 07:24:00,记者从2025年江苏省城市足球联赛新闻发布会上获悉，江苏省城市足球联赛首场比赛于5月10日下午3点在镇江市体育会展中心体育场打响，由镇江主场对阵扬州。,"足球联赛,体育局,常规赛"
雷军：过去一个多月是我创办小米以来最艰难的一段时间,https://news.sina.com.cn/c/2025-05-10/doc-inevzpzi7958737.shtml,2025-05-10 07:19:00,5月10日早间，小米创办人、董事长兼CEO雷军在微博发文称，“过去一个多月，是我创办小米以来最艰难的一段时间，情绪比较低落，取消了一些会议安排和出差计划...,
为何你买的宠物活不过7天？,https://news.sina.com.cn/c/2025-05-10/doc-inevzpzf8522707.shtml,2025-05-10 07:01:00,来源：中国新闻周刊 尽管近年来宠物经济爆发式增长 产业链涵盖生产、流通、销售、产品等 但仍缺乏更统一、明确的规范和监管 “我之前就听说过市场上有卖‘星期狗’...,上海市
视频丨习近平会见斯洛伐克总理菲佐,https://news.sina.com.cn/c/xl/2025-05-10/doc-inevzcmm8755866.shtml,2025-05-10 03:02:00,当地时间5月9日晚，国家主席习近平在莫斯科出席纪念苏联伟大卫国战争胜利80周年庆典期间会见斯洛伐克总理菲佐。习近平指出，推动中斯关系全方位、深层次、高水平发展...,
视频丨习近平会见委内瑞拉总统马杜罗,https://news.sina.com.cn/c/xl/2025-05-10/doc-inevzcmk3832831.shtml,2025-05-10 03:00:00,当地时间5月9日晚，国家主席习近平在莫斯科出席纪念苏联伟大卫国战争胜利80周年庆典期间会见委内瑞拉总统马杜罗。习近平指出，中国和委内瑞拉是相互信赖...,
视频丨习近平会见古巴国家主席迪亚斯-卡内尔,https://news.sina.com.cn/c/xl/2025-05-10/doc-inevzcmk3832500.shtml,2025-05-10 02:58:00,当地时间5月9日下午，国家主席习近平在莫斯科出席纪念苏联伟大卫国战争胜利80周年庆典期间会见古巴国家主席迪亚斯-卡内尔。,
视频丨习近平会见缅甸领导人敏昂莱,https://news.sina.com.cn/c/xl/2025-05-10/doc-inevzcmp8190620.shtml,2025-05-10 02:56:00,当地时间5月9日下午，国家主席习近平在莫斯科出席纪念苏联伟大卫国战争胜利80周年庆典期间会见缅甸领导人敏昂莱。习近平指出，中缅是同甘共苦、守望相助的命运共同体。,
视频丨习近平会见塞尔维亚总统武契奇,https://news.sina.com.cn/c/xl/2025-05-10/doc-inevzcmh7057087.shtml,2025-05-10 02:53:00,当地时间5月9日下午，国家主席习近平在莫斯科出席纪念苏联伟大卫国战争胜利80周年庆典期间会见塞尔维亚总统武契奇。习近平指出，去年5月我对塞尔维亚成功进行国事访问。,
时政画说丨莫斯科·庆典,https://news.sina.com.cn/c/xl/2025-05-10/doc-inevzyqz8328081.shtml,2025-05-10 02:47:00,FlashPlayer插件未安装安装插件，如果已经安装请检查是否被禁用undefinedundefined当地时间5月9日，俄罗斯举行盛大庆典，纪念苏联伟大卫国,
T5航站楼局部漏雨 西安咸阳国际机场发布情况说明,https://news.sina.com.cn/c/2025-05-10/doc-inevysvt8422717.shtml,2025-05-10 01:00:00,5月8日18时57分至19时49分，西安机场出现强雷雨伴有冰雹，大风伴低空风切变，平均风速10-15米/秒，阵风达15-23米/秒。19时49分之后转为小到中阵雨，短时雷暴...,"咸阳市,冰雹,旅客"
新疆阿克苏地区库车市发生3.1级地震 震源深度15公里,https://news.sina.com.cn/c/2025-05-10/doc-inevyxck7175118.shtml,2025-05-10 00:47:00,中国地震台网正式测定：5月10日00时38分，在新疆阿克苏地区库车市（北纬41.19度，东经83.72度）发生3.1级地震，震源深度15公里。（总台央视记者 张腾飞）,"新疆,震源深度,地震"
工行回应金条掺假：消息不实，疑似杂质应为金条售出后外部附着物,https://news.sina.com.cn/o/2025-05-10/doc-inevyxck7163530.shtml,2025-05-10 00:30:00,新京报贝壳财经讯（记者姜樊）5月9日，工商银行上海市嘉定支行针对网传金条“掺假”传闻发布公告称，一位客户在该支行辖属南翔支行购买了两款金条。,"金条,工商银行,上海市"
补上“最后的短板”，中部大省猛拼水运,https://news.sina.com.cn/c/2025-05-10/doc-inevyxcp8866417.shtml,2025-05-10 00:17:00,2025年被河南定位为“水运发展全面建设年”。今年以来，先是周口晋升“国家队”，成为全国37个港口型国家物流枢纽承载城市之一；再到“豫交投001”号从杭州启航，跨越五省水系...,"河南省,平顶山市,周口市"
新华社快讯：国家主席习近平会见斯洛伐克总理菲佐,https://news.sina.com.cn/c/xl/2025-05-10/doc-inevyxcr8300380.shtml,2025-05-10 00:12:00,新华社快讯：国家主席习近平会见斯洛伐克总理菲佐。,
新华社快讯：国家主席习近平会见委内瑞拉总统马杜罗,https://news.sina.com.cn/c/xl/2025-05-10/doc-inevyxcp8864638.shtml,2025-05-10 00:11:00,新华社快讯：国家主席习近平会见委内瑞拉总统马杜罗。,
新华社快讯：国家主席习近平会见古共中央第一书记、古巴国家主席迪亚斯-卡内尔,https://news.sina.com.cn/c/xl/2025-05-10/doc-inevyxcp8863957.shtml,2025-05-10 00:08:00,新华社快讯：国家主席习近平会见古共中央第一书记、古巴国家主席迪亚斯-卡内尔。,
新华社快讯：国家主席习近平会见缅甸领导人敏昂莱,https://news.sina.com.cn/c/xl/2025-05-10/doc-inevyxcn3932712.shtml,2025-05-10 00:03:00,新华社快讯：国家主席习近平会见缅甸领导人敏昂莱。,
习近平会见塞尔维亚总统武契奇,https://news.sina.com.cn/c/xl/2025-05-10/doc-inevyxcp8862405.shtml,2025-05-10 00:01:00,新华社莫斯科5月9日电（记者赵嫣 赵冰）当地时间5月9日下午，国家主席习近平在莫斯科出席纪念苏联伟大卫国战争胜利80周年庆典期间会见塞尔维亚总统武契奇。,
严打战略矿产走私！中方再出手，美媒发愁,https://news.sina.com.cn/w/2025-05-09/doc-inevyxcp8858333.shtml,2025-05-09 23:29:00,来源：观察者网 [文/观察者网 邵昀] 5月9日，国家出口管制工作协调机制办公室组织不同部门，召开打击战略矿产走私出口专项行动会议，引发国际舆论关注。,"中国,商务部,美媒"
习近平主席出席俄罗斯纪念苏联伟大卫国战争胜利80周年庆典,https://news.sina.com.cn/c/xl/2025-05-09/doc-inevysvn7274677.shtml,2025-05-09 22:25:00,当地时间5月9日，俄罗斯举行盛大庆典，纪念苏联伟大卫国战争胜利80周年。国家主席习近平和来自世界20多个国家及国际组织领导人应邀出席庆典。,
高清大图｜习近平主席访问俄罗斯 为中俄关系发展注入新动能,https://news.sina.com.cn/c/xl/2025-05-09/doc-inevysvt8411484.shtml,2025-05-09 22:22:00,当地时间5月7日晚，国家主席习近平乘专机抵达莫斯科，应俄罗斯总统普京邀请，对俄罗斯进行国事访问并出席纪念苏联伟大卫国战争胜利80周年庆典。习近平乘坐的专机进入俄,
新华社快讯：国家主席习近平会见塞尔维亚总统武契奇,https://news.sina.com.cn/c/xl/2025-05-09/doc-inevysvq4048015.shtml,2025-05-09 22:19:00,新华社快讯：国家主席习近平会见塞尔维亚总统武契奇。,
中俄就应对美加征所谓“对等关税”等问题进行深入交流,https://news.sina.com.cn/c/2025-05-09/doc-inevysvn7276223.shtml,2025-05-09 22:13:00,5月8日，商务部部长王文涛在莫斯科会见俄罗斯经济发展部部长列舍特尼科夫，围绕落实中俄升级版投保协定、加强经贸投资合作、应对美加征所谓“对等关税”等问题进行深入交,
🏀孙铭徽28+8 胡金秋21+5 周琦13+10 广厦力克北京扳成1-1,https://news.sina.com.cn/c/2025-05-09/doc-inevysvt8406422.shtml,2025-05-09 21:58:00,直播吧5月9日讯CBA总决赛G2，广厦继续坐镇主场迎战北京。目前总比分北京1-0领先。一开场，双方很快陷入缠斗，比分交替领先，布朗连投带罚高效输出，杰曼压哨三分,
时政快讯丨习近平会见塞尔维亚总统武契奇,https://news.sina.com.cn/c/xl/2025-05-09/doc-inevysvt8400758.shtml,2025-05-09 21:33:00,当地时间5月9日晚，国家主席习近平在莫斯科会见塞尔维亚总统武契奇。,
镜观·回响｜历史的记忆和真相永不褪色,https://news.sina.com.cn/c/2025-05-09/doc-inevynps4158890.shtml,2025-05-09 20:54:00,今年是中国人民抗日战争、苏联伟大卫国战争暨世界反法西斯战争胜利80周年，也是联合国成立80周年。梨花开遍天涯的时节，习近平主席对俄罗斯进行国事访问，并出席纪念苏,
“严查重处违法违规行为”！国务院副总理赴河南调研，有新部署,https://news.sina.com.cn/c/2025-05-09/doc-inevynps4151365.shtml,2025-05-09 20:21:00,来源：北京青年报 撰文丨高语阳 余晖 5月7日至8日，中共中央政治局委员、国务院副总理张国清在河南调研食品安全和市场监管等工作。,"食品安全,食品,河南省"
威武！中国人民解放军仪仗司礼大队亮相莫斯科红场,https://news.sina.com.cn/c/2025-05-09/doc-inevynpq7371508.shtml,2025-05-09 20:04:00,当地时间5月9日，俄罗斯举行盛大庆典，纪念苏联伟大卫国战争胜利80周年。中国人民解放军仪仗司礼大队通过红场。记者：孟菁新华社音视频部制作,
中美将举行经贸高层会谈 中方同意与美方接触的三个考虑,https://news.sina.com.cn/c/2025-05-09/doc-inevynpt9061472.shtml,2025-05-09 19:30:00,来源：玉渊谭天 #中方同意与美方接触的三个考虑# 中方将在瑞士与美方举行中美经贸高层会谈。很多人都在疑惑，为何中方此时选择和美方进行谈判？,"中国,美国,瑞士"
西安雷雨夜有人称听到类似龙吟声,https://news.sina.com.cn/c/2025-05-10/doc-inevzpzi7963402.shtml,2025-05-09 18:43:00,#西安雷雨夜再现龙形不明飞行物# [#西安雷雨夜有人称听到类似龙吟声#] 2025年5月8日晚，西安突遭短时强降雨，雷暴交加中，多名市民在夜空中再次捕捉到神秘黑影“龙形”不明飞...,
驻印度大使馆提醒在印度中国公民加强安全防范,https://news.sina.com.cn/c/2025-05-09/doc-inevyhfx8607339.shtml,2025-05-09 18:33:00,5月9日，据中国驻印度大使馆消息，近期，印巴两国紧张局势持续升级。中国驻印度使馆提醒中国公民密切关注局势，谨慎来印，在印人员加强安全防范，强化各项安保措施。如遇,
我驻巴基斯坦大使馆提醒在巴中国公民加强安全防范,https://news.sina.com.cn/c/2025-05-09/doc-inevyhfx8607248.shtml,2025-05-09 18:17:00,5月9日，中国驻巴基斯坦大使馆发布通知，提醒在巴中国公民加强安全防范。通知称，近期，巴印两国紧张局势持续升级。中国驻巴基斯坦使馆提醒中国公民密切关注局势，谨慎来,
外交部：习近平主席同普京总统达成许多新的重要共识,https://news.sina.com.cn/c/xl/2025-05-09/doc-inevyhfs7472420.shtml,2025-05-09 18:15:00,新华社北京5月9日电（记者刘杨、成欣）应俄罗斯联邦总统普京邀请，国家主席习近平于5月7日至10日对俄罗斯进行国事访问并出席在莫斯科举行的纪念苏联伟大卫国战争胜利80周年...,
央行发布一季度货币政策报告，透露哪些关键信号？,https://news.sina.com.cn/c/2025-05-09/doc-inevyhfu4248031.shtml,2025-05-09 18:12:00,记者 辛圆 中国人民银行周五发布的《2025年第一季度货币政策执行报告》（以下简称报告）提出，实施好适度宽松的货币政策。根据国内外经济金融形势和金融市场运行情况...,
习近平出席俄罗斯纪念苏联伟大卫国战争胜利80周年庆典,https://news.sina.com.cn/c/xl/2025-05-09/doc-inevyhfv9166174.shtml,2025-05-09 18:06:00,当地时间5月9日，俄罗斯举行盛大庆典，纪念苏联伟大卫国战争胜利80周年。国家主席习近平和来自世界20多个国家及国际组织领导人应邀出席庆典。,
印巴冲突下在巴基斯坦的中国公民：非必要不外出，生活暂未受影响,https://news.sina.com.cn/o/2025-05-09/doc-inevyhfs7466719.shtml,2025-05-09 17:57:00,新京报讯（记者左琳 彭镜陶）据央视新闻报道，印度国防部5月7日凌晨发表新闻公报证实，印度武装部队发起了代号为“辛杜尔”的行动，打击巴基斯坦和巴控克什米尔地区的设施。...,"巴基斯坦,伊斯兰堡,中国公民"
央行：实施好适度宽松的货币政策，灵活把握政策实施的力度和节奏，保持流动性充裕,https://news.sina.com.cn/c/2025-05-09/doc-inevyhfx8591118.shtml,2025-05-09 17:46:00,5月9日，央行发布2025年第一季度中国货币政策执行报告。报告提出，下阶段，中国人民银行将进一步深化金融改革和高水平对外开放，持续推动金融高质量发展和金融强国建设...,
第一观察·现场 | 擘画新前景 开辟新未来,https://news.sina.com.cn/c/xl/2025-05-11/doc-inewcxhn4433311.shtml,2025-05-09 17:37:00,当地时间5月8日，正在对俄罗斯进行国事访问的中国国家主席习近平，在莫斯科克里姆林宫同俄罗斯总统普京举行会晤。 欢迎仪式、小范围会谈、大范围会谈...,
独家视频丨习近平同普京在主观礼台出席红场阅兵式,https://news.sina.com.cn/c/xl/2025-05-09/doc-inevynpq7364216.shtml,2025-05-09 17:34:00,FlashPlayer插件未安装安装插件，如果已经安装请检查是否被禁用undefinedundefined当地时间5月9日，俄罗斯举行盛大庆典，纪念苏联伟大卫国,
中国互联网联合辟谣平台4月辟谣榜,https://news.sina.com.cn/c/2025-05-09/doc-inevynpq7360872.shtml,2025-05-09 17:30:00,#联合辟谣##微博辟谣#【#打击网络谣言共建清朗家园#[话筒]#中国互联网联合辟谣平台4月辟谣榜#】中国赴缅甸救援队需募集资金？企业信用修复需要收费？“智能驾驶,
中国一重集团有限公司副总经理陆文俊被查,https://news.sina.com.cn/c/2025-05-09/doc-inevyhfv9134452.shtml,2025-05-09 17:00:00,中国一重集团有限公司党委常委、副总经理陆文俊涉嫌严重违纪违法，目前正接受中央纪委国家监委纪律审查和监察调查。（总台央视记者李本扬）©2025中央广播电视总台版权,
独家视频 | 习近平同普京出席红场阅兵式,https://news.sina.com.cn/c/xl/2025-05-09/doc-inevyhfu4231501.shtml,2025-05-09 16:54:00,【独家视频 | 习近平同普京出席红场阅兵式】当地时间5月9日，俄罗斯举行盛大庆典，纪念苏联伟大卫国战争胜利80周年。习近平主席同普京总统一道登上主观礼台就座...,
马来西亚前总理马哈蒂尔：美国不愿接受中国发展，你不能因为它有实力就阻止,https://news.sina.com.cn/c/2025-05-09/doc-inevxzxw4338997.shtml,2025-05-09 16:13:00,[环球网报道 记者 索炎琦]“你不能因为中国的能力和实力与那些西方国家们不相上下就阻止它。”马来西亚前总理马哈蒂尔受访作出最新表态。,"马哈蒂尔,马来西亚,中国"
习近平出席俄罗斯纪念苏联伟大卫国战争胜利80周年庆典,https://news.sina.com.cn/gov/xlxw/2025-05-09/doc-inevxzxx9240723.shtml,2025-05-09 16:02:00,新华社莫斯科5月9日电（记者倪四义 丁得启）当地时间5月9日，俄罗斯举行盛大庆典，纪念苏联伟大卫国战争胜利80周年。国家主席习近平和来自世界20多个国家及国际组织领导人...,
独家视频丨习近平同普京出席红场阅兵式,https://news.sina.com.cn/c/xl/2025-05-09/doc-inevynpv8494977.shtml,2025-05-09 16:00:00,FlashPlayer插件未安装安装插件，如果已经安装请检查是否被禁用undefinedundefined当地时间5月9日，俄罗斯举行盛大庆典，纪念苏联伟大卫国,
独家视频丨习近平向中国人民解放军仪仗队致意,https://news.sina.com.cn/c/xl/2025-05-09/doc-inevxzxx9250200.shtml,2025-05-09 15:39:00,当地时间5月9日上午，参加阅兵式的中国人民解放军仪仗队通过红场，习近平主席起身向他们致意。 监制丨申勇 冯旭宏 记者丨史伟 王鹏飞 卢心雨 邢彬 陈曦 赵婷 吉生亮,
时政快讯丨习近平向中国人民解放军仪仗队致意,https://news.sina.com.cn/c/xl/2025-05-09/doc-inevxzxu7553728.shtml,2025-05-09 15:39:00,当地时间5月9日上午，参加阅兵式的中国人民解放军仪仗队通过红场，习近平主席起身向他们致意。,
王受文已任全国工商联党组成员,https://news.sina.com.cn/c/2025-05-09/doc-inevxzxz8669194.shtml,2025-05-09 15:38:00,澎湃新闻从权威渠道获悉，此前担任商务部党组副书记、国际贸易谈判代表（正部长级）兼副部长的王受文，现已出任全国工商联党组成员。,"商务部,全国工商联,国际贸易"
坚决打深打透！我国开展打击战略矿产走私出口专项行动,https://news.sina.com.cn/c/2025-05-09/doc-inevxzxz8667358.shtml,2025-05-09 15:27:00,来源：北京青年报 编辑丨余晖 商务部网站5月9日消息，为深入贯彻党中央、国务院决策部署，2025年5月9日，国家出口管制工作协调机制办公室组织商务部、公安部、国家安全部...,商务部
河南局部雷暴大风！中央气象台发布强对流天气预警,https://news.sina.com.cn/c/2025-05-09/doc-inevxzxz8667160.shtml,2025-05-09 15:25:00,中央气象台5月9日10时发布强对流天气蓝色预警： 预计5月9日14时至10日14时，华北南部、黄淮北部、华南东部等地的部分地区将有8级以上雷暴大风或冰雹天气，其中，河北南部...,"河南省,大风,强对流"
王天一等非国家工作人员受贿案开庭审理 中国象棋协会发声,https://news.sina.com.cn/o/2025-05-09/doc-inevxzxx9221874.shtml,2025-05-09 15:12:00,据中国体育报微信公众号消息，5月9日上午浙江省杭州市上城区人民法院对王天一等非国家工作人员受贿罪进行了公开审理。在接受记者采访时，中国象棋协会有关负责人表示...,"受贿案,中国象棋"
独家视频丨习近平出席俄罗斯纪念苏联伟大卫国战争胜利80周年庆典,https://news.sina.com.cn/c/xl/2025-05-09/doc-inevxzxx9230223.shtml,2025-05-09 15:09:00,当地时间5月9日，俄罗斯举行盛大庆典，纪念苏联伟大卫国战争胜利80周年。国家主席习近平和来自世界20多个国家及国际组织领导人应邀出席庆典。,
中国农业银行河北省分行原副行长陈元良接受审查调查,https://news.sina.com.cn/c/2025-05-09/doc-inevxzxz8662745.shtml,2025-05-09 15:05:00,来源：央视网 央视网消息：中央纪委国家监委网站5月9日通报，据中央纪委国家监委驻中国农业银行纪检监察组、河北省纪委监委消息：中国农业银行河北省分行原党委委员...,"中国农业银行,中央纪委,纪检"
A股收评：上证指数跌0.3%，创业板指跌0.87%，ST股逆势走强，半导体等板块回调,https://news.sina.com.cn/zx/2025-05-09/doc-inevxzxw4308549.shtml,2025-05-09 15:04:00,5月9日，A股三大指数集体下跌，截至收盘，上证指数跌0.3%，深证成指跌0.69%，创业板指跌0.87%；北证50跌0.12%。两市成交额约11920.22亿元,
国家出口管制工作协调机制办公室部署开展打击战略矿产走私出口专项行动,https://news.sina.com.cn/c/2025-05-09/doc-inevxzxz8651598.shtml,2025-05-09 15:02:00,为深入贯彻党中央、国务院决策部署，2025年5月9日，国家出口管制工作协调机制办公室组织商务部、公安部、国家安全部、海关总署、最高人民法院、最高人民检察院、国家,
2025年4月甘肃查处违反中央八项规定精神问题493起,https://news.sina.com.cn/c/2025-05-09/doc-inevxzxw4321879.shtml,2025-05-09 14:56:00,5月9日，甘肃省纪委监委公布了2025年4月全省查处违反中央八项规定精神问题汇总情况。当月，全省共查处违反中央八项规定精神问题493起，批评教育和处理797人...,
国家主席习近平在莫斯科出席红场阅兵式,https://news.sina.com.cn/c/xl/2025-05-09/doc-inevxzxz8647470.shtml,2025-05-09 14:49:00,新华社客户端提供的所有原创内容与设计均受相关法律保护，为新华社客户端及/或相关权利人专属所有或持有。未经许可或明确书面授权，任何人不得复制、转载、摘编、修改、链,
深圳市解除所有雷雨大风黄色和暴雨黄色预警信号,https://news.sina.com.cn/c/2025-05-09/doc-inevxvsc8752978.shtml,2025-05-09 12:45:00,来源：央视网央视网消息：据深圳市气象局官方微博消息，雷暴云团移出，风力逐渐减弱，深圳市气象台2025年05月09日12时45分解除大鹏新区...,"深圳市,暴雨,雷雨大风"
漫画说纪丨想方设法“捞钱”的中学校长,https://news.sina.com.cn/c/2025-05-09/doc-inevxvrz9306470.shtml,2025-05-09 11:46:00,来源：贵州省纪委监委网站,中学校长
A股午评：三大指数集体下跌，创业板指半日跌近1%，美容护理板块领涨，机器人概念走弱,https://news.sina.com.cn/c/2025-05-09/doc-inevxrkf8856847.shtml,2025-05-09 11:35:00,5月9日，A股三大指数早盘集体下跌，截至午间收盘，上证指数跌0.26%，深证成指跌0.84%，创业板指跌0.99%；北证50跌0.44%。沪深两市成交额约787,
军工股探底回升 航天南湖20CM涨停,https://news.sina.com.cn/c/2025-05-09/doc-inevxrka4515448.shtml,2025-05-09 11:21:00,来源：财联社 财联社5月9日电，航天南湖20CM涨停，七丰精工涨超20%，华伍股份涨超10%，成飞集成、天箭科技、利君股份涨停，航天长峰、奥普光电、捷强装备...,
开局良好 我国第一季度广告业务收入保持较快增速,https://news.sina.com.cn/c/2025-05-09/doc-inevxrkc9406013.shtml,2025-05-09 11:01:00,记者今天了解到，市场监管总局对全国881户广告业头部企事业单位开展统计调查，数据显示，第一季度上述单位实现广告业务收入3435.3亿元，同比增长11.3%。,
今年前4个月我国货物贸易进出口同比增长2.4%,https://news.sina.com.cn/c/2025-05-09/doc-inevxrka4509220.shtml,2025-05-09 11:01:00,海关总署今天（9日）对外公布，前4个月我国货物贸易进出口总值14.14万亿元，外贸延续了平稳增长态势。 据海关统计，今年前4个月，我国货物贸易进出口总值14.14万亿元...,
广东有100多个暴雨预警，深圳进入暴雨戒备状态,https://news.sina.com.cn/c/2025-05-09/doc-inevxriy7725282.shtml,2025-05-09 10:28:00,5月9日，据央视新闻消息，广东省气象台预计，今日，粤北偏南市县、珠江三角洲和粤西偏北市县有大雨到暴雨局部大暴雨，伴有8～10级，局地12级左右的雷雨大风、局地小,
大搞家庭式腐败！“女老虎”赵金云被决定逮捕,https://news.sina.com.cn/c/2025-05-09/doc-inevxrkc9378357.shtml,2025-05-09 09:59:00,正义网记者5月9日从最高人民检察院获悉，甘肃省政府原副省长赵金云涉嫌受贿一案，由国家监察委员会调查终结，移送检察机关审查起诉。日前，最高人民检察院依法以涉嫌受贿,
中航成飞回应股票大涨：公司近期经营情况正常,https://news.sina.com.cn/c/2025-05-09/doc-inevxrka4486607.shtml,2025-05-09 09:56:00,[#中航成飞回应股票大涨#]#中航成飞发布股价异常公告#5月8日国防军工板块持续爆发，中航成飞等超10股涨停或涨超10%。中航成飞在近两个交易日里累计涨幅超40%。,
阜阳颍州：回访有温度 工作干劲足,https://news.sina.com.cn/c/2025-05-09/doc-inevxrkc9376361.shtml,2025-05-09 09:55:00,“组织一次次暖心回访，不仅帮助查摆了错误的症结根源，更为我卸下了沉重的思想负担，让我端正思想、轻装上阵、重新出发，以实际行动回报组织关怀……”近日...,阜阳市
庐江：打造全员办案“一盘棋”  开创合力办案新格局,https://news.sina.com.cn/c/2025-05-09/doc-inevxrkf8811263.shtml,2025-05-09 09:53:00,“只有亲身经历了整个办案环节，才知道审查调查远不止表面看到的那样简单，既要抽丝剥茧追溯细节，还要讲究方法技巧。”庐江县纪委监委一名综合科室干部说道。,纪检
中国节能点亮我国最长盾构高速公路隧道 护航北京东六环全线通车,https://news.sina.com.cn/c/2025-05-09/doc-inevxmae4603674.shtml,2025-05-09 09:29:00,近日，由中国节能所属晶和科技供应14000余套LED隧道灯的北京东六环改造工程实现全线贯通试运营。该项目是北京隧道长度最长，灯具及控制水平最高的城市级隧道...,
A股开盘：三大指数集体低开，人脑工程、数据确权、退税商店、盲盒经济概念走弱,https://news.sina.com.cn/c/2025-05-09/doc-inevxmai8922909.shtml,2025-05-09 09:27:00,5月9日早间A股开盘，上证指数跌0.05%，深证成指跌0.07%，创业板指跌0.05%，北证50跌0.02%。卫星互联网概念股走强，人脑工程、数据确权、退税商店、盲盒经济概念股走弱。,
国资委：引导企业将人工智能深度融入研发、生产的关键场景,https://news.sina.com.cn/c/2025-05-09/doc-inevxmaf9487919.shtml,2025-05-09 09:24:00,5月7日，国务院国资委党委召开扩大会议，认真学习贯彻习近平总书记在中央政治局第二十次集体学习、庆祝中华全国总工会成立100周年暨全国劳动模范和先进工作者表彰大会上的...,
中国石化润滑油公司前4个月销售总量创新高,https://news.sina.com.cn/c/2025-05-09/doc-inevxmai8899492.shtml,2025-05-09 08:50:00,今年以来，中国石化润滑油公司狠抓渠道优化、客户开发、与销售企业合作等重点工作，1月至4月，长城油脂销售总量同比增长8%，创历史同期新高。,中国石化
新兴际华集团“硬科技”赋能传统制造升级,https://news.sina.com.cn/c/2025-05-09/doc-inevxmaf9463829.shtml,2025-05-09 08:50:00,在数字化浪潮席卷全球的今天，科技创新已成为推动产业升级的核心动力。新兴际华集团以前沿科技为引擎，通过AI设计系统与自主研发新材料应用...,"新兴际华集团,AI"
中企在秘鲁投资的首个水电项目投产发电,https://news.sina.com.cn/c/2025-05-09/doc-inevxmaf9463602.shtml,2025-05-09 08:49:00,近日，中国企业在秘鲁投资的首个水电项目——秘鲁圣加旺III水电站投产发电，该项目是中秘两国产能合作第二批早期收获项目之一，被列为秘鲁国家能源发展规划中的重点工程...,"秘鲁,投产,水电"
陇东—山东±800千伏特高压直流工程竣工投产,https://news.sina.com.cn/c/2025-05-09/doc-inevxmaf9463525.shtml,2025-05-09 08:48:00,陇原风光送千里，齐鲁发展增绿能。5月8日，国家电网有限公司陇东—山东±800千伏特高压直流工程（以下简称陇东—山东工程）竣工投产...,"山东省,伏特"
商务部：以实际行动助力全球贸易发展和经济增长,https://news.sina.com.cn/c/2025-05-09/doc-inevxmaf9458998.shtml,2025-05-09 08:30:00,5月8日下午，商务部举行新闻发布会，对即将开展的中美经贸高层会谈等热点问题进行回应。商务部新闻发言人何亚东表示，中方坚决反对美国滥施关税的立场是一贯的...,"商务部,全球贸易,中国"
嘉峪关：紧盯关键人关键事关键时 靶向发力持续纠治“四风”顽疾,https://news.sina.com.cn/c/2025-05-09/doc-inevxmaf9458448.shtml,2025-05-09 08:30:00,“公务用车维修保养是否合理、加油报销票据是否合规、车载定位是否在合理的范围内，是否存在公款购买名烟名酒、购物卡等问题……”近日...,"嘉峪关市,税务局"
中华人民共和国和俄罗斯联邦在纪念中国人民抗日战争、苏联伟大卫国战争胜利和联合国成立80周年之际关于进一步深化中俄新时代全面战略协,https://news.sina.com.cn/c/xl/2025-05-09/doc-inevxmai8892681.shtml,2025-05-09 08:29:00,,
中华人民共和国和俄罗斯联邦关于全球战略稳定的联合声明,https://news.sina.com.cn/c/xl/2025-05-09/doc-inevxmaa7807047.shtml,2025-05-09 08:26:00,新华社莫斯科5月8日电中华人民共和国和俄罗斯联邦关于全球战略稳定的联合声明在第二次世界大战胜利和联合国成立80周年之际，中华人民共和国和俄罗斯联邦（以下称“双方,
一条大路长又长,https://news.sina.com.cn/c/2025-05-09/doc-inevxmai8895233.shtml,2025-05-09 08:25:00,湖南省常宁市歌舞剧团原创民族歌剧《八百矿工上井冈》剧照。湖南省常宁市歌舞剧团原创歌剧《明月心》剧照。 湖南省常宁市歌舞剧团供图2023年初夏...,原创
监督故事 | “假低保”真处分,https://news.sina.com.cn/c/2025-05-09/doc-inevxmaf9459400.shtml,2025-05-09 08:25:00,“本来以为没有人知道，不会被发现……”因违规为母亲办理低保受到处分后，张掖市民乐县某村村委会副主任曹某某追悔莫及。去年8月，县纪委监委在开展重点村提级监督时...,
让企业“愿升”“敢升”“会升”！河南多举措支持企业“小升规”,https://news.sina.com.cn/c/2025-05-09/doc-inevxmae4583113.shtml,2025-05-09 08:17:00,小微企业是经济发展的“毛细血管”，小微企业活就会就业旺、经济兴。近日，省政府办公厅印发《河南省支持企业“小升规”若干措施》（以下简称《若干举措》），新增、优化...,河南省
5月8日，世界发生了3件大事,https://news.sina.com.cn/c/2025-05-09/doc-inevxmai8889749.shtml,2025-05-09 08:06:00,5月8日，世界至少发生了3件大事。我们也不用回避，有些与中国无关，但在这个相互关联的世界，最终也不可避免地影响到我们中国。我们正在见证历史，我们本身也是历史的一,
预告：第117期“纪委书记面对面”在线访谈将于5月12日播出欢迎收听收看,https://news.sina.com.cn/c/2025-05-09/doc-inevxmaf9451491.shtml,2025-05-09 08:03:00,预 告：5月12日将推出《秦风热线》“纪委书记面对面”第117期在线访谈，欢迎收听收看。访谈嘉宾：中共子洲县委常委、县纪委书记、县监委主任 郭慧军主 题:...,"纪委书记,陕西省"
江苏新增两地入选文化产业赋能乡村振兴试点,https://news.sina.com.cn/c/2025-05-09/doc-inevxeui9577712.shtml,2025-05-09 07:34:00,记者8日从省文旅厅获悉，在文旅部、教育部、自然资源部、农业农村部联合公布的第二批文化产业赋能乡村振兴试点名单中，南京市江宁区、泰州兴化市上榜，此前...,
省级预算单位账户清理工作全面启动,https://news.sina.com.cn/c/2025-05-09/doc-inevxeui9577584.shtml,2025-05-09 07:33:00,为深入贯彻落实省委省政府关于加强财政科学管理的决策部署，进一步规范省级预算单位银行账户管理，近日，江苏省财政厅印发《关于清理省级预算单位账户的通知》...,
中华人民共和国和俄罗斯联邦关于全球战略稳定的联合声明,https://news.sina.com.cn/c/2025-05-09/doc-inevxmaa7802762.shtml,2025-05-09 07:05:00,在第二次世界大战胜利和联合国成立80周年之际，中华人民共和国和俄罗斯联邦(以下称“双方”)强调维护和巩固全球战略稳定极其重要。,"核武器国家,外空"
黔西南：召开廉洁文化建设工作推进会,https://news.sina.com.cn/c/2025-05-09/doc-inevxmae4577329.shtml,2025-05-09 07:04:00,近日，黔西南州纪委监委组织召开廉洁文化建设工作推进会，盘点今年一季度工作开展情况，分析存在问题和安排下步工作。州直相关部门、州纪委监委各派驻(派出)机构、各县(市...,"黔西南布依族苗族自治州,贵州省,黔西南州"
新疆阿克苏地区拜城县发生3.4级地震 震源深度16公里,https://news.sina.com.cn/c/2025-05-09/doc-inevxeuc1893107.shtml,2025-05-09 06:00:00,中国地震台网正式测定：5月9日05时51分，在新疆阿克苏地区拜城县（北纬41.80度，东经81.69度）发生3.4级地震，震源深度16公里。（总台央视记者 张腾飞）,"新疆,地震,震源深度"
独家视频丨习近平：承担起时代赋予的特殊责任 为促进中俄两国发展振兴 维护国际公平正义作出更大贡献,https://news.sina.com.cn/c/xl/2025-05-09/doc-inevwuei2132861.shtml,2025-05-09 02:08:00,当地时间5月8日上午，俄罗斯总统普京同中国国家主席习近平在莫斯科克里姆林宫举行会谈。习近平强调，中国正在以中国式现代化全面推进强国建设、民族复兴伟业。,
习近平同俄罗斯总统普京茶叙,https://news.sina.com.cn/c/xl/2025-05-09/doc-inevwuen4918338.shtml,2025-05-09 02:04:00,当地时间5月8日下午，俄罗斯总统普京同中国国家主席习近平在莫斯科克里姆林宫总统办公室进行茶叙。新华社记者 谢环驰 摄,
关于进一步深化中俄新时代全面战略协作伙伴关系的联合声明,https://news.sina.com.cn/c/xl/2025-05-09/doc-inevwpwn8252872.shtml,2025-05-08 23:51:00,据新华社莫斯科5月8日电中华人民共和国和俄罗斯联邦在纪念中国人民抗日战争、苏联伟大卫国战争胜利和联合国成立80周年之际关于进一步深化中俄新时代全面战略协作伙伴关系的...,
时政画说丨莫斯科迎宾,https://news.sina.com.cn/c/xl/2025-05-09/doc-inevxmai8893500.shtml,2025-05-08 22:12:00,FlashPlayer插件未安装安装插件，如果已经安装请检查是否被禁用undefinedundefined5月的莫斯科，天高云阔。应俄罗斯联邦总统普京邀请，国家,
女子五人制足球亚洲杯：中国队5比3中国台北队，取得两连胜,https://news.sina.com.cn/c/2025-05-08/doc-inevwpwm2234039.shtml,2025-05-08 22:03:00,直播吧5月8日讯在刚刚结束的亚足联五人制女足亚洲杯小组赛A组第2轮，中国队最终以5-3战胜中国台北队。中国队取得本届比赛的两连胜，在小组赛第一场比赛中，中国队3,
中俄Z世代许了个愿,https://news.sina.com.cn/c/2025-05-08/doc-inevwiqu0028460.shtml,2025-05-08 21:57:00,来源：中国日报网 80年前，中国人民抗日战争、苏联伟大卫国战争暨世界反法西斯战争取得胜利；80年后的今天，Z世代用画笔描绘心目中的和平。,
习近平同俄罗斯总统普京共同会见记者,https://news.sina.com.cn/c/xl/2025-05-08/doc-inevwiqu0026496.shtml,2025-05-08 21:49:00,新华社莫斯科5月8日电（记者郝薇薇 黄河）当地时间5月8日中午，国家主席习近平同俄罗斯总统普京在莫斯科克里姆林宫会谈后共同会见记者。习近平指出，刚才，我同普京总,
被“高潮针”盗图，2年来我经历了什么,https://news.sina.com.cn/c/2025-05-08/doc-inevwiqs5138023.shtml,2025-05-08 21:31:00,来源：中国新闻周刊 指责的本质是在转移加害者的罪责图片由豆包AI生成 提示词：网暴 近日，19岁的大一网友小梁公开发文称，她发布于个人社交平台的哭泣自拍照被盗用于“高潮...,相亲
一揽子金融政策提信心稳市场,https://news.sina.com.cn/c/2025-05-08/doc-inevwiqs5134269.shtml,2025-05-08 21:23:00,【来自国新办新闻发布会的报道】 今年以来，尽管面临比较大的外部冲击，国内金融体系仍然保持稳健。货币信贷呈现“数量增加、价格下降、结构优化”的运行特征；股市运行总,
湍急江水中 他用生命托举落水儿童,https://news.sina.com.cn/c/2025-05-08/doc-inevwiqu0020628.shtml,2025-05-08 21:19:00,5月1日上午，在浙江省温州市永嘉县楠溪江阿青烧烤露营地，游客任女士发现儿子不慎落水后大声呼救。同行的高武闻讯立即跳入江中施救。孩子成功获救，高武却不幸身亡。5月,
【光明论坛·温故】未之见而亲焉，可以往矣 久而不忘焉，可以来矣,https://news.sina.com.cn/c/2025-05-08/doc-inevwiqu0019587.shtml,2025-05-08 21:15:00,【光明论坛·温故】作者：袁秀（河北省社会科学院研究员）近日，习近平主席在马来西亚总理安瓦尔举行的欢迎宴会上的致辞中谈道：“‘未之见而亲焉，可以往矣；久而不忘焉，,
外贸优品“转内销” 内外循环加速畅通,https://news.sina.com.cn/c/2025-05-08/doc-inevwiqu0018949.shtml,2025-05-08 21:13:00,近期，美国滥施关税扰乱全球贸易秩序。相关部门、行业协会纷纷行动，帮助外贸企业通过开拓国内市场渡过难关。外贸企业也紧抓拓内销机遇，以积极行动直面风雨坚韧前行。,
习言道丨再赴俄罗斯，习近平特别提到这些老战士,https://news.sina.com.cn/c/xl/2025-05-08/doc-inevwiqs5121427.shtml,2025-05-08 20:25:00,中新网5月7日电题：再赴俄罗斯，习近平特别提到这些老战士“我过去给你颁奖，你别过来了。”看到90岁的老战士加维尔托夫斯基腿脚不便，习近平主席快步走到老人身边，为,
一见·历史与未来，一对跨越十年的关键词,https://news.sina.com.cn/c/xl/2025-05-08/doc-inevwiqp2331314.shtml,2025-05-08 20:19:00,循着习近平主席的足迹，感悟文以载道。5月7日，在赴莫斯科对俄罗斯进行国事访问并出席纪念苏联伟大卫国战争胜利80周年庆典之际，习近平主席在《俄罗斯报》发表署名文章,
霹雳-15E导弹出镜：“哪个小可爱敢探头啊？”,https://news.sina.com.cn/c/2025-05-08/doc-inevwiqs5142288.shtml,2025-05-08 20:16:00,撰文丨李岩5月7日晚，《国防时报》微博发布照片“晒出”解放军空军战机和空对空导弹，并配文：“让我看看哪个小可爱敢探头啊？”政知君注意到，图片中的装备系在航展展台,
工信部就《汽车车门把手安全技术要求》强制性国家标准制修订计划项目公开征集意见,https://news.sina.com.cn/c/2025-05-08/doc-inevwiqp2329865.shtml,2025-05-08 20:15:00,财联社5月8日电，根据标准化工作的总体安排，现将申请立项的《汽车车门把手安全技术要求》强制性国家标准制修订计划项目予以公示，截止日期为2025年6月7日。隐藏式,
博主称购买厦航商务舱被“强制降舱” 航司客服：机型调整为全经济舱座位，可退差价,https://news.sina.com.cn/c/2025-05-08/doc-inevwchu5248571.shtml,2025-05-08 20:03:00,5月8日，抖音有521万粉丝的博主“大熊”发布视频称，他5月6日晚在深圳宝安机场乘坐厦门航空公司飞往上海的MF8313航班时，购买的商务舱被通知强制降舱。,"商务舱,厦航,航班"
习近平同俄罗斯总统普京会谈,https://news.sina.com.cn/c/xl/2025-05-09/doc-inevwchu5246896.shtml,2025-05-08 19:53:00,当地时间5月8日上午，俄罗斯总统普京同中国国家主席习近平在莫斯科克里姆林宫举行会谈。两国元首就中俄关系和重大国际和地区问题深入交换意见...,"普京,习近平,俄罗斯总统"
习近平同俄罗斯总统普京会谈,https://news.sina.com.cn/c/xl/2025-05-08/doc-inevwchu5244594.shtml,2025-05-08 19:48:00,新华社莫斯科5月8日电（记者倪四义 胡晓光）当地时间5月8日上午，俄罗斯总统普京同中国国家主席习近平在莫斯科克里姆林宫举行会谈。,
中俄两国元首共同见证中俄双方交换20多份双边合作文本,https://news.sina.com.cn/c/xl/2025-05-08/doc-inevwchw0125966.shtml,2025-05-08 19:44:00,新华社快讯：中俄两国元首共同见证中俄双方交换20多份双边合作文本，涵盖全球战略稳定、维护国际法权威、生物安全、投资保护、数字经济、检疫、电影合作等领域。,
习近平同普京会谈：中方愿同俄方一道，承担起时代赋予的特殊责任,https://news.sina.com.cn/c/xl/2025-05-08/doc-inevwchw0125632.shtml,2025-05-08 19:42:00,新华社快讯：习近平同普京会谈：中方愿同俄方一道，承担起时代赋予的特殊责任，维护全球多边贸易体制和产业链供应链稳定畅通，为促进两国发展振兴...,
习近平同俄罗斯总统普京共同会见记者,https://news.sina.com.cn/c/xl/2025-05-08/doc-inevwchu5245953.shtml,2025-05-08 19:32:00,当地时间5月8日中午，国家主席习近平同俄罗斯总统普京在莫斯科克里姆林宫会谈后共同会见记者。 习近平指出，刚才，我同普京总统举行了深入友好、富有成果的会谈...,
家风故事丨传记里的清廉家风,https://news.sina.com.cn/c/2025-05-08/doc-inevwchw0120612.shtml,2025-05-08 19:25:00,爷爷今年已至耋耄之年，虽然岁月压弯了他的腰，但他精神矍铄，始终保持着劳作与学习的习惯：每日晨起去田间地头走上一圈，或种上一些青菜，或给农作物施肥、浇水...,田文镜
大国外交最前线丨在克里姆林宫，见证中俄元首今年以来首次面对面会晤,https://news.sina.com.cn/c/xl/2025-05-08/doc-inevwiqp2332112.shtml,2025-05-08 19:25:00,FlashPlayer插件未安装安装插件，如果已经安装请检查是否被禁用undefinedundefined中俄两国元首今年以来的首次面对面会晤，备受关注。在莫斯,
柳州：护好“钱袋子” 保障惠民惠农资金真正惠及于民,https://news.sina.com.cn/c/2025-05-08/doc-inevwchu5239387.shtml,2025-05-08 19:25:00,近日，柳州市柳城县古砦仫佬族乡敬老院内，老人的生活起居井井有条，食堂内部干净整洁，原来未公示上墙的相关制度、开支情况等均已公示上墙...,"惠民,柳州市"
以青春视角“打开”京剧电影 用国粹戏曲讲好“思政大课”,https://news.sina.com.cn/c/2025-05-08/doc-inevwchs8462835.shtml,2025-05-08 19:15:00,来源：央广网 央广网天津5月8日消息（记者韩雨晨 实习记者李骏宇）当运河沿线的春风邂逅千年梨园的雅韵，一场充满期待的传统文化光影之旅就此拉开帷幕。,
国家主席习近平同普京总统签署关于进一步深化中俄新时代全面战略协作伙伴关系的联合声明,https://news.sina.com.cn/c/xl/2025-05-08/doc-inevwchw0116448.shtml,2025-05-08 19:12:00,新华社快讯：国家主席习近平同普京总统签署《中华人民共和国和俄罗斯联邦在纪念中国人民抗日战争、苏联伟大卫国战争胜利和联合国成立80周年之际关于进一步深化中俄新时代,
完整准确全面贯彻新时代党的治疆方略丨疆电跃升,https://news.sina.com.cn/c/2025-05-08/doc-inevwchs8462406.shtml,2025-05-08 19:11:00,石榴云/新疆日报记者陈蔷薇新疆电力行业正在经历一场历史性的跃升。十余年间，新疆电网已从孤网运行，到送电至20多个省份；骨干网架升级为750千伏，成为全国750千,
国家主席习近平同普京总统签署关于进一步深化中俄新时代全面战略协作伙伴关系的联合声明,https://news.sina.com.cn/c/xl/2025-05-08/doc-inevwchs8461758.shtml,2025-05-08 19:10:00,新华社快讯：国家主席习近平同普京总统签署《中华人民共和国和俄罗斯联邦在纪念中国人民抗日战争、苏联伟大卫国战争胜利和联合国成立80周年之际关于进一步深化中俄新时代全...,
国家主席习近平同普京总统出席签字和合作文本交换仪式,https://news.sina.com.cn/c/xl/2025-05-08/doc-inevwchw0113487.shtml,2025-05-08 19:03:00,新华社快讯：国家主席习近平同普京总统出席签字和合作文本交换仪式。,
独家视频丨习近平同普京会谈：共同弘扬正确二战史观 维护联合国权威和地位,https://news.sina.com.cn/c/xl/2025-05-08/doc-inevwiqq8345660.shtml,2025-05-08 18:32:00,当地时间5月8日上午，俄罗斯总统普京同中国国家主席习近平在莫斯科克里姆林宫举行会谈。 习近平表示，很高兴应普京总统邀请再次访问俄罗斯并出席纪念苏联伟大卫国战争胜利8...,
贵州省人大社会建设委员会原主任委员宋宇峰受贿案一审宣判,https://news.sina.com.cn/c/2025-05-08/doc-inevwchw0115254.shtml,2025-05-08 18:31:00,来源：央视网央视网消息：据“遵义审判”公众号消息，5月8日，贵州省遵义市中级人民法院一审公开宣判贵州省人大社会建设委员会原主任委员宋宇峰受贿案...,"贵州省,受贿案,犯罪"
两部门：江西、湖南、广东等地部分地区发生地质灾害的气象风险较高,https://news.sina.com.cn/c/2025-05-08/doc-inevwchs8459361.shtml,2025-05-08 18:19:00,来源：央视网央视网消息：自然资源部与中国气象局5月8日18时联合发布地质灾害气象风险预警：预计，5月8日20时至9日20时，江西东部、湖南南部、广东中北部...,"湖南省,广东省,江西省"
暴雨、干旱、大风、强对流天气，中央气象台继续发布四预警,https://news.sina.com.cn/c/2025-05-08/doc-inevwchr2440288.shtml,2025-05-08 18:02:00,来源：央视网央视网消息：中央气象台5月8日18时继续发布暴雨、干旱、强对流天气黄色预警及大风蓝色预警。中央气象台5月8日18时继续发布暴雨黄色预警：预计...,"大风,中央气象台,暴雨"
河南发布大风天气防范应对风险提示,https://news.sina.com.cn/c/2025-05-08/doc-inevvwyy0221635.shtml,2025-05-08 17:47:00,2025年5月8日17时，河南省气象台发布大风蓝色警。预计5月9日08时至5月10日20时，受冷空气影响全省大部西北风或偏北风4到5级，阵风6到7级，其中黄河以北和三门峡、洛阳...,"大风,河南省"
河南省气象台发布大风蓝色预警,https://news.sina.com.cn/c/2025-05-08/doc-inevvwyy0211706.shtml,2025-05-08 17:11:00,,"河南省,气象台,大风"
城管队员扒瓜车引擎盖遭拖行，广西北海官方暂未正面回应,https://news.sina.com.cn/c/2025-05-08/doc-inevvwyy0214351.shtml,2025-05-08 16:50:00,5月7日，有网友发布视频称，广西北海市一名城管队员在执法过程中被一辆载有西瓜的小型卡车拖行。视频画面显示，该城管员扒在车辆引擎盖上，涉事卡车仍继续行驶。事件引发,
国家外汇管理局修订发布《对外金融资产负债及交易统计制度》,https://news.sina.com.cn/c/2025-05-08/doc-inevvwyu8556617.shtml,2025-05-08 16:41:00,来源：央视网央视网消息：据国家外汇管理局网站，对外金融资产负债及交易统计是我国国际收支统计体系的重要内容。为进一步提升国际收支统计数据的全面性、及时性和准确性...,"外汇管理局,央视网,统计制度"
湖南岳阳大风暴雨致部分房屋倒塌 有村民称屋顶瓦片被吹掉，有电线杆倾倒,https://news.sina.com.cn/c/2025-05-08/doc-inevvwyt2525351.shtml,2025-05-08 16:26:00,5月8日，湖南省岳阳县出现大风暴雨天气。多名村民在社交媒体上称，自家房屋受损，屋顶的瓦片被吹掉，“果树被搞死了，车都被冰雹打烂了。”,"暴雨,大风,湖南省"
习近平同俄罗斯总统普京举行会谈,https://news.sina.com.cn/c/xl/2025-05-08/doc-inevvwyy0189234.shtml,2025-05-08 16:19:00,当地时间5月8日上午，俄罗斯总统普京同中国国家主席习近平在莫斯科克里姆林宫举行会谈。 习近平表示，很高兴应普京总统邀请再次访问俄罗斯并出席纪念苏联伟大卫国战争胜利8...,
公示！17个新职业、42个新工种亮相,https://news.sina.com.cn/c/2025-05-08/doc-inevvwyy0183161.shtml,2025-05-08 16:14:00,新华社客户端提供的所有原创内容与设计均受相关法律保护，为新华社客户端及/或相关权利人专属所有或持有。未经许可或明确书面授权，任何人不得复制、转载、摘编、修改、链,
歼-10C+空警-500+运油-20！国防部证实中国空军体系力量赴外参训,https://news.sina.com.cn/c/2025-05-08/doc-inevvwyw5315057.shtml,2025-05-08 16:12:00,来源：北京青年报 编辑丨李岩 5月8日下午，国防部新闻发言人张晓刚大校就近期涉军问题发布消息。 媒体提到，据报道，中国与埃及“文明之鹰-2025”空军联合训练已于近日结束...,"中国空军,歼-10C,空警"
机器人景区“巡逻”、服务区秒变“景点”……当高科技融入生活→,https://news.sina.com.cn/c/2025-05-08/doc-inevwiqs5134912.shtml,2025-05-08 16:04:00,当高科技越来越多地融入生活，未来场景也不再遥远。在杭州西湖景区有一支机器人“巡逻”小分队，来看看它们能给景区的安保工作带来什么呢？,
国防部：正告菲方停止以任何方式冲撞中方核心利益,https://news.sina.com.cn/c/2025-05-08/doc-inevvwyt2514191.shtml,2025-05-08 16:02:00,来源：央视网央视网消息：5月8日下午，国防部新闻发言人张晓刚大校就近期涉军问题发布消息。记者：据报道，菲美“肩并肩”军演期间，中国山东舰航母现身菲北部海域...,"国防部,中国,台湾省"
中美“第二阶段”贸易协定是否会在会谈中提出？商务部回应,https://news.sina.com.cn/c/2025-05-08/doc-inevvwyy0176743.shtml,2025-05-08 15:58:00,5月8日，商务部召开例行新闻发布会。有记者提问，中国副总理何立峰将访问瑞士，期间与美方举行会谈。请问中方对此有何期待？可否披露会议议程？中美“第二阶段”贸易协定,
外交部：菲律宾军舰企图强闯黄岩岛，中方采取了必要处置措施，正当合法、专业克制,https://news.sina.com.cn/c/2025-05-08/doc-inevvwyw5308704.shtml,2025-05-08 15:58:00,【环球时报-环球网报道 记者李萌】在5月8日外交部例行记者会上，有记者提问称，菲律宾军方今天称，在南海黄岩岛与中国海军发生了一起“事件”...,"外交部,中国,黄岩岛"
国防部：敦促北约多检视自身问题,https://news.sina.com.cn/c/2025-05-08/doc-inevvwyt2511587.shtml,2025-05-08 15:51:00,来源：央视网央视网消息：5月8日下午，国防部新闻发言人张晓刚大校就近期涉军问题发布消息。记者：北约近日发布年度报告称，中国已成为北约“系统性挑战”...,"北约,国防部"
商务部回应美取消对华小额免税政策,https://news.sina.com.cn/c/2025-05-08/doc-inevvssy5432449.shtml,2025-05-08 15:38:00,【商务部回应美取消对华小额免税政策】今天，商务部召开发布会回应近期热点。商务部新闻发言人何亚东表示，近期美方取消对华小额免税政策...,
国防部：正告菲方停止以任何方式冲撞中方核心利益,https://news.sina.com.cn/c/2025-05-08/doc-inevvssw8657098.shtml,2025-05-08 15:36:00,据报道，菲美“肩并肩”军演期间，中国山东舰航母现身菲北部海域，有分析认为这可能是对菲美军演的回应，或是对菲巡逻舰进入黄岩岛水域的回应。此外，菲海军发言人声称，菲,
北约年度报告渲染所谓“中国核威胁”，国防部回应,https://news.sina.com.cn/c/2025-05-08/doc-inevvssy5427577.shtml,2025-05-08 15:27:00,今天（5月8日）下午，国防部新闻发言人就近期涉军问题发布消息。北约近日发布年度报告称，中国已成为北约“系统性挑战”，并快速扩大核武库，有关政策威胁北约成员国的利,
我国首个“风光火储一体化”外送特高压工程投产,https://news.sina.com.cn/c/2025-05-08/doc-inevvssw8651159.shtml,2025-05-08 15:25:00,新华社济南5月8日电（记者戴小河、王铭禹）国家电网8日在济南、兰州同时宣布，陇东—山东±800千伏特高压直流工程竣工投产，标志着我国首个“风光火储一体化”大型综,
国家主席习近平同普京总统举行小范围会谈,https://news.sina.com.cn/c/xl/2025-05-08/doc-inevvssy5420421.shtml,2025-05-08 15:15:00,新华社快讯：国家主席习近平同普京总统举行小范围会谈。,
商务部再回应中美经贸高层会谈,https://news.sina.com.cn/c/2025-05-08/doc-inevvsta0290478.shtml,2025-05-08 15:12:00,来源：日月谭天【#商务部再回应中美经贸高层会谈#】 5月8日下午，商务部召开例行新闻发布会，有记者就中美经贸高层会谈提问。商务部新闻发言人何亚东：中方坚决反对美国滥...,
焦点访谈｜3.14亿人次出游、消费超1800亿元……“五一”消费市场亮点解析,https://news.sina.com.cn/c/2025-05-08/doc-inevvssw8642769.shtml,2025-05-08 15:10:00,央视网消息（焦点访谈）：在刚刚过去的“五一”假期，全社会跨区域人员流动量超过14.67亿人次，出游热度一路高涨，人均消费金额远超去年同期...,
时政快讯丨习近平出席俄罗斯总统举行的欢迎仪式,https://news.sina.com.cn/c/xl/2025-05-08/doc-inevvssy5411904.shtml,2025-05-08 15:03:00,当地时间5月8日上午，国家主席习近平出席俄罗斯总统普京在克里姆林宫举行的欢迎仪式。,
余永定：可考虑新“四万亿”刺激,https://news.sina.com.cn/c/2025-05-08/doc-inevvssw8626961.shtml,2025-05-08 14:32:00,来源：中国新闻周刊 美国对全球加征关税并对中国任性加征高额关税，冲击全球经济并影响中国外需。面对贸易战等带来的外部冲击影响加大...,"美国,余永定,中国经济"
大风暴雨导致湖南岳阳县6户房屋倒塌 100多户受损,https://news.sina.com.cn/c/2025-05-08/doc-inevvssy5392698.shtml,2025-05-08 14:07:00,记者从湖南岳阳县官方了解到，5月8日上午，岳阳县遭遇大风暴雨天气，导致当地6户房屋倒塌，100多户受损。灾情发生后，当地共转移40多人，未有人员伤亡...,"大风,湖南省,暴雨"
黄玮接替周继红出任国家体育总局游泳运动管理中心主任,https://news.sina.com.cn/c/2025-05-08/doc-inevvsta0263256.shtml,2025-05-08 14:07:00,近日，国家体育总局网站发布干部调整信息。其中，任命黄玮为游泳运动管理中心主任、党委书记，免去其游泳运动管理中心纪委书记职务。,"游泳,国家体育总局,黄玮"
今日起河南各地执行降低后的住房公积金贷款利率,https://news.sina.com.cn/c/2025-05-08/doc-inevvnme0376811.shtml,2025-05-08 13:07:00,5月7日，中国人民银行发布关于下调个人住房公积金贷款利率的通知后，河南省各省辖市、济源示范区住房公积金管理中心均于同日通过网站、微信公众号发出具体落实通知...,"贷款利率,住房公积金贷款,河南省"
董小姐塌了，“4+4”怎么办？,https://news.sina.com.cn/c/2025-05-08/doc-inevvssw8658370.shtml,2025-05-08 12:47:00,连日来，一个始于中日友好医院医生肖某私德的事件，由于涉事人员董某毕业于北京协和医学院“4+4”临床医学培养模式改革试点班（以下简称“协和‘4+4’试点班”），引,
女子边走边打电话突然转身与男子相撞摔骨折，法院调解男子赔7万元：未保持行人安全距离,https://news.sina.com.cn/c/2025-05-08/doc-inevvnme0361962.shtml,2025-05-08 12:04:00,女子人行道边打电话边行走时突然转身，与身后的男子相撞摔倒骨折。最终经法院调解，男子赔偿女子7万元。日前，青岛这样一起判例引发网友关注：行人走路...,"青岛市,相撞"
广州下调个人住房公积金贷款利率,https://news.sina.com.cn/c/2025-05-08/doc-inevvnky8714504.shtml,2025-05-08 11:54:00,来源：央视网央视网消息：据“广州住房公积金管理中心”微信公众号消息，根据中国人民银行2025年5月7日《关于下调个人住房公积金贷款利率的通知》，自2025年5月8日起...,"广州市,贷款利率,住房公积金管理中心"
北京8日傍晚至9日前半夜有中到大雨、局部暴雨 山区需警惕地质灾害,https://news.sina.com.cn/c/2025-05-08/doc-inevvnky8731529.shtml,2025-05-08 11:39:00,来源：央视网央视网消息：据@北京交通广播 消息，受高空槽影响，预计8日傍晚至9日前半夜我市有一次明显降雨天气过程，量级可达中到大雨，局部暴雨...,"降水,大雨,北京市"
北京将迎明显降雨局地暴雨，8日傍晚至9日前半夜有中到大雨、局部暴雨,https://news.sina.com.cn/c/2025-05-08/doc-inevvnky8705941.shtml,2025-05-08 11:38:00,受高空槽影响，预计8日傍晚至9日前半夜北京市有一次明显降雨天气过程，量级可达中到大雨，局部暴雨，山区地质灾害风险较高。此次降雨过程分为两个阶段。,
李锦斌、刘家义、刘赐贵、王建军，已任中央指导组组长,https://news.sina.com.cn/c/2025-05-08/doc-inevvnky8706916.shtml,2025-05-08 11:37:00,新华社近日发布消息，党中央决定，深入贯彻中央八项规定精神学习教育8个中央指导组将对21个地方和单位开展学习教育指导督导工作。,
财政部拟第一次续发行2025年记账式附息国债（八期）,https://news.sina.com.cn/c/2025-05-08/doc-inevvnma5474738.shtml,2025-05-08 11:11:00,来源：央视网央视网消息：财政部发布关于2025年记账式附息国债（八期）第一次续发行工作有关事宜的通知。本次续发行国债为1年期固定利率附息债。,"国债,央视网,财政部"
全国工商联副主席方光华：将配合职能部门出台配套政策 不断为民企生产活动赋能,https://news.sina.com.cn/c/2025-05-08/doc-inevvhch0462505.shtml,2025-05-08 11:01:00,来源：财联社  财联社5月8日讯，国务院新闻办公室今日上午10时举行新闻发布会，请司法部副部长王振江和全国人大常委会法工委、国家发展改革委、金融监管总局...,
国家发改委副主任郑备：正在完善民企参与国家重大项目建设长效机制,https://news.sina.com.cn/c/2025-05-08/doc-inevvnkx2664124.shtml,2025-05-08 10:53:00,来源：央视网央视网消息：5月8日上午，国新办举行新闻发布会，介绍《中华人民共和国民营经济促进法》有关情况。国家发展改革委副主任郑备在会上介绍...,"国家发展改革委,国家发改委,长效机制"
南部战区新闻发言人发表谈话,https://news.sina.com.cn/c/2025-05-08/doc-inevvhch0457997.shtml,2025-05-08 10:44:00,来源：南部战区  南部战区新闻发言人田军里空军大校表示，5月5日，菲35号护卫艇企图侵闯中国黄岩岛领海，中国人民解放军南部战区组织海空兵力，依法依规跟踪监视...,
南部战区新闻发言人发表谈话,https://news.sina.com.cn/c/2025-05-08/doc-inevvhca8821180.shtml,2025-05-08 10:44:00,来源：央视网央视网消息：南部战区新闻发言人田军里空军大校表示，5月5日，菲35号护卫艇企图侵闯中国黄岩岛领海，中国人民解放军南部战区组织海空兵力，依法依规跟踪监视...,"护卫艇,黄岩岛"
中国驻美国大使馆发言人就中美经贸高层会谈答记者问,https://news.sina.com.cn/c/2025-05-08/doc-inevvhch0455757.shtml,2025-05-08 10:41:00,问：近日中方宣布将与美方举行会谈的消息后，美方仍表示在与中国开始谈判前不会降低关税，并且暗示并非美方主动提出的谈判。中方对此有何评论？,
驻美国使馆发言人就中美经贸高层会谈答记者问,https://news.sina.com.cn/c/2025-05-08/doc-inevvhca8817895.shtml,2025-05-08 10:40:00,来源：央视网央视网消息：驻美国使馆发言人就中美经贸高层会谈答记者问。问：近日中方宣布将与美方举行会谈的消息后，美方仍表示在与中国开始谈判前不会降低关税...,"中国,美国,中美"
全国工商联：将配合职能部门出台配套政策，不断为民企生产活动赋能,https://news.sina.com.cn/c/2025-05-08/doc-inevvhch0460257.shtml,2025-05-08 10:36:00,来源：央视网央视网消息：5月8日上午，国新办举行新闻发布会，介绍《中华人民共和国民营经济促进法》有关情况。全国工商联副主席方光华在会上表示...,"全国工商联,民营企业,法律"
司法部：建立行政执法监督企业联系点，推行行政执法监督员制度,https://news.sina.com.cn/c/2025-05-08/doc-inevvhaz2790872.shtml,2025-05-08 10:34:00,来源：央视网央视网消息：5月8日上午，国新办举行新闻发布会，介绍《中华人民共和国民营经济促进法》有关情况。司法部副部长王振江介绍...,司法部
国家发改委副主任郑备：以法治稳定性增强发展确定性，是民企安心谋发展的定心丸,https://news.sina.com.cn/c/2025-05-08/doc-inevvhaz2783886.shtml,2025-05-08 10:31:00,来源：央视网央视网消息：5月8日上午，国新办举行新闻发布会，介绍《中华人民共和国民营经济促进法》有关情况。国家发展改革委副主任郑备在会上表示...,"国家发改委,国家发展改革委"
司法部副部长王振江：公平竞争、规范经营服务保障、权益保护等是各方认为民营经济发展面临的突出问题,https://news.sina.com.cn/c/2025-05-08/doc-inevvhaz2777440.shtml,2025-05-08 10:27:00,来源：财联社 财联社5月8日电，司法部副部长王振江在国新办新闻发布会上表示，促进民营经济发展涉及面广，究竟哪些问题需要在当下的立法中解决，哪些措施需要写入法律...,
全国人大常委会法工委副主任王瑞贺：立法表明对民营经济发展基本方针政策不会变、也不能变,https://news.sina.com.cn/c/2025-05-08/doc-inevvhaz2779733.shtml,2025-05-08 10:25:00,来源：央视网央视网消息：5月8日上午，国新办举行新闻发布会，介绍《中华人民共和国民营经济促进法》有关情况。全国人大常委会法工委副主任王瑞贺在会上表示...,"全国人大常委会,法律"
河南省周口市政协原副主席、市中医院原院长程维明被开除公职,https://news.sina.com.cn/c/2025-05-08/doc-inevvhaz2776331.shtml,2025-05-08 10:05:00,来源：央视网央视网消息：中央纪委国家监委网站5月8日通报，据河南省纪委监委消息：经中共河南省委批准，河南省监委对周口市政协原副主席...,"河南省,周口市,院长"
“网红大楼”跌落神坛！巅峰时有近2万张门禁卡，被污名后租客不敢租了，房价租金直跌,https://news.sina.com.cn/c/2025-05-08/doc-inevvssv2615520.shtml,2025-05-08 10:04:00,丽晶国际不复往日辉煌，这是住在这栋“网红大楼”的人们心知肚明而又不得不接受的现实。今年农历新年刚过，“杭州第一网红楼”房价租金普降的消息在社交媒体上传播开来，媒,
河南省供销合作总社原党组成员、理事会副主任王国庆被开除党籍和公职,https://news.sina.com.cn/c/2025-05-08/doc-inevvhaz2776373.shtml,2025-05-08 10:01:00,来源：央视网央视网消息：中央纪委国家监委网站5月8日通报，据河南省纪委监委消息：经中共河南省委批准，河南省纪委监委对河南省供销合作总社原党组成员...,"河南省,王国庆,党组成员"
湖南省邵阳市委常委、市人民政府副市长仇珂静接受纪律审查和监察调查,https://news.sina.com.cn/c/2025-05-08/doc-inevvhaz2776371.shtml,2025-05-08 10:01:00,来源：央视网央视网消息：中央纪委国家监委网站5月8日通报，据湖南省纪委监委消息：湖南省邵阳市委常委、市人民政府副市长仇珂静涉嫌严重违纪违法，主动向组织交代问题...,"湖南省,仇珂静,邵阳市"
明天10点开抢！河南新一期消费券来了,https://news.sina.com.cn/c/2025-05-08/doc-inevvhca8791156.shtml,2025-05-08 09:37:00,2025年“乐购河南”消费券（零售餐饮类）第二期发放安排如下： 一、活动时间 申领时间：2025年5月9日10:00； 使用期限：2025年5月9日10:00—13日24:00。,"消费券,河南省,APP"
小浪底水利枢纽工程管理与保护范围划定工作全面完成,https://news.sina.com.cn/c/2025-05-08/doc-inevvhch0433959.shtml,2025-05-08 09:36:00,来源：央视网央视网消息：据水利部，近日，小浪底水利枢纽和西霞院反调节水库工程管理与保护范围划定工作全面完成，共涉及山西、河南两省8县（市、区），划定管理范围320...,"山西省,水利工程"
预警升级！河南将迎短时强降水,https://news.sina.com.cn/c/2025-05-08/doc-inevvhce5561721.shtml,2025-05-08 09:26:00,中央气象台5月8日06时升级发布强对流天气黄色预警： 预计5月8日08时至9日08时，吉林西部、内蒙古东部、山西北部、河北北部、北京西部山区、陕西南部、江苏南部、安徽南部...,"江西省,安徽省,广西"
变废为宝 中国煤科解锁煤炭清洁利用新密码,https://news.sina.com.cn/c/2025-05-08/doc-inevvhca8775961.shtml,2025-05-08 09:17:00,近日，基于国家“十四五”重点研发计划、由中国煤炭科工开采研究院研制的“粉煤灰固碳注浆防灭火关键技术与装备”在国家能源集团三道沟煤矿处理利用粉煤灰超10万吨...,中国
北京：下调个人住房公积金贷款利率,https://news.sina.com.cn/c/2025-05-08/doc-inevvhca8762783.shtml,2025-05-08 08:51:00,北京住房公积金管理中心5月8日发布公告，根据中国人民银行《关于下调个人住房公积金贷款利率的通知》要求，2025年5月8日（含）之后新发放的贷款...,
澳门轻轨东线北段盾构机“濠江先锋号”顺利始发,https://news.sina.com.cn/c/2025-05-08/doc-inevuzvc2854549.shtml,2025-05-08 08:49:00,5月7日，澳门轻轨东线北段设计连建造工程“濠江先锋号”盾构机在ES3站成功始发，标志着由南光置业联合中国土木、中铁十六局澳门代表处承建的澳门大型民生交通工程进入盾构隧...,"澳门,先锋号"
硬核防汛装备上线 陕西汛期应急通信保障再添“黑科技”,https://news.sina.com.cn/c/2025-05-08/doc-inevuzvh5667353.shtml,2025-05-08 08:49:00,近日，中国移动陕西公司在商洛市部署省内行业首辆水陆两栖全地形应急车，并组织20余名应急保障人员在山地、湍流等多场景下进行实地演练...,"陕西省,应急通信,无人机"
【战新产业“百大工程”】焕新产业基础 国药集团打造血液制品智能生产新高地,https://news.sina.com.cn/c/2025-05-08/doc-inevuzvh5667235.shtml,2025-05-08 08:48:00,血液制品是现代医学救治多种疾病基本的、必需的特殊生物药品，具有稀缺和不可替代的特性。2010年世界卫生组织（WHO）提出，每一个主权国家的血液和血液制品应自给自足（WHA...,"国务院国资委,国药集团,兰州市"
中国能建一季度重点经营数据创历史同期新高,https://news.sina.com.cn/c/2025-05-08/doc-inevuzve8892734.shtml,2025-05-08 08:48:00,近日，中国能建发布2025年一季度报告。报告显示，中国能建一季度实现新签合同额、营业收入、归母净利润分别为人民币3888.96亿元、1003.71亿元和16.12亿元，同比分别增长5...,"人民币,张掖市,历史"
自主品牌持续提档加速 中国一汽4月销售整车23.87万辆,https://news.sina.com.cn/c/2025-05-08/doc-inevuzvk0527595.shtml,2025-05-08 08:48:00,2025年4月，中国一汽整车销量突破23.87万辆，同比增长3.5%；生产整车24.63万辆，同比增长4.9%。其中，自主品牌乘用车表现亮眼，单月销量达4.23万辆，同比增长15...,"自主品牌,中国一汽,红旗"
“五一”假期国家电网智慧车联网平台充电量同比增长超20%,https://news.sina.com.cn/c/2025-05-08/doc-inevuzve8892409.shtml,2025-05-08 08:48:00,今年“五一”假期期间，国家电网智慧车联网平台充电量超1.24亿千瓦时，同比增长超20%。其中，高速公路充电量超3771万千瓦时，同比增长超29%；5月1日单日充电服务次数超119万...,"车联网,充电,新能源汽车"
广安观潮丨抓住成长节点 紧盯重点对象,https://news.sina.com.cn/c/2025-05-08/doc-inevvhce5543850.shtml,2025-05-08 08:45:00,重庆丰富纪律教育内容和载体，以身边事、身边案、新发案为重点，开展以案说德、以案说纪、以案说法、以案说责；辽宁抚顺紧盯“关键少数”、年轻干部、关键岗位等重点群体...,"党员干部,广安市"
多地10级以上雷暴大风预警，可能有龙卷风,https://news.sina.com.cn/c/2025-05-08/doc-inevuzve8892464.shtml,2025-05-08 08:43:00,今天6时，中央气象台连发三预警： 预计今明两天，江淮大部、江汉东部、江南西南部和中东部、华南北部等地部分地区有大到暴雨，其中，安徽、湖北、江西、浙江...,
广安观潮丨抓住成长节点 紧盯重点对象,https://news.sina.com.cn/c/2025-05-08/doc-inevuzvk0523479.shtml,2025-05-08 08:36:00,重庆丰富纪律教育内容和载体，以身边事、身边案、新发案为重点，开展以案说德、以案说纪、以案说法、以案说责；辽宁抚顺紧盯“关键少数”、年轻干部、关键岗位等重点群体...,"党员干部,广安市"
巡察故事｜巡清“糊涂账”,https://news.sina.com.cn/c/2025-05-08/doc-inevuzvc2849973.shtml,2025-05-08 08:36:00,“都怪我没有守住底线，私自瓜分村集体资金，这种行为不仅背离了党的宗旨，也辜负了群众对我的信任和期望……”近日，象州县某乡镇一村党总支部书记潘某某在村党员大会上作了深...,巡察
北海：以忠诚干净担当书写青春答卷,https://news.sina.com.cn/c/2025-05-08/doc-inevuzvc2849893.shtml,2025-05-08 08:36:00,“我把证据材料和笔录进行了再次核对，梳理出案件的相关疑点，接下来我们要逐一调查取证。”“五一”假期前的最后一个工作日，北海市纪委监委第七审查调查室副主任林其波没有丝...,"北海市,农村"
把日常监督和专项监督相结合,https://news.sina.com.cn/c/2025-05-08/doc-inevuzvc2849750.shtml,2025-05-08 08:35:00,纪检监察机关要坚持以政治监督为统领，把日常监督和专项监督结合起来，完善监督机制，强化协同联动，提升监督效能，保障党中央重大决策部署贯彻落实。 完善监督机制。,监督机制
厘清职责 清除堵点 化解群众用水难,https://news.sina.com.cn/c/2025-05-08/doc-inevuzvk0523021.shtml,2025-05-08 08:35:00,近日，广西壮族自治区灵川县委巡察办工作人员到该县大境瑶族乡乐育村委竹山坪柑橘产业基地查看拦水坝使用情况时，正在基地里作业的果农说：“拦水坝修好了...,巡察
广安观潮 | 抓住成长节点 紧盯重点对象,https://news.sina.com.cn/c/2025-05-08/doc-inevuzvc2849655.shtml,2025-05-08 08:30:00,重庆丰富纪律教育内容和载体，以身边事、身边案、新发案为重点，开展以案说德、以案说纪、以案说法、以案说责；辽宁抚顺紧盯“关键少数”、年轻干部、关键岗位等重点群体...,"党员干部,广安市"
金昌：“清廉伴飞”为年轻干部系好“廉洁扣”,https://news.sina.com.cn/c/2025-05-08/doc-inevuzvc2849392.shtml,2025-05-08 08:30:00,近日，金昌市纪委监委聚焦“90后”“00后”干部群体，推出“清廉伴飞”行动，创新打造入职培训学廉、纪法课堂讲廉、警示教育促廉、谈话提醒助廉、从严监管守廉的五维立体模式...,金昌市
走进俄罗斯：铭记历史，开创未来,https://news.sina.com.cn/c/xl/2025-05-08/doc-inevuzvk0520618.shtml,2025-05-08 08:25:00,疆域辽阔，横跨欧亚历史悠久，文化灿烂这里是俄罗斯首都莫斯科依河而建古迹众多克里姆林宫雄伟壮观红场阅兵步伐铿锵圣彼得堡水道纵横风光旖旎“北方威尼斯”洋溢着欧陆风情,
现场晒当面评公开曝 山丹着力提升案件查办质量,https://news.sina.com.cn/c/2025-05-08/doc-inevuzvc2850207.shtml,2025-05-08 08:25:00,现场“晒”、当面“评”、公开“曝”！近日，张掖市山丹县纪委监委选取近年来办理的典型案例，开展“解剖麻雀式”复盘辨析，重点盘点教训得失、不足差距，确保找准“病因”...,纪检监察
第一观察｜习近平主席同普京总统密切交往的难忘瞬间,https://news.sina.com.cn/c/xl/2025-05-08/doc-inevuzve8885813.shtml,2025-05-08 08:24:00,应俄罗斯联邦总统普京邀请，国家主席习近平于5月7日至10日对俄罗斯进行国事访问并出席在莫斯科举行的纪念苏联伟大卫国战争胜利80周年庆典。这次访问是习近平主席担任,
习近平向“和平薪火　时代新章——纪念中国人民抗日战争和苏联伟大卫国战争胜利80周年中俄人文交流活动”致贺信,https://news.sina.com.cn/c/xl/2025-05-08/doc-inevuzve8885423.shtml,2025-05-08 08:22:00,新华社北京5月7日电 当地时间5月7日，国家主席习近平向“和平薪火 时代新章——纪念中国人民抗日战争和苏联伟大卫国战争胜利80周年中俄人文交流活动”致贺信。习近,
我省“国际博物馆日”主会场活动13日启动 362家博物馆千场活动展现文物之美,https://news.sina.com.cn/c/2025-05-08/doc-inevuzvk0510725.shtml,2025-05-08 07:34:00,5月7日，省文旅厅发布“国际博物馆日”主会场活动相关内容：以“快速变化社会中的博物馆未来”为主题的第49个国际博物馆日江苏主会场活动...,江苏省
习近平抵达莫斯科对俄罗斯进行国事访问并出席纪念苏联伟大卫国战争胜利80周年庆典,https://news.sina.com.cn/c/xl/2025-05-08/doc-inevuzvh5651144.shtml,2025-05-08 07:34:00,当地时间5月7日晚，国家主席习近平乘专机抵达莫斯科，应俄罗斯总统普京邀请，对俄罗斯进行国事访问并出席纪念苏联伟大卫国战争胜利80周年庆典。,
正风反腐在身边丨安顺：监督推动兑现惠企资金6700余万元,https://news.sina.com.cn/c/2025-05-08/doc-inevuzvc2839853.shtml,2025-05-08 07:04:00,编者按：群众对发生在身边的腐败和作风问题深恶痛绝，感受尤为深切。按照中央纪委国家监委和省委部署要求，2024年4月起，全省各级纪检监察机关和各级各部门以超常规举措集...,"纪检监察,安顺市,惠企"
【光明论坛】推动人工智能健康有序发展,https://news.sina.com.cn/c/2025-05-08/doc-inevuvpf2950107.shtml,2025-05-08 05:29:00,来源：光明日报 [光明论坛]  “人工智能是年轻的事业，也是年轻人的事业。”4月29日，习近平总书记在上海考察时，来到“模速空间”大模型创新生态社区...,人工智能
习近平抵达莫斯科伏努科沃专机机场发表书面讲话,https://news.sina.com.cn/c/xl/2025-05-08/doc-inevukxq5984945.shtml,2025-05-08 00:58:00,新华社莫斯科5月7日电 抵达莫斯科伏努科沃专机机场的书面讲话 （2025年5月7日，莫斯科） 中华人民共和国主席 习近平 很高兴应普京总统邀请...,
习近平抵达莫斯科对俄罗斯进行国事访问并出席纪念苏联伟大卫国战争胜利80周年庆典,https://news.sina.com.cn/c/xl/2025-05-07/doc-inevukxq5973679.shtml,2025-05-07 23:59:00,新华社莫斯科5月7日电 当地时间5月7日晚，国家主席习近平乘专机抵达莫斯科，应俄罗斯总统普京邀请，对俄罗斯进行国事访问并出席纪念苏联伟大卫国战争胜利80周年庆典。,
受暴雨影响，多地紧急公告：停运，停课，景区关闭,https://news.sina.com.cn/c/2025-05-08/doc-inevueru0976452.shtml,2025-05-07 23:13:00,根据中央气象部门消息5月7日至8日我国南方多地将有大到暴雨5月6日广州铁路提醒：受暴雨影响广铁7日至8日部分旅客列车停运根据气象部门消息，5月7日至8日...,"暴雨,降水"
小米汽车就SU7 Ultra排位模式及碳纤维双风道前舱盖争议致歉,https://news.sina.com.cn/c/2025-05-07/doc-inevuerp3299361.shtml,2025-05-07 22:53:00,5月7日晚间，小米汽车发文回应小米SU7Ultra最近受到争议的限制马力和碳纤维双风道前舱盖问题。小米汽车表示，之前推送的更新版本中“排位模式”功能添加了解锁条,
🏀广厦末节崩盘 陈盈骏23分 周琦13+14 胡金秋26+8 北京1-0领先,https://news.sina.com.cn/c/2025-05-07/doc-inevuerp3284800.shtml,2025-05-07 21:38:00,直播吧5月7日讯CBA总决赛G1，广厦主场迎战北京。半决赛广厦3-0轻取辽宁晋级，北京也是3-0山西挺进总决赛。曾凡博因腰椎左侧横突骨折赛季报销。比赛开始，双方,
科创板年报观察：54家未盈利企业合计大幅减亏36%，累计22家企业实现摘“U”,https://news.sina.com.cn/c/2025-05-07/doc-inevtyiu6212484.shtml,2025-05-07 21:22:00,科创板累计已有22家未盈利企业摘“U”，占上市时未盈利企业总数的41%。 科创板聚焦科技创新活跃、体现新质生产力方向的领域，持续支持具有关键核心技术、市场潜力大...,科创板
中国留学生在马来西亚被绑架，不付赎金就摘器官,https://news.sina.com.cn/c/2025-05-07/doc-inevuers6082406.shtml,2025-05-07 21:20:00,来源：中国新闻周刊 5月5日，18岁中国留学生在马来西亚遭绑架并被绑匪勒索虐待的画面曝光。该男生在新加坡留学，4月30日他因不明原因入境马来西亚后被一群男子绑架。,"绑匪,勒索"
受强降雨影响，京广、吉衡线部分列车将晚点或停运,https://news.sina.com.cn/c/2025-05-07/doc-inevtyiu6207698.shtml,2025-05-07 21:02:00,国铁广州局消息，受湖南南部地区强降雨影响，粤湘间部分地区线路降雨量超警戒线。为确保旅客安全，国铁广州局根据降雨影响范围，将对部分普速旅客列和采取停运、调整区间和,
前方后方·远隔万里的共同纪念,https://news.sina.com.cn/c/xl/2025-05-07/doc-inevtyiu6203898.shtml,2025-05-07 20:46:00,中国、俄罗斯，二战亚洲和欧洲的两个主战场，都为赢得世界反法西斯战争胜利付出巨大牺牲。 站在今天去回望、去纪念，那段血与火的历史里，有保家卫国的英雄壮举...,
一见·回顾珍贵光影，期待习主席的俄罗斯之行,https://news.sina.com.cn/c/xl/2025-05-07/doc-inevtyis9429107.shtml,2025-05-07 20:45:00,5月7日至10日，习近平主席将对俄罗斯进行国事访问并出席在莫斯科举行的纪念苏联伟大卫国战争胜利80周年庆典。消息发布后吸引全球关注。,
盘前涨超10%！极氪传来大消息：将被吉利私有化，并于纽交所退市！李书福最新回应,https://news.sina.com.cn/c/2025-05-07/doc-inevtyir3394440.shtml,2025-05-07 20:17:00,每经编辑|陈柯名 5月7日，吉利汽车发布公告，公司于5月7日向极氪提交非约束性报价函，建议私有化极氪，收购所有已发行及发行在外的极氪股份及美国存托股票（本集团实益拥有...,"极氪,吉利汽车,李书福"
培训合格才能上岗！河南护航内河航运实现“通江达海”,https://news.sina.com.cn/c/2025-05-07/doc-inevtyiu6196260.shtml,2025-05-07 20:01:00,周口“升咖”成为全国37个港口型国家物流枢纽承载城市之一；平顶山港试航通过，通航条件已全面就绪……近段时间，河南内河航运建设好消息频传。,"河南省,办法,周口市"
正部级挂帅，中央指导组开始进驻！刘家义任组长,https://news.sina.com.cn/c/2025-05-07/doc-inevtyir3389117.shtml,2025-05-07 19:56:00,撰文丨余晖“五一”假期刚过，深入贯彻中央八项规定精神学习教育中央指导组，开始进驻地方。据《海南日报》消息，按照中央党的建设工作领导小组统一部署，5月7日，深入贯,
@投资者 三部门齐聚“发红包”，中长期资金如何影响A股,https://news.sina.com.cn/o/2025-05-07/doc-inevtyir3387416.shtml,2025-05-07 19:50:00,5月7日，国务院新闻办公室举行发布会，“一行一局一会”齐聚再次释放了多个重磅利好信号，涵盖降息降准，稳市场、稳预期、稳楼市，以及应对关税影响等多项具体举措。,
公募基金改革八大要点：建立浮动管理费收取机制、降低规模排名考核权重,https://news.sina.com.cn/c/2025-05-07/doc-inevtyir3387175.shtml,2025-05-07 19:47:00,公募基金改革最新方案落地。 5月7日，中国证监会公开印发《推动公募基金高质量发展行动方案》。行动方案共提出25条举措，包括优化主动管理权益类基金收费模式...,"公募基金,权益类基金,基准"
轿车追尾半挂车致3死1伤，调查报告公布：司机过分依赖巡航系统,https://news.sina.com.cn/c/2025-05-07/doc-inevtyir3378959.shtml,2025-05-07 19:15:00,来源：观察者网 福州市应急管理局网站5月6日发布《京台高速福州闽侯“5·31”较大道路交通事故调查报告》。 2024年5月31日，福州市闽侯县天龙山隧道内...,"福州市,高速公路,牵引车"
基金业绩比较基准监管升级，60余只基金抢先校准,https://news.sina.com.cn/o/2025-05-07/doc-inevtyis9407870.shtml,2025-05-07 19:13:00,告别“躺赚”时代：业绩基准挂钩薪酬 公募基金高质量发展行动方案“靴子落地”。这不仅重塑着基金行业的生态，更深刻影响着基金经理与投资者的行为逻辑。,"基准,公募基金,沪深300指数"
年报未能交卷被立案 “不死鸟”*ST恒立此番能否渡劫,https://news.sina.com.cn/c/2025-05-07/doc-inevtyir3378728.shtml,2025-05-07 19:13:00,来源：财联社 财联社5月7日讯（记者 黄路）*ST恒立（000622.SZ）年报未按期“交卷”，公司面临退市风险。 公司于5月6日收到中国证监会下发的《立案告知书》...,"*ST恒立,神州,2024年年度报告"
紧盯大V、网红带货肉制品 整治制售假劣肉制品专项行动开展,https://news.sina.com.cn/o/2025-05-07/doc-inevttzw6310450.shtml,2025-05-07 19:07:00,新京报讯 据国家市场监管总局消息，日前，市场监管总局印发《关于开展整治制售假劣肉制品专项行动的通知》，部署各地市场监管部门于2025年4月至12月在全国开展整治制售假劣...,肉制品
卤味三巨头业绩集体下滑，两家高管薪资在增长，绝味董事长去年赚了近200万,https://news.sina.com.cn/c/2025-05-07/doc-inevttzt3507491.shtml,2025-05-07 19:04:00,从业绩表现来看，“卤味三巨头”去年的日子都不好过，三家公司的营收与净利润双双下滑。 近日，随着“卤味三巨头”2024年年报的披露，高管的薪资也公之于众。,"净利润,周黑鸭,煌上煌"
上海：5月8日起5年以上首套个人住房公积金贷款利率下调至2.6%,https://news.sina.com.cn/c/2025-05-07/doc-inevttzy1180495.shtml,2025-05-07 19:04:00,5月7日，上海市公积金管理中心发布《关于调整本市个人住房公积金贷款利率的通知》（以下简称《通知》）。 《通知》称，根据中国人民银行决定，自2025年5月8日起...,"上海市,通知,贷款利率"
市场监管总局部署开展整治制售假劣肉制品专项行动,https://news.sina.com.cn/c/2025-05-07/doc-inevtyiu6183873.shtml,2025-05-07 19:00:00,来源：央视网央视网消息：据市场监管总局网站消息，日前，市场监管总局印发《关于开展整治制售假劣肉制品专项行动的通知》，部署各地市场监管部门于2025年4月至12月在全国...,肉制品
中国气象局启动暴雨强对流三级应急响应,https://news.sina.com.cn/c/2025-05-07/doc-inevtyir3383324.shtml,2025-05-07 18:36:00,来源：央视网央视网消息：据中国气象局消息，预计5月7日夜间至9日，南方地区将有新一轮大范围较强降雨过程，西南地区东部、江南、华南等地有大到暴雨、局地大暴雨...,"强对流,江西省,湖南省"
4月末我国外汇储备规模环比升逾1%，央行连续第六个月增持黄金,https://news.sina.com.cn/o/2025-05-07/doc-inevttzu9526758.shtml,2025-05-07 18:25:00,5月7日，国家外汇管理局统计数据显示，截至4月末，我国外汇储备规模为32817亿美元，较3月末上升410亿美元，升幅为1.27%。,"黄金,资产,外汇储备"
纪法百科•“数”读通报｜2025年4月,https://news.sina.com.cn/c/2025-05-07/doc-inevttzy1167262.shtml,2025-05-07 18:25:00,一、发布审查调查信息111条 2025年4月，中央纪委国家监委网站共发布111条审查调查信息。其中，中管干部5人，中央一级党和国家机关、国企和金融单位厅局级干部21人...,"中央纪委,政务处分,犯罪"
三部门：全面推行以专项信用报告替代有无违法违规记录证明,https://news.sina.com.cn/c/2025-05-07/doc-inevttzu9522492.shtml,2025-05-07 18:12:00,国家发展改革委、公安部、国家数据局发布《关于全面推行以专项信用报告替代有无违法违规记录证明的通知》。其中明确，“信用代证”的适用对象包括企业、个体工商户、农民专,
气象干旱黄色预警：陕西、河南、湖北、江苏等地部分地区特旱,https://news.sina.com.cn/c/2025-05-07/doc-inevttzt3490854.shtml,2025-05-07 18:05:00,中央气象台5月7日18时继续发布气象干旱黄色预警：据实时气象干旱监测，陕西、河南、江苏、广西等省区存在重旱，其中，陕西南部、河南西部、湖北西北部、江苏南部等地特,
父亲买的二手别墅给儿子办过户，吃惊发现“购房发票”涉嫌伪造，需补交近70万税款及滞纳金,https://news.sina.com.cn/c/2025-05-07/doc-inevtyiu6198759.shtml,2025-05-07 18:05:00,“伪造的购房发票，咋能办出真房本呢？”32岁的张先生拿着手里的房本不禁疑惑。,
抖音高管评胖东来柴怼怼事件：在投诉之外，非常主张企业诉讼维权,https://news.sina.com.cn/c/2025-05-07/doc-inevttzt3492175.shtml,2025-05-07 17:59:00,5月7日下午，抖音集团副总裁李亮通过其个人微博发文，再次点评胖东来柴怼怼事件。他表示，“有些人说平台按几个键分分钟就能判定，甚至认为平台不应该向被侵权方要证明材,
吉利汽车宣布将与极氪完全合并，极氪拟从纽交所退市,https://news.sina.com.cn/o/2025-05-07/doc-inevttzy1158151.shtml,2025-05-07 17:58:00,新京报贝壳财经讯（记者林子）5月7日，吉利汽车控股有限公司（以下简称“吉利汽车”）发布公告宣布，为推动内部资源深度整合和高效协同，杜绝重复投入，降低成本...,"吉利汽车,极氪,纽交所"
投资90万可免养老服务费，养老公寓疑似爆雷，此投资模式靠谱吗？,https://news.sina.com.cn/c/2025-05-07/doc-inevttzy1156993.shtml,2025-05-07 17:55:00,投资90万免养老服务费？养老公寓爆雷背后的风险与警示 近期浙江余姚某养老公寓被曝出疑似爆雷事件，其宣称“投资90万即可免服务费”的模式引发广泛争议。,
铁路五一假期运输圆满收官,https://news.sina.com.cn/c/2025-05-07/doc-inevttzt3484518.shtml,2025-05-07 17:54:00,来源：央视网记者从中国国家铁路集团有限公司（下称“国铁集团”）获悉，4月29日至5月6日铁路五一假期运输期间，全国铁路累计发送旅客1.51亿人次、同比增长10.6%...,"旅客,列车"
一揽子金融政策为何重磅,https://news.sina.com.cn/c/2025-05-07/doc-inevttzw6289542.shtml,2025-05-07 17:42:00,来源：央视网今天上午发生了两件大事，央行、国家金融监督管理总局、证监会三大金融管理机构齐聚，介绍了“一揽子金融政策支持稳市场稳预期”有关情况；另一件是中方决定同意...,降息
“子宫内膜异位症”相关论文男性患者样本超六成？福建省人民医院发布情况说明,https://news.sina.com.cn/c/2025-05-07/doc-inevttzt3474263.shtml,2025-05-07 17:28:00,情况说明 关于网络上涉及我院职工的相关论文信息，我院高度重视，第一时间开展调查核实处理。经核查，相关论文存在科研失信行为。,"福建省,失信行为"
张艺兴成茅台文旅代言人,https://news.sina.com.cn/c/2025-05-07/doc-inevttzy1146255.shtml,2025-05-07 17:26:00,【#张艺兴成茅台文旅代言人#】刚刚@贵州茅台官微发文：五月黔山叠翠，茅台文旅有约。@张艺兴正式成为茅台文旅代言人。,
中国人民银行公布再贷款、再贴现利率表,https://news.sina.com.cn/c/2025-05-07/doc-inevttzw6282868.shtml,2025-05-07 17:14:00,央视网消息：5月7日，中国人民银行公布再贷款、再贴现利率表：3个月、6个月和1年期支农支小再贷款利率分别为1.2%、1.4%和1.5%，金融稳定再贷款利率为1.75%...,"中国人民银行,央视网,再贷款"
“我不认识张纪中”！74岁张纪中开车送娃上学撞车后遇尴尬,https://news.sina.com.cn/c/2025-05-07/doc-inevtyiw1069186.shtml,2025-05-07 17:14:00,5月7日，据网友爆料称，她妈妈在杭州开车时被张纪中的车撞到了。两车相撞之后，张纪中对网友的母亲说：“我先去送小孩，我不会跑，我是张纪中。”但是网友母亲表示，“不,
中汽协：3月汽车商品进出口总额环比增长32.1%,https://news.sina.com.cn/c/2025-05-07/doc-inevttzy1149044.shtml,2025-05-07 17:13:00,来源：央视网央视网消息：据中国汽车工业协会整理的海关总署数据显示，2025年3月，汽车商品进出口总额为238.2亿美元，环比增长32.1%，同比下降0.2%。,"美元,进出口总额,央视网"
“五一”假期全国旅游市场大幅升温 一组数据看文旅消费,https://news.sina.com.cn/c/2025-05-07/doc-inevttzt3481724.shtml,2025-05-07 17:13:00,这个“五一”假期，全国旅游市场大幅升温。从城市到乡野，从山川到海岸，无数人用脚步丈量山河，用热情点燃假日活力。通过一组数据盘点这个假期文旅消费的情况。,文旅
2025年3月贵州省查处违反中央八项规定精神问题398起,https://news.sina.com.cn/c/2025-05-07/doc-inevttzy1137829.shtml,2025-05-07 17:00:00,2025年3月贵州省查处违反中央八项规定精神问题统计表(截至2025年3月31日)2025年3月，全省查处违反中央八项规定精神问题情况如下：,贵州省
铁路“五一”假期运输圆满收官 客货运输两旺 多项运输指标创历史新高,https://news.sina.com.cn/c/2025-05-07/doc-inevttzt3462329.shtml,2025-05-07 16:52:00,来源：央视网央视网消息：据“中国铁路”公众号消息，4月29日至5月6日铁路“五一”假期运输期间，全国铁路累计发送旅客1.51亿人次、同比增长10.6%，其中5月1日发送旅客2311...,"旅客,五一"
图解 | 八项规定改变中国,https://news.sina.com.cn/c/2025-05-07/doc-inevttzt3463029.shtml,2025-05-07 16:47:00,来源：中央纪委国家监委网站,"中国,中央纪委"
中国牵头制定标准，正式发布,https://news.sina.com.cn/c/2025-05-07/doc-inevtpua1260590.shtml,2025-05-07 16:42:00,我国牵头制定的3项电气继电器国际标准正式发布。 记者今天从国家标准委了解到，由我国牵头制定的电气继电器领域《电气继电器 试验与测试...,
证监会：建立与基金业绩表现挂钩的浮动管理费收取机制,https://news.sina.com.cn/c/2025-05-07/doc-inevtptw9618199.shtml,2025-05-07 16:10:00,证监会印发《推动公募基金高质量发展行动方案》提出，建立与基金业绩表现挂钩的浮动管理费收取机制。对新设立的主动管理权益类基金大力推行基于业绩比较基准的浮动管理费收,
《海关总署关于明确跨境电商销毁退运有关事项的公告》的政策解读,https://news.sina.com.cn/c/2025-05-07/doc-inevtpua1255257.shtml,2025-05-07 16:10:00,来源：央视网央视网消息：据“海关发布”公众号消息，为进一步规范跨境电子商务网购保税（海关监管方式代码1210，以下简称“网购保税”）进口库存商品销毁和进出口商品退运监管...,"保税,仓储,跨境电商"
央行：中国4月末外汇储备3.282万亿美元,https://news.sina.com.cn/c/2025-05-07/doc-inevtptw9613283.shtml,2025-05-07 16:08:00,央行数据显示，中国4月末外汇储备3.282万亿美元，3月末为3.241万亿美元。,
国家外汇管理局：截至2025年4月末，我国外汇储备规模为32817亿美元,https://news.sina.com.cn/c/2025-05-07/doc-inevtptw9620797.shtml,2025-05-07 16:08:00,来源：央视网央视网消息：国家外汇管理局统计数据显示，截至2025年4月末，我国外汇储备规模为32817亿美元，较3月末上升410亿美元，升幅为1.27%。,"外汇储备,美元,央视网"
协鑫集团有限公司成被执行人，执行标的逾23.95亿元,https://news.sina.com.cn/c/2025-05-07/doc-inevtpty6385576.shtml,2025-05-07 16:02:00,中国执行信息公开网显示，4月29日，协鑫集团有限公司、协鑫创展控股有限公司、上海其辰企业管理有限公司、太仓港协鑫发电有限公司新增一则被执行人信息，执行标的23.,
广东：鼓励广州、深圳进一步放宽车辆购买限制，增发购车指标,https://news.sina.com.cn/c/2025-05-07/doc-inevtptv3566898.shtml,2025-05-07 16:00:00,广东省人民政府办公厅印发《广东省提振消费专项行动实施方案》提出，有序减少消费限制。用好房地产调控自主权，督促指导各地全面梳理现行购买、转让、信贷、定价等方面的限,
钦州市环境卫生管理处原主任陈基智严重违纪违法被开除党籍和公职,https://news.sina.com.cn/c/2025-05-07/doc-inevtpua1238424.shtml,2025-05-07 15:52:00,经钦州市委批准，钦州市纪委监委对钦州市环境卫生管理处原主任陈基智严重违纪违法问题进行立案审查调查。 经查，陈基智理想信念丧失，纪法底线失守...,"钦州市,严重违纪"
理想汽车回应董事长李想6.39亿元“天价年薪”：说法不准确,https://news.sina.com.cn/c/2025-05-07/doc-inevtpua1237385.shtml,2025-05-07 15:45:00,红星资本局5月7日消息，近日，理想汽车（02015.HK/LI.US）创始人、董事长兼CEO李想2024年领取6.39亿元“天价年薪”冲上热搜引发热议。,"理想汽车,李想,年薪"
金融“组合拳”稳房地产 购房需求能否进一步释放？市场人士称5月房地产市场有望继续修复,https://news.sina.com.cn/c/2025-05-07/doc-inevtptv3562413.shtml,2025-05-07 15:44:00,来源：财联社 财联社5月7日讯 （记者 曹韵仪）今日，在国新办举行的新闻发布会上，国家金融监督管理总局局长李云泽表示，加快出台与房地产发展新模式相适配的系列融资制度...,"公积金,房地产市场,公积金贷款"
外交部紧急提醒在印巴中国公民提高防范意识,https://news.sina.com.cn/c/2025-05-07/doc-inevtpua1233673.shtml,2025-05-07 15:40:00,今天，外交部回应印巴局势，发言人林剑表示：中方正在密切关注事态的发展，建议在相关地区的中国公民和机构密切关注当地形势，提高安全风险防范意识，避免前往冲突涉及的地,
外交部回应中美经贸高层会谈：这次会谈是应美方请求举行的,https://news.sina.com.cn/c/2025-05-07/doc-inevtpty6377027.shtml,2025-05-07 15:34:00,【#外交部回应中美经贸高层会谈#：#这次会谈是应美方请求举行的#】今天，外交部发布消息，何立峰副总理将于5月9日—12日访问瑞士，期间与美方举行会谈。外交部发言,
深圳机场连续两天发生航班大面积延误，工作人员回应：暴雨导致,https://news.sina.com.cn/c/2025-05-07/doc-inevtptw9600861.shtml,2025-05-07 15:32:00,5月6日晚上和5月7日上午，不少网友发帖称，在深圳机场出行时遭遇航班大面积延误。上游新闻（报料邮箱：baoliaosy@163.com）记者在采访中发现，有旅客,
中国农业银行首席专家冯建龙 主动投案,https://news.sina.com.cn/c/2025-05-07/doc-inevtptw9597932.shtml,2025-05-07 15:21:00,据中央纪委国家监委驻中国农业银行纪检监察组、浙江省纪委监委5月7日消息：中国农业银行原首席专家兼浙江省分行原党委书记、行长冯建龙涉嫌严重违纪违法，主动投案，目前,
两部门组织开展2025纺织服装“优供给促升级”活动,https://news.sina.com.cn/c/2025-05-07/doc-inevtptw9592876.shtml,2025-05-07 15:08:00,来源：央视网央视网消息：工业和信息化部办公厅、商务部办公厅发布《关于开展2025纺织服装“优供给促升级”活动的通知》。 为深入贯彻中央经济工作会议精神，大力提振消费...,工业和信息化部
A股收评：上证指数涨0.8%，深证成指涨0.22%，航天军工股领涨，腾讯云等科技概念回调,https://news.sina.com.cn/c/2025-05-07/doc-inevtpua1214083.shtml,2025-05-07 15:04:00,5月7日，A股三大指数集体上涨，截至收盘，上证指数涨0.8%，深证成指涨0.22%，创业板指涨0.51%；北证50跌0.46%。两市成交额约14683.33亿元,
北京：推动企业年金扩面发展，完善最低工资标准调整机制,https://news.sina.com.cn/c/2025-05-07/doc-inevtpua1217933.shtml,2025-05-07 15:00:00,来源：央视网央视网消息：北京市人力资源和社会保障局关于印发《聚焦打造国际一流“北京服务”全面优化人社领域营商环境工作方案》的通知。,"就业,北京市"
“三降”出击！百万房贷月供将减少132元，楼市“红五月”可期,https://news.sina.com.cn/o/2025-05-07/doc-inevtpua1210613.shtml,2025-05-07 14:57:00,降准0.5个百分点、下调个人住房公积金贷款利率0.25个百分点、加快出台与房地产发展新模式适配的系列融资制度……5月7日，在国新办举行的新闻发布会上，中国人民银行...,"红五月,楼市,贷款利率"
纪法百科•“数”读通报｜2025年4月,https://news.sina.com.cn/c/2025-05-07/doc-inevtptv3542726.shtml,2025-05-07 14:56:00,一、发布审查调查信息111条2025年4月，中央纪委国家监委网站共发布111条审查调查信息。其中，中管干部5人，中央一级党和国家机关、国企和金融单位厅局级干部21人...,"中央纪委,政务处分"
又一日军“慰安妇”制度受害者去世 大陆在世幸存者仅7人,https://news.sina.com.cn/c/2025-05-07/doc-inevtptv3536183.shtml,2025-05-07 14:53:00,据新华社上海5月7日电 记者7日从上海师范大学中国“慰安妇”问题研究中心获悉，7日凌晨1时许，日军“慰安妇”制度受害幸存者小瑞奶奶（化名）在湖南华容县去世，享年96岁。,"小瑞,湖南省"
河南14岁女孩失踪7年被发现抛尸，凶犯被执行死刑,https://news.sina.com.cn/c/2025-05-07/doc-inevtpua1211103.shtml,2025-05-07 14:52:00,新京报记者 刘思维 赵露 编辑 甘浩校对 杨利 4月30日，杀害河南信阳14岁女孩小慧（化名）的凶犯魏某某被执行死刑。新京报记者从小慧父亲处获悉，他仍未拿到法院判决的3...,"河南省,信阳市,死刑"
网民反映三亚潜水遭遇服务质量不佳，官方开展核查,https://news.sina.com.cn/c/2025-05-07/doc-inevtptv3536025.shtml,2025-05-07 14:42:00,来源：央视网央视网消息：三亚市旅游服务中心5月7日通报，近日，有网民反映“在三亚潜水时遭遇服务质量不佳”的情况，三亚市旅游服务中心第一时间与该网民取得联系并组织核实...,三亚市
西安碑林博物馆门票从10元涨到85元，馆方回应,https://news.sina.com.cn/c/2025-05-08/doc-inevtimx3657345.shtml,2025-05-07 14:07:00,来源：大皖新闻 大皖新闻讯 5月7日，关于西安碑林博物馆的门票价格“从10元/人次，上涨到85元/人次”的消息，在社交媒体平台上引发关注。,
北交所：进一步支持发行科技创新债券服务新质生产力,https://news.sina.com.cn/c/2025-05-07/doc-inevtptv3531230.shtml,2025-05-07 14:04:00,来源：央视网央视网消息：5月7日，北交所发布关于进一步支持发行科技创新债券服务新质生产力的通知，自发布之日起施行。通知提出，进一步拓宽发行主体和募集资金使用范围...,"债券,北交所"
玉渊谭天：中国对印度氯氰菊酯加征最高166.2%关税，向外界释放了两个信号,https://news.sina.com.cn/c/2025-05-07/doc-inevtimx3653644.shtml,2025-05-07 14:04:00,来源：财联社转自玉渊谭天 商务部决定自2025年5月7日起对原产于印度的进口氯氰菊酯实施反倾销措施，征收48.4%-166.2%的反倾销税。,"印度,商务部,关税"
债券市场“科技板”来了：哪些机构能尝鲜，重点支持哪些领域,https://news.sina.com.cn/c/2025-05-07/doc-inevtine1324184.shtml,2025-05-07 13:54:00,债券市场“科技板”来了！ 5月7日，中国人民银行、中国证监会联合发布关于支持发行科技创新债券有关事宜的公告，从丰富科技创新债券产品体系和完善科技创新债券配套支持机制...,"债券市场,债券,股权投资"
谢晖不再担任中超长春亚泰队主教练：战绩不佳主动请辞,https://news.sina.com.cn/c/2025-05-07/doc-inevtimx3648369.shtml,2025-05-07 13:46:00,关于谢晖先生及团队离任的公告,"谢晖,中超,长春亚泰"
昆明一商贸城发生火灾，应急局：消防救援人员已前往事发地扑救,https://news.sina.com.cn/c/2025-05-07/doc-inevtimx3653461.shtml,2025-05-07 13:39:00,5月7日，多名网友发布视频称，昆明市官渡区康盛商贸城发生火灾。视频显示，商贸城上方浓烟滚滚，还有可见明火，有消防救援人员抵达现场。,"昆明市,消防,火灾"
深交所：新增支持商业银行等金融机构发行科技创新债券,https://news.sina.com.cn/c/2025-05-07/doc-inevtine1326153.shtml,2025-05-07 13:36:00,来源：央视网央视网消息：为了深入贯彻党的二十届三中全会精神，落实中国人民银行、中国证监会联合发布的关于支持发行科技创新债券有关事宜的公告（中国人民银行...,"债券,深交所,商业银行"
中方表态背后的三点关键信息,https://news.sina.com.cn/c/2025-05-07/doc-inevtimx3646579.shtml,2025-05-07 13:36:00,来源：中国经济周刊 本刊记者周琦 5月7日清早，商务部发了条重要信息：国务院副总理何立峰作为中美经贸中方牵头人，将在访问瑞士期间，与美方牵头人...,"美国,中国,中美"
降准等一揽子措施何时实施？央行公布时间表,https://news.sina.com.cn/c/2025-05-07/doc-inevtina6465476.shtml,2025-05-07 13:34:00,今日，央行公布了一揽子金融政策，具体什么时间实施，时间表公布——5月7日起再贷款利率下调0.25个百分点5月8日起公积金贷款利率下调个人住房公积金贷款利率0.2,
上交所发布《关于进一步支持发行科技创新债券服务新质生产力的通知》,https://news.sina.com.cn/c/2025-05-07/doc-inevtine1323297.shtml,2025-05-07 13:18:00,来源：央视网央视网消息：5月7日，上海证券交易所发布关于进一步支持发行科技创新债券服务新质生产力的通知。详情如下：为了深入贯彻党的二十届三中全会精神...,债券
《平“语”近人——习近平喜欢的典故》（国际版）将在俄罗斯多家主流媒体落地播出,https://news.sina.com.cn/c/xl/2025-05-07/doc-inevtyis9429841.shtml,2025-05-07 13:15:00,在中国国家主席习近平对俄罗斯进行国事访问并出席纪念苏联伟大卫国战争胜利80周年庆典之际，由中国中央广播电视总台制作的《平“语”近人——习近平喜欢的典故》（国际版,
公积金利率降至历史最低！多项房地产利好政策落地，购房者置业成本又降了,https://news.sina.com.cn/c/2025-05-07/doc-inevtina6458145.shtml,2025-05-07 12:59:00,5月7日，国务院新闻办公室举行新闻发布会介绍“一揽子金融政策支持稳市场稳预期”有关情况。一系列政策重磅发布，其中多项政策与房地产市场息息相关...,"贷款利率,住房公积金贷款,房地产"
美财长回应中美经贸高层会谈，被问及“谁先给对方打的电话”紧张到结巴,https://news.sina.com.cn/c/2025-05-07/doc-inevtine1305487.shtml,2025-05-07 12:30:00,来源：玉渊谭天 #美财长被问中美谁主动时紧张到结巴# 当地时间5月6日，美国财长贝森特在接受媒体采访时回应了中美经贸高层会谈。,
中央巡视组进驻新疆兵团后，宋全伟任上被查,https://news.sina.com.cn/c/2025-05-07/doc-inevtine1305119.shtml,2025-05-07 12:21:00,来源：北京青年报 编辑丨余晖 据新疆生产建设兵团纪委监委5月7日消息： 新疆生产建设兵团草湖项目区党委委员、副主任宋全伟涉嫌严重违纪违法...,"新疆生产建设兵团,余晖"
中国人民银行增加科技创新和技术改造再贷款额度3000亿元 支持加力扩围实施“两新”政策,https://news.sina.com.cn/c/2025-05-07/doc-inevtccz3756868.shtml,2025-05-07 11:59:00,来源：央视网央视网消息：为支持加力扩围实施“两新”政策，引导金融机构加快相关领域贷款投放，持续做好金融“五篇大文章”，中国人民银行决定增加科技创新和技术改造再贷款额...,"中国人民银行,再贷款,央视网"
中国人民银行增加支农支小再贷款额度3000亿元 进一步加大对涉农、小微和民营企业金融支持力度,https://news.sina.com.cn/c/2025-05-07/doc-inevtccz3756863.shtml,2025-05-07 11:56:00,来源：央视网央视网消息：为激励引导地方法人金融机构进一步加大对涉农、小微和民营企业的信贷投放，持续做好金融“五篇大文章”，中国人民银行决定增加支农支小再贷款额度30...,"再贷款,中国人民银行,央视网"
中国人民银行：5月7日起，下调再贷款利率0.25个百分点,https://news.sina.com.cn/c/2025-05-07/doc-inevtceh1430225.shtml,2025-05-07 11:55:00,来源：央视网央视网消息：为更好发挥结构性货币政策工具的激励作用，引导金融机构加大对重大战略、重点领域和薄弱环节的支持力度，中国人民银行决定：自2025年5月7日起...,"利率,中国人民银行,再贷款"
我为群众办实事 | 解决社会事务办理难题,https://news.sina.com.cn/c/2025-05-07/doc-inevtceh1418081.shtml,2025-05-07 11:35:00,“扫这个二维码，在手机上填好个人信息，提交审核以后就能办理好证件了，不需要再去窗口排队。”在柳州市柳江区新兴工业园社区，社区居民韦女士在工作人员的指导下顺利办理了...,"巡察,经济开发区"
外交部发言人就当前印巴局势答记者问,https://news.sina.com.cn/c/2025-05-07/doc-inevtceh1414197.shtml,2025-05-07 11:20:00,来源：央视网央视网消息：据外交部网站消息，5月7日，外交部发言人就当前印巴局势答记者问。问：近期，印度和巴基斯坦之间的紧张局势持续升级。,"外交部发言人,印度,中国"
公积金贷款利率下调，专家：贷100万可少还5万，月供减少133元,https://news.sina.com.cn/c/2025-05-07/doc-inevtceh1412047.shtml,2025-05-07 11:04:00,极目新闻记者 姚赟 5月7日，国新办举行新闻发布会，中国人民银行行长潘功胜在会上宣布，将下调个人住房公积金贷款利率0.25个百分点，5年期以上首套房利率由2.85%降至2.6%...,公积金贷款
中国人民银行决定将支持资本市场两项货币政策工具的额度合并使用,https://news.sina.com.cn/c/2025-05-07/doc-inevtceh1410579.shtml,2025-05-07 10:51:00,来源：央视网央视网消息：据中国人民银行官网，2024年10月，中国人民银行会同有关部门创设了支持资本市场稳定发展的两项工具，即证券、基金...,"中国人民银行,资本市场,央视网"
一行一局一会重磅发声！一文读懂事关降准降息、股市楼市等一揽子政策,https://news.sina.com.cn/c/2025-05-07/doc-inevtccz3723263.shtml,2025-05-07 10:43:00,大家想买房的再等等哈，我前年买了已亏了首付，后面的房价还要跌和和利率还要降,
广东省人民政府2025年4月人事任免,https://news.sina.com.cn/c/2025-05-07/doc-inevtptv3561558.shtml,2025-05-07 10:26:00,人事任免省政府2025年4月份任命： 郭向阳 广东省公安厅副厅长（分管日常工作、正厅级） 刘景喜 广东省公安厅治安管理总队总队长（试用1年）省政府2025年4月份免去：...,"广东省,公安厅,省政府"
广东省人民政府2025年3月人事任免,https://news.sina.com.cn/c/2025-05-07/doc-inevtpua1234761.shtml,2025-05-07 10:26:00,人事任免省政府2025年3月份任命： 龚桢梽 广东省发展和改革委员会副主任 胡春雷 广东省自然资源厅副厅长（试用1年） 雷 宇 广东财经大学副校长（试用1年） 佟 矿 广东医科...,"广东省,省政府,广东医科大学"
省人大常委会2025年3月份人事任免,https://news.sina.com.cn/c/2025-05-07/doc-inevtpua1234724.shtml,2025-05-07 10:25:00,人事任免省人大常委会2025年3月份任命： 曾进泽 广东省工业和信息化厅厅长 黄志坚 广东省水利厅厅长省人大常委会2025年3月份免去： 涂高坤 广东省工业和信息厅厅长职务 王...,"广东省,曾进泽,王立新"
广东省人民政府2025年2月人事任免,https://news.sina.com.cn/c/2025-05-07/doc-inevtptv3561316.shtml,2025-05-07 10:24:00,人事任免省政府2025年2月份任命： 支光南 广东省人民政府国有资产监督管理委员会主任 陈新烈 广东省市场监督管理局局长 肖展欣 广东省人民政府地方志办公室主任 黄国锋 广...,"广东省,退休,省政府"
强化与投资者利益绑定！公募基金迎重要改革,https://news.sina.com.cn/c/2025-05-07/doc-inevtcee6556235.shtml,2025-05-07 10:23:00,来源：央视网央视网消息：5月7日，国新办举行新闻发布会，中国人民银行、国家金融监督管理总局、中国证券监督管理委员会负责人介绍“一揽子金融政策支持稳市场稳预期”有关情...,"央视网,公募基金,投资者"
商务部新闻发言人就对原产于印度的进口氯氰菊酯实施反倾销措施答记者问,https://news.sina.com.cn/c/2025-05-07/doc-inevtceh1393340.shtml,2025-05-07 10:17:00,来源：央视网央视网消息：商务部新闻发言人就对原产于印度的进口氯氰菊酯实施反倾销措施答记者问。有记者问：我们关注到商务部发布公告...,"商务部,印度,反倾销措施"
北京发布2025年中等职业教育自主招生计划,https://news.sina.com.cn/c/2025-05-07/doc-inevtceh1398989.shtml,2025-05-07 10:15:00,来源：央视网央视网消息：据“首都教育”公众号消息，近日，北京教育考试院发布了《2025年北京市中等职业教育自主招生计划》和《2025年北京市中等职业教育自主招生计划说明》...,"北京市,自主招生,录取"
央行：下调常备借贷便利利率10个基点,https://news.sina.com.cn/c/2025-05-07/doc-inevtccz3708660.shtml,2025-05-07 10:15:00,财联社5月7日电，中国人民银行更新常备借贷便利利率表，自2025年5月8日起，隔夜、7天、1个月常备借贷便利利率分别调整为2.25%、2.40%、2.75%，均,
七部门联合印发《关于加快提升农业科技创新体系整体效能的实施意见》,https://news.sina.com.cn/c/2025-05-07/doc-inevtcea9777653.shtml,2025-05-07 10:12:00,来源：央视网央视网消息：据农业农村部消息，近日，农业农村部、科技部、教育部、工业和信息化部、财政部、水利部、中国科学院等7部门联合印发《关于加快提升农业科技创新...,"农业科技,实施意见"
吴清：支持优质中概股回归内地和香港市场,https://news.sina.com.cn/c/2025-05-07/doc-inevtccz3706141.shtml,2025-05-07 10:09:00,来源：财联社 财联社5月7日电，中国证监会主席吴清在参加国新办新闻发布会时表示，加强双多边的跨境监管合作，塑造稳定、透明、可预期的监管环境...,
转内销观察丨从“断链”到“上架” 牙刷企业7天急速转换“新赛道”,https://news.sina.com.cn/c/2025-05-07/doc-inevtyir3404397.shtml,2025-05-07 10:08:00,美国滥施关税正扰乱全球国际贸易秩序，给我国外贸企业带来挑战，不少外贸企业开始寻找新的机会。江苏扬州杭集镇是著名的“牙刷之都”，全球每3支牙刷就有一支来自这里。小,
央行：5月15日起，下调金融机构存款准备金率0.5个百分点,https://news.sina.com.cn/o/2025-05-07/doc-inevtccz3704471.shtml,2025-05-07 10:05:00,新京报讯 据央行消息，为落实中央经济工作会议精神和《政府工作报告》部署，实施适度宽松的货币政策，提高宏观调控的前瞻性、针对性、有效性，中国人民银行决定...,"央行,存款准备金率,新京报"
央行：5月15日起，下调金融机构存款准备金率0.5个百分点,https://news.sina.com.cn/c/2025-05-07/doc-inevtcee6566792.shtml,2025-05-07 10:01:00,来源：央视网央视网消息：为落实中央经济工作会议精神和《政府工作报告》部署，实施适度宽松的货币政策，提高宏观调控的前瞻性、针对性、有效性，中国人民银行决定...,"存款准备金率,央视网,央行"
“问题化肥”零容忍！市场监管总局公布八起典型案例,https://news.sina.com.cn/c/2025-05-07/doc-inevtceh1393339.shtml,2025-05-07 10:01:00,来源：央视网央视网消息：据“市说新语”公众号消息，市场监管总局坚决贯彻落实党中央、国务院决策部署，高度重视化肥产品执法打假工作...,"淮南市,市场监管局,公安机关"
潘功胜：未来还可以扩大工具的规模或创新新的政策工具,https://news.sina.com.cn/c/2025-05-07/doc-inevswwk1505967.shtml,2025-05-07 10:00:00,5月7日，中国人民银行行长潘功胜在参加国新办新闻发布会时表示，未来将根据经济金融的运行情况和各项工具的使用效果，还可以扩大工具的规模，完善工具的政策要素，或者创,
受贿数额特别巨大，滥用职权情节特别严重，苟仲文被公诉！,https://news.sina.com.cn/c/2025-05-07/doc-inevtceh1396012.shtml,2025-05-07 10:00:00,正义网记者5月7日从最高人民检察院获悉，十四届全国政协原常委、民族和宗教委员会原副主任苟仲文涉嫌受贿、滥用职权一案，由国家监察委员会调查终结，经最高人民检察院指,
金融监管总局局长李云泽：将加大小微企业首贷、续贷、信用贷投放,https://news.sina.com.cn/c/2025-05-07/doc-inevswwe9889607.shtml,2025-05-07 09:58:00,财联社5月7日电，金融监管总局局长李云泽在参加国新办新闻发布会时表示，小微企业融资协调工作机制走访6700万户经营主体；小微企业融资协调工作机制已发放贷款12.,
杨孟飞：30载逐梦升空向月飞,https://news.sina.com.cn/c/2025-05-07/doc-inevswwk1503355.shtml,2025-05-07 09:58:00,2020年12月，嫦娥五号探测器带着月壤从月球返回地球，这项由中国人完成的壮举，标志着探月工程“绕、落、回”三步走规划圆满收官。,"杨孟飞,嫦娥五号"
吴清：在加强监管的同时传递监管温度 帮助受影响企业应对关税冲击,https://news.sina.com.cn/c/2025-05-07/doc-inevswwk1499850.shtml,2025-05-07 09:53:00,财联社5月7日电，中国证监会主席吴清在参加国新办新闻发布会时表示，4月7日以来，350多家上市公司披露了回购增持计划，体现了上市公司对自身价值和发展充满信心。下,
拟再批复600亿元！保险资金长期投资改革试点范围将进一步扩大,https://news.sina.com.cn/c/2025-05-07/doc-inevtceh1401419.shtml,2025-05-07 09:49:00,来源：央视网央视网消息：5月7日，国新办举行新闻发布会，中国人民银行、国家金融监督管理总局、中国证券监督管理委员会负责人介绍“一揽子金融政策支持稳市场稳预期”有关情...,央视网
下调住房公积金利率后 100万房贷30年累积可节省月供4.76万元,https://news.sina.com.cn/c/2025-05-07/doc-inevswwh6657438.shtml,2025-05-07 09:49:00,财联社5月7日电，中国人民银行行长潘功胜5月7日在参加国新办新闻发布会时表示，降低个人住房公积金贷款利率0.25个百分点，5年期以上首套房利率由2.85%降至2,
金融监管总局：房地产“白名单”贷款审批通过金额增至6.7万亿元,https://news.sina.com.cn/c/2025-05-07/doc-inevtccz3713152.shtml,2025-05-07 09:44:00,在今天举行的国新办新闻发布会上，中国人民银行、国家金融监督管理总局、中国证券监督管理委员会负责人介绍“一揽子金融政策支持稳市场稳预期”有关情况，并答记者问。,房地产
金融监管总局李云泽：对受关税影响较大的市场主体提供精准服务,https://news.sina.com.cn/o/2025-05-07/doc-inevswwc3817660.shtml,2025-05-07 09:36:00,新京报贝壳财经讯（记者黄鑫宇）5月7日，国新办举行新闻发布会介绍“一揽子金融政策支持稳市场稳预期”有关情况。据金融监管总局党委书记、局长李云泽介绍...,"金融监管,贝壳财经"
金融监管总局将推出八项增量政策，涉房地产金融、小微企业、稳外贸等,https://news.sina.com.cn/c/2025-05-07/doc-inevswwk1500348.shtml,2025-05-07 09:32:00,来源：央视网央视网消息：国务院新闻办公室5月7日上午举行新闻发布会，请中国人民银行、国家金融监督管理总局、中国证券监督管理委员会负责人介绍“一揽子金融政策支持稳市...,"融资,金融监管"
国家金融监管总局：将出台与房地产发展新模式相适配融资制度,https://news.sina.com.cn/c/2025-05-07/doc-inevswwk1487776.shtml,2025-05-07 09:32:00,[#出台与房地产发展新模式相适配融资制度#]今天，国家金融监管总局局长李云泽在国新办发布会上说，将加快出台与房地产发展新模式适配的系列融资制度...,
央行：公开市场7天期逆回购操作利率由此前的1.50%调整为1.40%,https://news.sina.com.cn/c/2025-05-07/doc-inevswwc3813948.shtml,2025-05-07 09:30:00,央行公告，为实施好适度宽松的货币政策，加力支持实体经济，从2025年5月8日起，公开市场7天期逆回购操作利率由此前的1.50%调整为1.40%。公开市场14天期,
三大指数均大幅高开，沪指高开1.17%,https://news.sina.com.cn/c/2025-05-07/doc-inevswwe9867109.shtml,2025-05-07 09:26:00,财联社5月7日电，三大指数均大幅高开，沪指高开1.17%，深成指高开1.35%，创业板指高开1.91%，金融、房地产等板块指数涨幅居前。,
央行：增加3000亿元科技创新和技术改造再贷款额度 由目前的5000亿元增加至8000亿元,https://news.sina.com.cn/c/2025-05-07/doc-inevswwh6641118.shtml,2025-05-07 09:26:00,财联社5月7日电，中国人民银行行长潘功胜7日在参加国新办新闻发布会时表示，增加3000亿元科技创新和技术改造再贷款额度，由目前的5000亿元增加至8000亿元，,
吴清：全力支持中央汇金公司发挥类平准基金作用,https://news.sina.com.cn/c/2025-05-07/doc-inevswwk1484525.shtml,2025-05-07 09:25:00,财联社5月7日电，中国证监会主席吴清在参加国新办新闻发布会时表示，全力巩固市场维稳向好的势头，动态完善应对各类外部风险攻击的工作预案，全力支持中央汇金公司发挥类,
金融监管总局将推出8项增量政策：涉房地产金融、险资入市、稳外贸等,https://news.sina.com.cn/c/2025-05-07/doc-inevswwc3812836.shtml,2025-05-07 09:25:00,5月7日，国家金融监督管理总局局长李云泽在国新办新闻发布会上表示，金融监管总局将按照党中央、国务院的要求，进一步增强抓落实的责任感、紧迫感和主动性，加力加劲...,金融监管
天长： “对账式”督查  严防处分执行“缩水走样”,https://news.sina.com.cn/c/2025-05-07/doc-inevswwk1483849.shtml,2025-05-07 09:24:00,“经检查发现，你单位受到留党察看处分的党员在处分期间，仍行使党员权利，请及时予以纠正……”日前，天长市纪委监委围绕党纪政务处分决定执行情况开展监督检查...,"政务处分,天长市"
港股开盘：恒生指数高开2.24%，恒生科技指数涨2.72%，房地产板块走强,https://news.sina.com.cn/c/2025-05-07/doc-inevswwe9865224.shtml,2025-05-07 09:23:00,5月7日，港股大幅高开，恒生指数高开2.24%，恒生科技指数高开2.72%。房地产板块高开，融创中国高开超8%，碧桂园涨超4%。消息面上，央行将降低存款准备金率,
阜南：暖心回访治“心病” 激励担当唤“初心”,https://news.sina.com.cn/c/2025-05-07/doc-inevswwh6638811.shtml,2025-05-07 09:23:00,“受到处分后，有段时间我压力很大，通过你们多次回访，帮助我解开心结，卸下包袱，让我重新鼓起了干事创业的勇气……”近日，阜南县纪委监委第四纪检监察协作区工作人员在对某...,"阜南,党员干部"
李云泽：进一步扩大保险资金长期投资试点范围 为市场引入更多增量资金,https://news.sina.com.cn/c/2025-05-07/doc-inevswwe9864400.shtml,2025-05-07 09:23:00,财联社5月7日电，金融监管总局局长李云泽在参加国新办新闻发布会时表示，近期共推出8项增量政策，包括加快出台与房地产发展新模式相适配的系列融资制度，进一步扩大保险,
央行将推降准降息等十项货币政策，加大宏观调控强度,https://news.sina.com.cn/c/2025-05-07/doc-inevswwh6639394.shtml,2025-05-07 09:23:00,[#央行将推降准降息等十项货币政策#，加大宏观调控强度]为贯彻4月25日中央政治局会议精神，进一步实施好适度宽松的货币政策，推动经济高质量发展...,
李云泽：近期将加快出台与房地产发展新模式适配的系列融资制度,https://news.sina.com.cn/c/2025-05-07/doc-inevswwh6637026.shtml,2025-05-07 09:20:00,国家金融监管总局局长李云泽5月7日在国新办发布会上说，近期将加快出台与房地产发展新模式适配的系列融资制度。,
央行将创设科技创新债券风险分担工具,https://news.sina.com.cn/c/2025-05-07/doc-inevswwh6636389.shtml,2025-05-07 09:18:00,中国人民银行行长潘功胜5月7日在国新办举行的新闻发布会上宣布，将创设科技创新债券风险分担工具。（新华社）,
中国人民银行将设立5000亿元服务消费与养老再贷款,https://news.sina.com.cn/c/2025-05-07/doc-inevswwc3804715.shtml,2025-05-07 09:16:00,财联社5月7日电，中国人民银行行长潘功胜5月7日在国新办举行的新闻发布会上宣布，中国人民银行将设立5000亿元服务消费与养老再贷款，加大消费重点领域低成本资金支,
央行宣布降准降息,https://news.sina.com.cn/c/2025-05-07/doc-inevswwe9857768.shtml,2025-05-07 09:11:00,[#央行宣布降准降息#]中国人民银行行长潘功胜5月7日在国新办举行的新闻发布会上宣布，#降准0.5个百分点#，向市场提供长期流动性约1万亿元，并降低政策利率0.1个百分点。,
潘功胜：降低结构性货币政策,https://news.sina.com.cn/c/2025-05-07/doc-inevswwk1472605.shtml,2025-05-07 09:11:00,财联社5月7日电，中国人民银行行长潘功胜在参加国新办新闻发布会时表示，政治局召开会议分析当前的经济形势，为贯彻政治局会议精神，加大宏观调控力度，通过降准等措施，,
公积金贷款利率降0.25个百分点,https://news.sina.com.cn/c/2025-05-07/doc-inevswwc3800748.shtml,2025-05-07 09:11:00,[#公积金贷款利率降0.25个百分点#]中国人民银行行长潘功胜：降低个人住房公积金贷款利率0.25个百分点，5年期以上首套房利率由2.85%降至2.6%，其他期限的利率同步调整。,
潘功胜：央行下调金融机构存款准备金率0.5个百分点,https://news.sina.com.cn/c/2025-05-07/doc-inevswwk1471252.shtml,2025-05-07 09:09:00,潘功胜：央行下调金融机构存款准备金率0.5个百分点。,
潘功胜：央行下调金融机构存款准备金率0.5个百分点,https://news.sina.com.cn/c/2025-05-07/doc-inevswwe9864896.shtml,2025-05-07 09:09:00,来源：央视网央视网消息：5月7日，国新办举行新闻发布会，中国人民银行、国家金融监督管理总局、中国证券监督管理委员会负责人介绍“一揽子金融政策支持稳市场稳预期”有关情...,"潘功胜,央视网,存款准备金率"
潘功胜：4月以来金融市场展现出较强的韧性,https://news.sina.com.cn/c/2025-05-07/doc-inevswwe9856504.shtml,2025-05-07 09:08:00,财联社5月7日电，中国人民银行行长潘功胜在参加国新办新闻发布会时表示，4月份以来，尽管面临比较大的冲击，国内的金融体系仍然保持稳健，金融市场展现出较强的韧性。上,
潘功胜：今年以来，货币信贷呈现数量增加、价格下降、结构优化特征,https://news.sina.com.cn/c/2025-05-07/doc-inevswwk1469785.shtml,2025-05-07 09:06:00,中国人民银行行长潘功胜5月7日在国新办发布会上说，今年以来，货币信贷呈现数量增加、价格下降、结构优化特征。,
浙江狠抓改革落实攻坚 推动改革“愿景”变成“实景”,https://news.sina.com.cn/c/2025-05-07/doc-inevswwc3788943.shtml,2025-05-07 08:50:00,浙江省围绕高质量完成国有企业改革深化提升行动，全面对标对表，持续深化改革、强化创新、加强监管，确保以高质量的国资国企改革实效，推动经济社会高质量发展。,"浙江省,改革任务,国务院国资委"
方圆谈丨严守小事小节不放松,https://news.sina.com.cn/c/2025-05-07/doc-inevswwc3796370.shtml,2025-05-07 08:49:00,“五一”前后，各地纪检监察机关通报了一批违纪违法典型案例，其中不少案例表明，一些党员干部滑向腐败深渊的起点，往往始于一盒茶叶、一顿宴请这样的“小事”。,"党员干部,方圆"
坚守节点强化一线监督检查,https://news.sina.com.cn/c/2025-05-07/doc-inevswwc3796085.shtml,2025-05-07 08:49:00,落实中央八项规定精神必须坚守节点、寸步不让。“五一”假期，各地纪检监察机关紧盯节日期间易发多发的违规违纪问题，深化部门协作，统筹监督力量，强化监督检查...,纪检监察
20秒内融化3厘米厚的冰 我国在大容量风机智能除冰领域有新突破,https://news.sina.com.cn/c/2025-05-07/doc-inevswwe9848773.shtml,2025-05-07 08:40:00,5月6日，我国首台智能红外风机融冰设备在中国大唐江西蜈蚣山风电场成功试运，标志着我国在大容量风机智能除冰领域实现新的技术突破。,
全国最大规模海上风电打捆送出工程投产,https://news.sina.com.cn/c/2025-05-07/doc-inevswwc3785041.shtml,2025-05-07 08:40:00,近日，广东500千伏鹅凰开关站及相关线路升级改造工程（简称鹅凰系列工程）投产。作为全国最大规模的海上风电打捆送出工程，该站汇集了粤西6座巨型海上风电场和两座常规火电...,"新能源,广东省,阳江市"
中国海油首季开门红：油气净产量同比增长4.8%,https://news.sina.com.cn/c/2025-05-07/doc-inevswwh6623230.shtml,2025-05-07 08:40:00,近日，中国海洋石油有限公司公布了2025年一季度经营业绩。2025年一季度，中国海油油气净产量稳步增长，成本竞争优势持续巩固，展现穿越油价周期的坚强韧性。,"中国海油,油田"
国家能源集团国电电力一季度发电量突破1000亿千瓦时,https://news.sina.com.cn/c/2025-05-07/doc-inevswwc3784831.shtml,2025-05-07 08:39:00,国家能源集团国电电力近日披露一季度电量情况公告。根据公告，该公司1-3月合并报表口径完成发电量1002.17亿千瓦时，突破1000亿千瓦时。,"国电电力,火电"
江苏检察机关依法对苟仲文涉嫌受贿、滥用职权案提起公诉,https://news.sina.com.cn/c/2025-05-07/doc-inevtceh1377891.shtml,2025-05-07 08:38:00,十四届全国政协原常委、民族和宗教委员会原副主任苟仲文涉嫌受贿、滥用职权一案，由国家监察委员会调查终结，经最高人民检察院指定，由江苏省盐城市人民检察院审查起诉。,"苟仲文,江苏省,检察机关"
方圆谈丨严守小事小节不放松,https://news.sina.com.cn/c/2025-05-07/doc-inevswwh6624123.shtml,2025-05-07 08:36:00,“五一”前后，各地纪检监察机关通报了一批违纪违法典型案例，其中不少案例表明，一些党员干部滑向腐败深渊的起点，往往始于一盒茶叶、一顿宴请这样的“小事”。,"党员干部,方圆"
重磅发布会即将举行 三部委负责人介绍一揽子金融政策,https://news.sina.com.cn/c/2025-05-07/doc-inevswwc3785192.shtml,2025-05-07 08:30:00,今天上午9时，国务院新闻办公室将举行新闻发布会，中国人民银行、国家金融监督管理总局、中国证券监督管理委员会负责人将介绍“一揽子金融政策支持稳市场稳预期”有关情况,
清风为伴产业兴 | 茶香浸润振兴路,https://news.sina.com.cn/c/2025-05-07/doc-inevswwk1456725.shtml,2025-05-07 08:30:00,天色微晓，湖南省桂东县万亩生态茶园云蒸雾绕、茶香氤氲。桥头乡侠头村茶农张开权来到茶园，开始新一天的鲜叶采摘，在漫山青绿间一番穿梭忙碌后...,合作社
平凉：聚焦问题“小切口” 做好民生“大文章”,https://news.sina.com.cn/c/2025-05-07/doc-inevswwk1456576.shtml,2025-05-07 08:30:00,“个别公安机关警种部门对持续深化整治群众身边不正之风和腐败问题工作重视不够、案件查办不力……”近日，平凉市纪委监委派驻市公安局纪检监察组对驻在部门持续推进民生实事办...,"平凉市,腐败"
以有力举措保障节日期间风清气正,https://news.sina.com.cn/c/2025-05-07/doc-inevswwe9847454.shtml,2025-05-07 08:30:00,落实中央八项规定精神必须坚守节点、寸步不让。“五一”假期，各地纪检监察机关紧盯节日期间易发多发的违规违纪问题，深化部门协作，统筹监督力量，强化监督检查...,纪检监察
玉林：多措并举提升基层监督质效,https://news.sina.com.cn/c/2025-05-07/doc-inevswwc3781020.shtml,2025-05-07 08:28:00,“集中办公前，人员分布个派驻单位，大家各自为战，难以统筹监督，集中办公后，让各派驻机构工作人员在物理空间上更加接近，不仅能让大家共享资源，遇到复杂的监督任务时...,"玉林市,纪检监察,乡村振兴"
一线巡察摸实情 细化清单立行立改,https://news.sina.com.cn/c/2025-05-07/doc-inevswwh6620286.shtml,2025-05-07 08:25:00,近日，广西壮族自治区北海市铁山港区委巡察组干部来到南康镇扫管龙村，对巡察整改事项进行“回头看”，发现此前破损严重的莲角垌桥已重建并通过验收。,巡察
三堂会审 | 单位受贿还是共同受贿,https://news.sina.com.cn/c/2025-05-07/doc-inevswwk1456924.shtml,2025-05-07 08:25:00,特邀嘉宾施春晨 江苏省常熟市纪委监委第五纪检监察室主任武 耿 江苏省常熟市纪委监委案件审理室主任韩立佳 江苏省常熟市人民检察院第二刑事检察部主任陈 洁...,"江苏省,常熟市,受贿罪"
个人假借“集体研究”之名出借公款如何定性,https://news.sina.com.cn/c/2025-05-07/doc-inevswwc3783539.shtml,2025-05-07 08:25:00,实践中，少数机关单位主要负责人为了私情私利，欲将公款借给他人使用，往往采取提前跟班子成员打招呼、定调子、做授意，再召集单位班子会议“集体研究”的方式...,"挪用公款,受贿罪"
兰石集团纪委：用好谈心谈话利器 做实“一把手”监督,https://news.sina.com.cn/c/2025-05-07/doc-inevswwc3783218.shtml,2025-05-07 08:25:00,“此前你公司班子成员涉嫌严重违纪违法被审查调查，暴露出你单位存在管党治党不严不实，对‘关键少数’、青年骨干等监督管理不到位问题，务必举一反三，扎实整改。,
重庆   “抓一件成一件”让群众可感可及,https://news.sina.com.cn/c/2025-05-07/doc-inevswwh6624993.shtml,2025-05-07 08:22:00,今年元旦，重庆市九龙坡区民主村城市更新项目二期开街，红砖建筑群、新中式茶馆、别具格调的家具店……让来往游客目不暇接。其中，点赞最多的还数整齐的停车位和智慧停车系统...,重庆市
何立峰将访问瑞士、法国并举行中美经贸高层会谈、第十次中法高级别经济财金对话,https://news.sina.com.cn/c/2025-05-07/doc-inevswwc3777457.shtml,2025-05-07 08:10:00,外交部发言人宣布：应瑞士政府邀请，中共中央政治局委员、国务院副总理何立峰将于5月9日至12日访问瑞士，与瑞士领导人及有关方面举行会谈。,"瑞士,何立峰,法国"
以案明纪释法丨穿透股权收益权融资表象 准确识别权钱交易本质,https://news.sina.com.cn/c/2025-05-07/doc-inevswwh6621034.shtml,2025-05-07 08:01:00,【内容提要】 股权收益权融资协议是一种通过分离股权所有权与收益权来实现融资的金融工具，其核心在于以收益权转让为纽带，满足特定融资需求。,"收益权,融资,意见"
个人假借“集体研究”之名出借公款如何定性,https://news.sina.com.cn/c/2025-05-07/doc-inevswwe9846025.shtml,2025-05-07 08:00:00,实践中，少数机关单位主要负责人为了私情私利，欲将公款借给他人使用，往往采取提前跟班子成员打招呼、定调子、做授意，再召集单位班子会议“集体研究”的方式...,"挪用公款,受贿罪"
暴雨蓝色预警发布！湖北、湖南、重庆等地部分地区有大暴雨,https://news.sina.com.cn/o/2025-05-07/doc-inevssqh9970147.shtml,2025-05-07 07:44:00,新京报讯 中央气象台5月7日6时发布暴雨蓝色预警： 预计，5月7日08时至8日08时，西藏东南部、西南地区东部、江南西北部和中部等地部分地区有大到暴雨，其中，湖北西南部...,"暴雨,湖北省,湖南省"
江苏五一档电影票房居全国第二,https://news.sina.com.cn/c/2025-05-07/doc-inevssqf3897331.shtml,2025-05-07 07:24:00,2025年五一档，全国电影总票房7.47亿元，观影人次1889.51万。记者从江苏省电影局获悉，五一档江苏电影总票房7295.24万元，观影人次187.81万，均位居全国第二位；苏州...,江苏
“五一”假期全省营业性演出票房收入1.9亿元,https://news.sina.com.cn/c/2025-05-07/doc-inevssqh9967050.shtml,2025-05-07 07:24:00,“五一”假期，江苏各大城市演出市场热闹非凡，演唱会、音乐节接踵而至，“点燃”了文旅消费新活力。大麦网数据显示，“五一”假期，全省营业性演出观演人次达28.51万...,"音乐节,南京市"
黔南：组织200余名政法系统领导干部接受警示教育,https://news.sina.com.cn/c/2025-05-07/doc-inevssqk6744656.shtml,2025-05-07 07:03:00,近日，黔南州纪委监委联合政法部门组织开展政法系统警示教育大会，200余名政法系统领导干部集中接受教育。会前，大家集中前往都匀监狱开展警示教育活动...,"黔南布依族苗族自治州,领导干部"
方圆谈丨严守小事小节不放松,https://news.sina.com.cn/c/2025-05-07/doc-inevssqf3897428.shtml,2025-05-07 07:01:00,“五一”前后，各地纪检监察机关通报了一批违纪违法典型案例，其中不少案例表明，一些党员干部滑向腐败深渊的起点，往往始于一盒茶叶、一顿宴请这样的“小事”。,"党员干部,方圆"
习近平离京赴莫斯科对俄罗斯进行国事访问并出席纪念苏联伟大卫国战争胜利80周年庆典,https://news.sina.com.cn/c/xl/2025-05-07/doc-inevttzy1169669.shtml,2025-05-07 06:55:00,新华社快讯：5月7日下午，国家主席习近平乘专机离开北京，应俄罗斯总统普京邀请，赴莫斯科对俄罗斯进行国事访问并出席纪念苏联伟大卫国战争胜利80周年庆典。,
商务部新闻发言人就中美经贸高层会谈答记者问,https://news.sina.com.cn/c/2025-05-07/doc-inevssqn1559318.shtml,2025-05-07 06:18:00,有记者问：5月7日早，外交部发布消息，何立峰副总理将于5月9日-12日访问瑞士，期间与美方举行会谈。请问商务部能否介绍一下此次会谈的背景和相关考虑？答：美国新政,
何立峰将访问瑞士、法国并举行中美经贸高层会谈、第十次中法高级别经济财金对话,https://news.sina.com.cn/zx/2025-05-07/doc-inevssqn1558747.shtml,2025-05-07 06:12:00,外交部发言人宣布：应瑞士政府邀请，中共中央政治局委员、国务院副总理何立峰将于5月9日至12日访问瑞士，与瑞士领导人及有关方面举行会谈。访瑞期间，何立峰副总理作为,
新疆阿克苏地区库车市发生3.1级地震,https://news.sina.com.cn/c/2025-05-07/doc-inevsnhq1683226.shtml,2025-05-07 03:56:00,据中国地震台网测定，北京时间2025年5月7日3时43分在新疆阿克苏地区库车市（北纬41.13度，东经83.75度）发生3.1级地震，震源深度8千米。,"新疆,地震,阿克苏地区"
官宣：40多国近百名军官访华,https://news.sina.com.cn/c/2025-05-07/doc-inevrzsp4237817.shtml,2025-05-06 23:49:00,非洲中青年军官代表团访华。应中国国防部邀请，5月6日至15日，由埃及、莫桑比克、坦桑尼亚、肯尼亚等40多个非洲国家近百名军官组成的非洲中青年军官代表团来华访问...,"中非,中国国防部,非洲"
总台专访“中国排面”：高高飘扬的国旗是我们最温暖的力量,https://news.sina.com.cn/c/xl/2025-05-08/doc-inevuzvk0520982.shtml,2025-05-06 22:20:00,近日，“中国排面”亮相莫斯科，红场夜间阅兵彩排吸引了大批当地中国留学生和华人同胞。人们挥舞国旗，和解放军仪仗队官兵齐唱《强军战歌》《歌唱祖国》的“高燃”场面给大,
听习近平讲作风故事丨“一个从群众中走出来的群众领袖”,https://news.sina.com.cn/c/xl/2025-05-06/doc-inevrvkt0398754.shtml,2025-05-06 21:15:00,当前，全党上下正在开展深入贯彻中央八项规定精神学习教育，纵深推进作风建设。关于作风建设，习近平总书记常用讲故事的方式，传达深意、感染他人，给人以思想启迪。南方网,
明起三天，南方将有暴雨！,https://news.sina.com.cn/c/2025-05-06/doc-inevrvkt0395995.shtml,2025-05-06 20:52:00,近期，南方大部维持多雨的天气格局。明起三天（5月7日至9日），南方地区新一轮较强降雨过程来袭，且强对流天气频发，安徽、湖南、江西、浙江、广西等地雨势猛烈...,"暴雨,广西,江西省"
第一个中国人！他“捅”破了历史,https://news.sina.com.cn/c/2025-05-06/doc-inevrrat4453278.shtml,2025-05-06 20:10:00,来源：环球人物 这不仅仅是一场比赛， 更是一个时代的象征。 作者：王喆宁 英国，克鲁斯堡剧院，座无虚席的观众屏息以待。 赵心童的球杆轻轻划过，一颗球划出精准的弧线...,
中央巡视组进驻云南期间，茶忠旺任上主动投案,https://news.sina.com.cn/c/2025-05-06/doc-inevrraw7291471.shtml,2025-05-06 20:05:00,来源：北京青年报 5月6日，云南省纪委监委发布消息，云南省司法厅党委书记、厅长茶忠旺涉嫌严重违纪违法，主动投案，目前正接受云南省纪委监委纪律审查和监察调查。,
云南部署：集中纠治党员干部和公职人员违规饮酒，发现一起、查处一起、曝光一起、教育一片,https://news.sina.com.cn/c/2025-05-06/doc-inevrvkt0393001.shtml,2025-05-06 19:36:00,来源：北京青年报 据《云南日报》消息，5月6日，云南省集中纠治党员干部和公职人员违规饮酒问题动员部署会在昆明召开，深入学习贯彻习近平总书记关于加强党的作风建设的重...,
财政部部长蓝佛安：中方将采取更加积极有为的宏观政策 有信心实现2025年的5%左右增长目标,https://news.sina.com.cn/c/2025-05-06/doc-inevrrat4441517.shtml,2025-05-06 19:30:00,5月4日至7日，亚洲开发银行理事会第58届年会在意大利米兰举行。本届年会以“共享经验，共建未来”为主题，并就通过数字化转型促进亚太区域一体化发展等议题进行讨论。,
71岁国足主帅，考察42岁老门将？,https://news.sina.com.cn/c/2025-05-06/doc-inevrrav0509497.shtml,2025-05-06 19:27:00,来源：中国新闻周刊  距离6月5日世预赛，国足客场对阵印尼的比赛只剩下一个月的时间，国足主教练伊万科维奇却遇到了一个此前从未发生的新问题，门将不够用了。,"颜骏凌,门将,王大雷"
第一观察｜习近平主席引用诗词名言寄语中俄关系,https://news.sina.com.cn/c/xl/2025-05-06/doc-inevrray2126244.shtml,2025-05-06 19:09:00,来源：新华视点 应俄罗斯联邦总统普京邀请，国家主席习近平将于5月7日至10日对俄罗斯进行国事访问并出席在莫斯科举行的纪念苏联伟大卫国战争胜利80周年庆典。,"诗词,普京,俄罗斯"
蒋介石父子“陵寝”表述被删除,https://news.sina.com.cn/c/2025-05-06/doc-inevrrav0501124.shtml,2025-05-06 19:04:00,蒋介石、蒋经国父子在台湾逝世后，灵柩暂厝于桃园慈湖、大溪“陵寝”。据台湾“中时新闻网”报道，岛内长期将前往两处瞻仰称为“谒灵”，“陵寝”“谒灵”等表述已沿用长达50年。,"蒋介石,台湾省,桃园市"
综合治理食品添加剂滥用问题 国务院食安办等六部门联合出手,https://news.sina.com.cn/c/2025-05-06/doc-inevrrat4433889.shtml,2025-05-06 19:00:00,记者今天了解到，国务院食安办联合工业和信息化部、农业农村部、国家卫生健康委、海关总署、市场监管总局印发《食品添加剂滥用问题综合治理方案》...,"食品添加剂,国务院,食品"
央行、证监会等部门将发声 介绍“一揽子金融政策支持稳市场稳预期”有关情况,https://news.sina.com.cn/c/2025-05-06/doc-inevrraw7263666.shtml,2025-05-06 18:14:00,来源：财联社国务院新闻办公室5月6日消息，国务院新闻办公室将于5月7日上午9时举行新闻发布会，请中国人民银行、国家金融监督管理总局...,
繁荣活跃！“五一”假期全国重点零售和餐饮企业销售额同比增长6.3%,https://news.sina.com.cn/c/2025-05-06/doc-inevrkva2217901.shtml,2025-05-06 17:35:00,记者5月5日从商务部获悉，2025年“五一”假期，全国消费市场繁荣活跃。据商务部商务大数据监测，假期全国重点零售和餐饮企业销售额同比增长6.3%。,"商务部,汽车,销售额"
多地出“实招” 推动民营经济高质量发展稳步前行,https://news.sina.com.cn/c/2025-05-06/doc-inevrkva2217507.shtml,2025-05-06 17:31:00,今年以来，一系列促进民营经济发展的政策措施密集出台，落地见效，推动民营经济高质量发展稳步前行。在沈阳专门为民营企业搭建的“惠帮企”服务平台上...,民营企业
山东滕州车祸致6人死亡 肇事司机已被刑事拘留,https://news.sina.com.cn/c/2025-05-06/doc-inevrkva2210962.shtml,2025-05-06 17:28:00,记者从滕州市公安局获悉，2025年5月5日，公安机关已对滕州一名涉醉驾肇事人员采取刑事拘留强制措施。 据了解，2025年5月4日16时05分，滕州市善国路发生一起交通事故。,
三个“爆品”，藏着中国外贸秘籍,https://news.sina.com.cn/c/2025-05-06/doc-inevrkuy7388444.shtml,2025-05-06 17:28:00,来自世界各地的外商云集，我国制造业的产品琳琅满目，最近，和各大景区一样火热的，还有广交会现场。4月15日至5月5日，第137届中国进出口商品交易会（广交会）在广州分三期...,"广交会,机器人"
河南发布小麦干热风灾害风险预警,https://news.sina.com.cn/c/2025-05-06/doc-inevrkva2209118.shtml,2025-05-06 17:11:00,河南省气象局、河南省农业农村厅2025年5月6日联合发布小麦干热风灾害风险预警：当前我省小麦已进入灌浆期，预计5月11日-13日，全省大部将出现35℃以上的高温天气...,小麦
国行版苹果AI渐近 阿里百度提供支持但分工不尽相同,https://news.sina.com.cn/c/2025-05-06/doc-inevrkva2190025.shtml,2025-05-06 16:32:00,财联社5月6日电，据知名科技记者马克·古尔曼透露，苹果AI有望在iOS18.6系统中首次在中国大陆启用部分功能，背后将由阿里巴巴和百度提供技术支持。具体而言，百,
超48亿件！“五一”假期全国快递业务量创同期新高,https://news.sina.com.cn/c/2025-05-06/doc-inevrkuv4512393.shtml,2025-05-06 16:15:00,来源：央视网 央视网消息：据国家邮政局微信公众号消息，国家邮政局监测数据显示，2025年“五一”假期（5月1日—5月5日），全国邮政快递业累计揽投快递包裹超48亿件...,国家邮政局
“五一”餐饮关键词：“夜经济”“露台经济”接踵登场、持续升温,https://news.sina.com.cn/o/2025-05-06/doc-inevrkva2182935.shtml,2025-05-06 16:14:00,“五一”假期“收官”，假日餐饮也以客流、翻台率成倍增长的亮眼成绩体现着北京假日经济的热度。5月6日，新京报记者从多家餐饮老字号、知名餐饮企业了解到，在5天假期中...,"餐饮,老字号"
美CIA发布视频“招募中国官员窃取机密” 外交部：赤裸裸的政治挑衅,https://news.sina.com.cn/c/2025-05-06/doc-inevrkuv4509880.shtml,2025-05-06 16:10:00,财联社5月6日电，外交部发言人林剑主持例行记者会。林剑指出，美国中央情报局在社交媒体发布的视频是又一份证据确凿的“自供状”。美方不仅对中国恶意抹黑攻击，而且公然,
贵州省2名县处级干部接受纪律审查和监察调查,https://news.sina.com.cn/c/2025-05-06/doc-inevrkva2186430.shtml,2025-05-06 16:00:00,黔东南州国防动员办公室党组成员、副主任，州人民防空办公室副主任吴昌盛接受纪律审查和监察调查据黔东南州纪委监委消息：黔东南州国防动员办公室党组成员、副主任...,"黔南州,贵州省,党组成员"
《中国医药指南》就“宫颈癌等论文出现男性病例”致歉：辞退涉事编辑,https://news.sina.com.cn/c/2025-05-06/doc-inevrepe2299902.shtml,2025-05-06 15:40:00,澎湃新闻此前报道多篇妇科论文及文献中出现“男性病例”一事，其中两篇涉及文献均发表在《中国医药指南》期刊，如宫颈癌、高危产妇等论文中出现多个男性病例。,中国医药指南
A股迎来今年最红“开门红”！沪指重回3300点，全市场超5000只个股上涨,https://news.sina.com.cn/c/2025-05-06/doc-inevrkux0573550.shtml,2025-05-06 15:38:00,每经记者 赵云每经编辑 肖芮冬 5月6日，市场全天高开高走迎节后开门红，创业板指领涨，沪指收盘重回3300上方。截至收盘，沪指涨1.13%，深成指涨1.84%，创业板指涨1.97%。,
长和获准出售巴拿马运河港口以外的港口？外交部：该报道没有依据,https://news.sina.com.cn/c/2025-05-06/doc-inevrenx4625049.shtml,2025-05-06 15:32:00,5月6日，外交部发言人林剑主持例行记者会。 香港无线电视记者提问，近日有媒体称，长和获准出售巴拿马运河港口以外的港口，请问中方有何评论？ “这一报道没有根据。,
外交部：中方和欧洲议会决定同步全面取消对相互交往的限制,https://news.sina.com.cn/c/2025-05-06/doc-inevrepe2296016.shtml,2025-05-06 15:31:00,5月6日，外交部发言人林剑主持例行记者会。有记者提问，据报道，中方已同欧洲议会相互取消交往限制，可否证实？ 林剑表示，过去几年，中欧立法机构交往...,
新华时评·锲而不舍落实中央八项规定精神丨修炼共产党人的“心学”,https://news.sina.com.cn/c/2025-05-06/doc-inevrepa7467861.shtml,2025-05-06 15:06:00,党性教育是共产党人修身养性的必修课，也是共产党人的“心学”。落实中央八项规定精神，抓作风建设，就要返璞归真、固本培元，重点突出坚定理想信念、践行根本宗旨...,新华时评
收评：沪指涨1.13%收复3300点 全市场近5000只个股上涨,https://news.sina.com.cn/c/2025-05-06/doc-inevrenz0683052.shtml,2025-05-06 15:02:00,来源：财联社  财联社5月6日电，市场全天高开高走迎节后开门红，创业板指领涨，沪指收盘重回3300上方。沪深两市全天成交额1.34万亿，较上个交易日放量1668亿。,
甘肃省原副省长杨子兴被公诉，曾因违反中央八项规定精神被公开通报,https://news.sina.com.cn/c/2025-05-06/doc-inevrenx4612421.shtml,2025-05-06 15:00:00,来源：正义网  正义网记者5月6日从最高人民检察院获悉，甘肃省政府原党组成员、副省长杨子兴涉嫌受贿、利用影响力受贿一案，由国家监察委员会调查终结...,
甘肃省政府原党组成员、副省长杨子兴被提起公诉,https://news.sina.com.cn/c/2025-05-06/doc-inevrenx4603726.shtml,2025-05-06 15:00:00,甘肃省政府原党组成员、副省长杨子兴涉嫌受贿、利用影响力受贿一案，由国家监察委员会调查终结，经最高人民检察院指定，由陕西省渭南市人民检察院审查起诉。近日，渭南市人,
客车撞断大桥护栏坠落致14死，经最高检抗诉施工监理单位终受罚,https://news.sina.com.cn/o/2025-05-06/doc-inevrenz0679822.shtml,2025-05-06 14:54:00,5月6日，最高人民检察院发布第五十八批指导性案例，其中一起涉及安全生产事故行政处罚。在一起重大道路交通事故中，一公路大桥护栏被撞断，客车坠落，导致14人死亡...,
全红婵盛李豪黄雨婷等1011名优秀运动员拟本科保送,https://news.sina.com.cn/c/2025-05-06/doc-inevrepe2266748.shtml,2025-05-06 14:27:00,据体育总局科教司消息，根据教育部、国家体育总局关于高校保送录取优秀运动员有关要求，经相关招生院校、省级体育行政部门、体育总局运动项目管理中心、全国性体育社会组织,
双星鞋业家族内斗？传84岁创始人被儿子儿媳抢公章夺权，公司回应,https://news.sina.com.cn/c/2025-05-06/doc-inevrenx4603587.shtml,2025-05-06 14:14:00,红星资本局5月6日消息，近日，一封疑似由双星创始人、青岛双星名人集团股份有限公司（以下简称“双星名人”或“双星鞋业”）总裁汪海给全体双星鞋服员工的一封公开信在网络上流...,"徐英,鞋业"
2025年3月贵州省查处群众身边腐败和作风问题959起,https://news.sina.com.cn/c/2025-05-06/doc-inevrenx4599026.shtml,2025-05-06 14:00:00,2025年3月贵州省查处群众身边腐败和作风问题959起(截至2025年3月31日)2025年以来，截至3月31日，全省查处群众身边腐败和作风问题情况如下：,"贵州省,腐败"
教练回应赵心童夺冠：他现在是业余球员身份 下个赛季才能恢复,https://news.sina.com.cn/c/2025-05-06/doc-inevrepe2288631.shtml,2025-05-06 13:40:00,5月6日斯诺克世锦赛决赛上，中国选手28岁的赵心童夺得冠军，成为中国首位，也是亚洲首位斯诺克世锦赛冠军。体育节目解说称，赵心童也成为了历史上第一位以业余球员身份...,
“童”话成真，中国台协已表示祝贺！“禁赛期内，赵心童凌晨还对着空球桌比划走位”,https://news.sina.com.cn/c/2025-05-06/doc-inevrepe2252665.shtml,2025-05-06 13:07:00,5月6日凌晨，2025斯诺克世锦赛决赛，中国选手赵心童18比12战胜马克·威廉姆斯夺冠，成为中国首位也是亚洲首位世锦赛冠军，创造了斯诺克运动的历史。（此前报道：,
广州中考政策，定了,https://news.sina.com.cn/c/2025-05-06/doc-inevqyfh2369219.shtml,2025-05-06 12:30:00,来源：中国新闻周刊  近日，广州市教育局发布招生制度改革意见反馈公告，明确拒绝将中考志愿改为平行志愿，引发广泛关注。此前，广东省人大代表...,"录取,中考,分数"
请及时关窗！扬沙浮尘天气要来了,https://news.sina.com.cn/c/2025-05-06/doc-inevqyfc0779584.shtml,2025-05-06 12:19:00,中央气象台5月6日6时继续发布沙尘暴蓝色预警：受冷空气大风影响，预计5月6日8时至7日8时，新疆南疆盆地、甘肃东部、宁夏中部、陕西中部、河南南部和西部、湖北北部...,"沙尘暴,沙尘,安徽省"
离谱！多篇妇产科论文出现男性患者？！,https://news.sina.com.cn/c/2025-05-06/doc-inevrkuy7349562.shtml,2025-05-06 12:10:00,“唯论文”评价机制催生造假，而部分期刊存在“交钱即发”的灰色产业链。文|一一近日，媒体记者在知网查询发现，多篇妇产科领域的论文中出现“男女不分”的情况，在实验对,新冠肺炎
太突然！胖东来官网“已关闭”，工作人员回应,https://news.sina.com.cn/c/2025-05-06/doc-inevqyfc0778587.shtml,2025-05-06 12:04:00,今日，有媒体记者发现，胖东来商贸集团官网显示“已关闭”状态，网页内容清空。媒体致电胖东来方面，对方表示：后台正在维护升级，暂时不对外开放了，此外该工作人员表示...,
A股午评：三大指数集体上涨，可控核聚变、华为欧拉、鸿蒙概念等走强，银行板块走弱,https://news.sina.com.cn/c/2025-05-06/doc-inevqyez4675997.shtml,2025-05-06 11:33:00,5月6日，A股三大指数早盘集体上涨，截至午间收盘，上证指数涨0.94%，深证成指涨1.66%，创业板指涨2%；北证50涨2.77%。沪深两市成交额约8493.0,
“五一”假期1089.6万人次出入境,https://news.sina.com.cn/c/2025-05-06/doc-inevqyez4671432.shtml,2025-05-06 11:04:00,来源：央视网央视网消息：据国家移民管理局微信公众号信息，今年“五一”假期全国边检机关共保障1089.6万人次中外人员出入境，日均217.9万人次，较去年“五一”假期增长28.7%...,"出入境,移民管理局"
合格率整体处于较高水平！市场监管总局通报民用“三表”专项检查结果,https://news.sina.com.cn/c/2025-05-06/doc-inevqyfe7536385.shtml,2025-05-06 11:01:00,来源：央视网央视网消息：据市场监管总局网站信息，近日，市场监管总局印发《2024年民用“三表”计量专项监督检查情况通报》。通报显示，目前全国在用电能表6.6亿只，水表3...,
同比增长28.7% 今年“五一”假期出入境人数达1089.6万人次,https://news.sina.com.cn/c/2025-05-06/doc-inevqtxk2466612.shtml,2025-05-06 11:00:00,据国家移民管理局通报，今年“五一”假期全国边检机关共保障1089.6万人次中外人员出入境，日均217.9万人次，较去年“五一”假期增长28.7%，单日出入境通关,
亚洲首位！赵心童在斯诺克世锦赛夺冠，曾因涉赌球在国内禁赛至今年7月，中国台协回应,https://news.sina.com.cn/c/2025-05-06/doc-inevqyfh2365791.shtml,2025-05-06 10:51:00,5月6日，2025年斯诺克世锦赛决赛中，赵心童强势击败3次世锦赛冠军得主马克·威廉姆斯，成为中国首位，也是亚洲首位斯诺克世锦赛冠军。值得注意的是，赵心童此次是以,
2025年4月国务院国资委网站五大互动热点,https://news.sina.com.cn/c/2025-05-06/doc-inevqtxc4785252.shtml,2025-05-06 10:41:00,2025年4月国务院国资委网站政务咨询栏目部分网友提出的咨询，我们初步做出了认真的回应，现选择五条关注度高、点击量高的问题，再次推荐分享。,
执三色之笔，绘责任新卷,https://news.sina.com.cn/c/2025-05-06/doc-inevqtxc4785280.shtml,2025-05-06 10:40:00,春末夏初，漫步在绿意盎然的阿胶世界工厂园区里，忽闻一阵鹿鸣。 2024年9月22日，吉林省东丰县赠予东阿阿胶的7头梅花鹿跋涉千里来到东阿县。,
创同类型机组世界纪录！我国首座商业重水堆单循环安全运行738天,https://news.sina.com.cn/c/2025-05-06/doc-inevqtxc4785033.shtml,2025-05-06 10:40:00,5月1日，我国首座商业重水堆核电站——中核集团旗下中国核电投资控股的秦山核电三期1号机组与华东电网解列，正式完成本次燃料循环发电任务。,
向节日坚守者致敬,https://news.sina.com.cn/c/2025-05-06/doc-inevqtxk2449460.shtml,2025-05-06 10:16:00,5月4日，电力施工人员在江苏省扬州市江都区武坚镇至江苏省兴化经济开发区的集中式光伏项目配套输电线路上作业。 新华社发（任飞 摄） 5月1日...,五一
廉语清风｜不兴伪事兴务实,https://news.sina.com.cn/c/2025-05-06/doc-inevqtxc4775681.shtml,2025-05-06 10:15:00,东汉思想家荀悦在《申鉴·俗嫌》中提到“在上者不受虚言，不听浮术，不采华名，不兴伪事”，深刻批判虚言、浮术、华名、伪事等现象，倡导“言必有用，术必有典，名必有实...,党员干部
涉企检查不能只“看病”不“开方”,https://news.sina.com.cn/c/2025-05-06/doc-inevqtxk2448700.shtml,2025-05-06 10:15:00,笔者日前在基层调研了解到，一些地方职能单位在开展涉企行政检查时，只列出问题清单，对问题出现的原因分析、整改措施等不予指导，让企业自己想办法整改。,党员干部
春潮涌动看信心丨大银幕激活大市场,https://news.sina.com.cn/c/2025-05-06/doc-inevqtxk2443150.shtml,2025-05-06 10:05:00,据灯塔专业版数据，截至5月5日13时48分，2025年“五一档”（5月1日—5月5日）电影总票房（含预售）破7亿元，《水饺皇后》《猎金·游戏》《幽灵公主》分列档期票房榜前三位……火...,"中国电影,春潮,水饺皇后"
纪检监察机关深挖由风及腐案例资源 多措并举做实警示教育,https://news.sina.com.cn/c/2025-05-06/doc-inevqtxk2439257.shtml,2025-05-06 09:56:00,日前，福建省厦门市党风廉政教育馆“以镜为鉴 反腐强震慑”展厅里，来自该市卫健系统的70余名党员干部在“违反中央八项规定精神典型案例”“职务违法犯罪”等专题展陈前驻足观看...,
镜头丨立夏：风暖昼长 万物并秀,https://news.sina.com.cn/c/2025-05-06/doc-inevqtxc4766557.shtml,2025-05-06 09:52:00,燕子衔春去，薰风带夏来。立夏是夏季的第一个节气，意味着告别春天，因此又称“春尽日”。立夏之时，风暖昼长，微风轻拂，草木繁茂，万物萌发蓬勃向上的生机与活力...,浙江省
“五一”假期国内出游3.14亿人次,https://news.sina.com.cn/c/2025-05-06/doc-inevqtxf0856076.shtml,2025-05-06 09:39:00,2025年“五一”假期，各地推出丰富多彩的旅游产品、文化活动和惠民举措，着力满足群众多元化和个性化需求。据文化和旅游部数据中心测算，假期5天全国国内出游3.14,
A股开盘：三大指数集体高开，可控核聚变概念走强，退税商店等板块走弱,https://news.sina.com.cn/c/2025-05-06/doc-inevqtxk2422959.shtml,2025-05-06 09:27:00,5月6日早间A股开盘，上证指数涨0.49%，深证成指涨0.75%，创业板指涨0.97%，北证50涨1.32%。可控核聚变概念股走强，ST股、退税商店、生物质能发,
淮北烈山：暖心回访 激励“跌倒”干部再出发,https://news.sina.com.cn/c/2025-05-06/doc-inevqtxc4747400.shtml,2025-05-06 09:24:00,“受到处分后，我一度感到十分沮丧，在单位里总觉得抬不起头来，这次暖心回访不仅帮助我彻底解开心结、卸下包袱，还让我重拾了工作信心……”日前...,
实处用力严管“领头雁”,https://news.sina.com.cn/c/2025-05-06/doc-inevqtxc4766127.shtml,2025-05-06 09:20:00,从广州实践看如何提升“一把手”监督质效实处用力严管“领头雁” 广东省广州市纪委监委多措并举，持续强化对“一把手”和领导班子监督。,"区委书记,巡察,番禺区"
中国首位、亚洲首位！创造历史的赵心童是谁？,https://news.sina.com.cn/c/2025-05-06/doc-inevqtxk2412922.shtml,2025-05-06 09:14:00,来源：橙柿互动 北京时间5月6日，斯诺克世锦赛决赛第四阶段比赛结束，中国选手赵心童总比分18比12战胜马克・威廉姆斯夺得冠军，成为中国首位...,
新华社权威快报｜繁荣活跃！“五一”假期全国重点零售和餐饮企业销售额同比增长6.3%,https://news.sina.com.cn/c/2025-05-06/doc-inevqtxc4739000.shtml,2025-05-06 09:13:00,记者5月5日从商务部获悉，2025年“五一”假期，全国消费市场繁荣活跃。据商务部商务大数据监测，假期全国重点零售和餐饮企业销售额同比增长6.3%。以旧换新备受欢,
【中央纪委国家监委网站】以大数据信息化赋能基层监督,https://news.sina.com.cn/c/2025-05-06/doc-inevqtxh7620983.shtml,2025-05-06 09:13:00,广西壮族自治区桂林市纪委监委以大数据信息化赋能正风反腐，运用监督平台预警，筛查工程项目领域问题线索，持续深化整治工程建设领域突出问题。,"信息化,中央纪委"
多地以文促旅出新招 “文旅+”新玩法点亮“假日经济”,https://news.sina.com.cn/c/2025-05-06/doc-inevqtxh7611498.shtml,2025-05-06 09:08:00,央视网消息：这个“五一”假期，从文化地标到山水秘境，从城市漫步到乡村度假，文旅消费“热力值”持续攀升。传统景区和各具特色的城镇、乡村纷纷推出创新项目...,
致敬奋斗者｜不为繁华易匠心，他们用责任和敬业书写工匠答卷,https://news.sina.com.cn/c/2025-05-06/doc-inevqtxh7610359.shtml,2025-05-06 09:04:00,央视网消息（焦点访谈）：匠心聚，百业兴。时代发展，需要大国工匠；迈向新征程，需要大力弘扬工匠精神。习近平总书记深刻阐释工匠精神的科学内涵：执着专注、精益求精...,
中国石化：让党建考评“指挥棒”更加精准有力,https://news.sina.com.cn/c/2025-05-06/doc-inevqpri0965095.shtml,2025-05-06 09:01:00,近日，2024年度中国石化直属单位党建考评结果落定。结果显示，各单位党委践行“两个维护”的政治自觉持续增强，服务高质量发展效能持续提升，全面从严治党综合效能持续释放...,"党建,中国石化"
28岁赵心童获得中国首个斯诺克世锦赛冠军！从资格赛杀出，连斩奥沙利文等名将，一战创下多个历史！,https://news.sina.com.cn/c/2025-05-06/doc-inevqazs2756473.shtml,2025-05-06 09:00:00,北京时间5月6日凌晨，在英国谢菲尔德举行的2025年斯诺克世锦赛上，赵心童以18：12的比分战胜马克·威廉姆斯，夺得中国首个斯诺克世锦赛冠军。,"赵心童,斯诺克世锦赛,世锦赛"
方圆谈丨涉企检查不能只“看病”不“开方”,https://news.sina.com.cn/c/2025-05-06/doc-inevqtxc4734330.shtml,2025-05-06 08:55:00,笔者日前在基层调研了解到，一些地方职能单位在开展涉企行政检查时，只列出问题清单，对问题出现的原因分析、整改措施等不予指导，让企业自己想办法整改。,方圆
中远海运护航全球最大电网侧储能项目首批柜体出海,https://news.sina.com.cn/c/2025-05-06/doc-inevqprk7736748.shtml,2025-05-06 08:50:00,近日，中国远洋海运“大翠云”轮装载着12.5GWh全球最大电网侧储能项目首船120台45吨级比亚迪储能柜，从广西北部湾港钦州港区顺利启运奔赴沙特达曼项目地...,"中远海运,海运,电网"
中国中化科技助力粮食单产提升,https://news.sina.com.cn/c/2025-05-06/doc-inevqpri0960496.shtml,2025-05-06 08:42:00,近日，在内蒙古自治区鄂尔多斯市达拉特旗，春玉米播种正有序展开。田间地头，带有北斗导航的农机正在精准作业，滴灌带如毛细血管般密布田野...,中国
三峡集团主旋“绿”的N种打开方式：藏在长江边的创新密码,https://news.sina.com.cn/c/2025-05-06/doc-inevqprn2530152.shtml,2025-05-06 08:41:00,湖北宜昌三峡人家风景区，非物质文化遗产三峡号子回荡山水间；峡江主航道上，国内首艘以氢燃料为动力的“三峡氢舟1”扬帆起航；江畔，生态岸线、廊道串联点缀...,"长江,安徽省,九江市"
中国民航第79个通航国家，南航首飞！,https://news.sina.com.cn/c/2025-05-06/doc-inevqprk7734852.shtml,2025-05-06 08:41:00,4月29日，中国南方航空首飞广州经莫尔兹比港至瓦努阿图首都维拉港的客运航班，实现了中国内地至南太平洋岛国瓦努阿图的首次试运行...,中国
全球首套8兆瓦智能刮板输送机获国家认证正式上市,https://news.sina.com.cn/c/2025-05-06/doc-inevqprn2529661.shtml,2025-05-06 08:40:00,日前，中国中煤所属张煤机公司自主研发的全球首套8兆瓦超长运距 SGZ1400/8000 型智能刮板输送机，成功取得国家矿用产品安全标志证书，具备入市资格...,"智能,中煤"
中国石油2025年第一季度实现高质量“开门红”,https://news.sina.com.cn/c/2025-05-06/doc-inevqprn2529546.shtml,2025-05-06 08:40:00,4月29日，中国石油天然气股份有限公司宣布，2025年一季度，公司积极应对宏观形势、油气价格、供求关系变化，统筹推进生产经营、提质增效、改革创新、绿色低碳转型...,"中国石油,转型升级,天然气"
大银幕激活大市场,https://news.sina.com.cn/c/2025-05-06/doc-inevqprk7732564.shtml,2025-05-06 08:30:00,据灯塔专业版数据，截至5月5日13时48分，2025年“五一档”（5月1日—5月5日）电影总票房（含预售）破7亿元，《水饺皇后》《猎金•游戏》《幽灵公主》分列档期票房榜前三位……火...,水饺皇后
特稿｜引领睦邻友好合作 捍卫国际公平正义——俄罗斯各界热切期待习近平主席对俄进行国事访问并出席纪念苏联伟大卫国战争胜利80周年庆,https://news.sina.com.cn/c/xl/2025-05-06/doc-inevqpri0956467.shtml,2025-05-06 08:29:00,新华社莫斯科5月5日电（记者黄河 刘恺 江宥林）应俄罗斯联邦总统普京邀请，国家主席习近平将于5月7日至10日对俄罗斯进行国事访问并出席在莫斯科举行的纪念苏联伟大,
清风为伴产业兴 | “鲜花经济”托起幸福生活,https://news.sina.com.cn/c/2025-05-06/doc-inevqprk7729895.shtml,2025-05-06 08:25:00,初夏的云南丽江，温暖的阳光透过敞亮的大棚，映照在一垄垄整齐划一的玫瑰上。几位花匠正穿梭在大棚内，忙着给玫瑰修枝打杈。,玫瑰
群众工作札记 | 让工程项目在阳光下运行,https://news.sina.com.cn/c/2025-05-06/doc-inevqprk7732783.shtml,2025-05-06 08:25:00,近日，尤溪县农村产权交易中心平台竞价大厅，经过多轮激烈竞价，坂面镇后吉自然村老人活动中心项目最终以28.2万元的价格成功成交，较预算节约资金3.1万元。,"工程项目,农村"
以大数据信息化赋能基层监督,https://news.sina.com.cn/c/2025-05-06/doc-inevqprn2527897.shtml,2025-05-06 08:25:00,广西壮族自治区桂林市纪委监委以大数据信息化赋能正风反腐，运用监督平台预警，筛查工程项目领域问题线索，持续深化整治工程建设领域突出问题。,信息化
兰州：信息技术赋能监督办案,https://news.sina.com.cn/c/2025-05-06/doc-inevqprn2525821.shtml,2025-05-06 08:24:00,近日，兰州市纪委监委举办“纪检监察大讲堂”活动，邀请专家围绕“人工智能发展及在纪检监察工作中的应用”开展专题培训，以更高站位...,"信息化,纪检监察,兰州市"
加大对新能源发电消纳力度 下个月起江苏优化工商业分时电价,https://news.sina.com.cn/c/2025-05-06/doc-inevqprf4844956.shtml,2025-05-06 07:34:00,我省近日印发《关于优化工商业分时电价结构促进新能源消纳降低企业用电成本支持经济社会发展的通知》。通知明确，扩大分时电价执行范围...,江苏省
“五一”假期全省公水铁运行平稳有序,https://news.sina.com.cn/c/2025-05-06/doc-inevqprn2518292.shtml,2025-05-06 07:34:00,省交通运输厅统计数据显示，5月1日至5日，预计全省公路水路共发送旅客约620万人次，较2024年同期增长约3.2%。此外，江苏铁路累计共发送旅客700万人次，日均140万人次...,执法部门
实处用力严管“领头雁”,https://news.sina.com.cn/c/2025-05-06/doc-inevqprn2519817.shtml,2025-05-06 07:30:00,广东省广州市纪委监委多措并举，持续强化对“一把手”和领导班子监督。 该市市委巡察干部在对村巡察后开展实地走访，聚焦“百千万工程”等重大任务抓实巡察整改...,"区委书记,巡察,番禺区"
沙尘暴蓝色预警！新疆、陕西、河南等地有扬沙或浮尘,https://news.sina.com.cn/c/2025-05-06/doc-inevqpri0955094.shtml,2025-05-06 07:28:00,来源：央视网央视网消息：中央气象台5月6日6时继续发布沙尘暴蓝色预警。 受冷空气大风影响，预计5月6日08时至7日08时，新疆南疆盆地、甘肃东部、宁夏中部、陕西中部...,"沙尘暴,陕西省,新疆"
锲而不舍抓好麦田管理 全力以赴确保夏粮丰收,https://news.sina.com.cn/c/2025-05-06/doc-inevqpri0945507.shtml,2025-05-06 07:19:00,5月5日，副省长李酌到安阳市、鹤壁市调研抗旱浇麦、“一喷三防”和小麦后期田间管理等工作。 李酌先后来到滑县小铺镇董村、枣村乡西徐营村，浚县30万亩高标准农田示范方...,
莫用公款“潇洒走一回”（金台潮声·作风建设系列谈⑥）,https://news.sina.com.cn/c/2025-05-06/doc-inevqprf4846648.shtml,2025-05-06 07:12:00,日前，中央纪委国家监委公开通报10起违反中央八项规定精神典型问题，其中包括朵某生以考察学习为名组织公款旅游等问题，这释放出对公款旅游露头就打、一严到底的强烈信号。,党员干部
方圆谈 | 涉企检查不能只“看病”不“开方”,https://news.sina.com.cn/c/2025-05-06/doc-inevqprf4843716.shtml,2025-05-06 07:02:00,笔者日前在基层调研了解到，一些地方职能单位在开展涉企行政检查时，只列出问题清单，对问题出现的原因分析、整改措施等不予指导，让企业自己想办法整改。,方圆
廉语清风丨不兴伪事兴务实,https://news.sina.com.cn/c/2025-05-06/doc-inevqprf4843825.shtml,2025-05-06 07:01:00,东汉思想家荀悦在《申鉴·俗嫌》中提到“在上者不受虚言，不听浮术，不采华名，不兴伪事”，深刻批判虚言、浮术、华名、伪事等现象，倡导“言必有用，术必有典，名必有实...,党员干部
画里有话丨向节日坚守者致敬,https://news.sina.com.cn/c/2025-05-06/doc-inevqprn2517218.shtml,2025-05-06 07:01:00,5月4日，电力施工人员在江苏省扬州市江都区武坚镇至江苏省兴化经济开发区的集中式光伏项目配套输电线路上作业。 新华社发(任飞 摄),五一
早间播报【2025年5月6日】,https://news.sina.com.cn/c/2025-05-06/doc-inevqiim1071604.shtml,2025-05-06 06:20:00,● 今天出版的中国纪检监察报头版报道了各地纪检监察机关教育引导领导干部守住亲情关，筑牢拒腐防变家庭防线的相关举措。,"中国纪检监察报,纪检监察,安徽省"
赵心童以外卡球员身份夺冠，获483万元奖金,https://news.sina.com.cn/c/2025-05-06/doc-inevrepe2290185.shtml,2025-05-06 03:37:00,2025斯诺克世锦赛决赛，中国球员赵心童以总比分18比12击败马克·威廉姆斯，成为首位获得斯诺克世锦赛冠军的中国球员！ 本届赛事总奖金为2395000英镑...,
贵州毕节黔西市游船倾覆事故搜救工作结束 善后处置工作仍在进行中,https://news.sina.com.cn/c/2025-05-06/doc-inevpwtp5188452.shtml,2025-05-05 23:53:00,5月4日16时40分许，贵州毕节黔西市新仁乡乌江百里画廊景区六广河水域遭遇突发大风发生游船倾覆事故，造成4艘船倾覆、84人落水。,"贵州省,游船,救援"
拿到赛点！斯诺克世锦赛决赛 赵心童总比分17比8领先威廉姆斯,https://news.sina.com.cn/c/2025-05-05/doc-inevpsmt1396987.shtml,2025-05-05 22:41:00,2025斯诺克世锦赛决赛，中国球员赵心童再赢6局，总比分17比8领先马克·威廉姆斯，结束第三阶段。 斯诺克世锦赛决赛采用35局18胜的赛制，分四个阶段（8/9/8/10）。,
国家医保局：助力“生育梦” 辅助生殖进医保已惠及超100万人次,https://news.sina.com.cn/c/2025-05-05/doc-inevpsmw2991941.shtml,2025-05-05 22:00:00,来源：央视网央视网消息：据国家医保局，为促进人口长期均衡发展，落实积极生育支持措施。近年来，国家医保局持续指导地方将原来费用难以企及的治疗性辅助生殖技术纳入医保...,"生育,国家医保局,医保"
中国是时候和特朗普谈关税了吗？,https://news.sina.com.cn/c/2025-05-05/doc-inevpncw8287792.shtml,2025-05-05 20:50:00,来源：直新闻 直新闻：特朗普最新表示，愿意“某个时候”降低对中国商品加征的关税，中方也透露对美方多次接触寻求与中国进行关税谈判进行评估...,
返程高峰来临！河南省内多条高速车流量大,https://news.sina.com.cn/c/2025-05-05/doc-inevpnct5421128.shtml,2025-05-05 20:35:00,记者从河南省高速公路路警联合指挥中心了解到，截至5月5日19时00分， 1.因车流量大，通行缓慢的路段有： 盐洛高速许昌段K696-K699南半幅西向东方向...,"高速公路,高速,许昌市"
第一观察 | 总书记青春寄语滋润心田,https://news.sina.com.cn/c/xl/2025-05-05/doc-inevpnct5417173.shtml,2025-05-05 20:21:00,“到祖国和人民最需要的地方发光发热，为中国式现代化建设贡献青春力量。”五四青年节前夕，习近平总书记寄语广大青年。殷殷期望，情真意切。,
“总书记的回信如同一束光，照亮我们未来的路”,https://news.sina.com.cn/c/xl/2025-05-05/doc-inevpncr5981416.shtml,2025-05-05 20:20:00,近日，谢依特小学戍边支教西部计划志愿者服务队队员给习近平总书记写信，汇报戍边支教的情况和体会，表达扎根西部、服务边疆的决心。,
追光的你｜青年强则国强,https://news.sina.com.cn/c/xl/2025-05-05/doc-inevpncw8281461.shtml,2025-05-05 20:20:00,习近平总书记强调：“青年人有理想、敢担当、能吃苦、肯奋斗，中国青年才会有力量，党和国家事业发展才能充满希望。”70多年来，人民共和国发生沧桑巨变。,
多地出“实招” 推动民营经济高质量发展稳步前行,https://news.sina.com.cn/c/2025-05-06/doc-inevqtxk2414320.shtml,2025-05-05 20:08:00,FlashPlayer插件未安装安装插件，如果已经安装请检查是否被禁用undefinedundefined今年以来，一系列促进民营经济发展的政策措施密集出台，落,
贵州：教训十分深刻，令人非常痛心,https://news.sina.com.cn/c/2025-05-05/doc-inevpncr5983020.shtml,2025-05-05 20:02:00,《贵州新闻联播》消息，5月5日，全省安全生产电视电话会议在贵阳召开，传达学习贯彻习近平总书记对毕节市黔西市游船倾覆事故作出的重要指示精神，落实李强总理批示要求...,
10人不幸遇难，深刻汲取游船倾覆事故教训，三部门表态！,https://news.sina.com.cn/c/2025-05-05/doc-inevpncv1502480.shtml,2025-05-05 19:43:00,据新华社报道，5月4日16时40分许，贵州毕节黔西市新仁乡乌江百里画廊景区六广河水域遭遇突发大风发生游船倾覆事故。事故共造成84人落水，其中，10人不幸遇难...,
张国清赶赴贵州毕节黔西市指导游船倾覆事故应急救援救治工作时强调 全力做好应急救援救治各项工作 举一反三落实安全生产责任措施,https://news.sina.com.cn/c/xl/2025-05-05/doc-inevpncw8275729.shtml,2025-05-05 19:36:00,新华社贵阳5月5日电 根据习近平总书记重要指示和李强总理要求，中共中央政治局委员、国务院副总理张国清率有关部门负责同志于4日晚赶赴贵州毕节黔西市指导游船倾覆事故应急...,
繁荣活跃！“五一”假期全国重点零售和餐饮企业销售额同比增长6.3%,https://news.sina.com.cn/c/2025-05-05/doc-inevpncw8274568.shtml,2025-05-05 19:28:00,记者5月5日从商务部获悉，2025年“五一”假期，全国消费市场繁荣活跃。据商务部商务大数据监测，假期全国重点零售和餐饮企业销售额同比增长6.3%。,
“五一”假期预计全社会跨区域人员流动量累计14.67亿人次,https://news.sina.com.cn/c/2025-05-06/doc-inevqpri0965500.shtml,2025-05-05 19:18:00,央视新闻客户端消息（新闻联播）：记者从交通运输部了解到，今天（5月5日）预计全社会跨区域人员流动量超2.6亿人次，同比增长13%。从5月1日到5月5日，预计全社,
【在希望的田野上】夏粮进入产量形成关键期 春播迎来高峰,https://news.sina.com.cn/c/2025-05-06/doc-inevqtxh7615600.shtml,2025-05-05 19:17:00,央视新闻客户端消息（新闻联播）：今天（5月5日）是二十四节气的立夏，夏季粮油的主要作物冬小麦进入灌浆期，冬油菜开始收获，玉米、水稻等作物春播进入高峰。眼下，黄淮,
【锲而不舍落实中央八项规定精神】走在前 作表率 中央和国家机关推动学习教育取得扎实成效,https://news.sina.com.cn/c/xl/2025-05-06/doc-inevqtxk2410331.shtml,2025-05-05 19:14:00,央视新闻客户端消息（新闻联播）：深入贯彻中央八项规定精神学习教育开展以来，中央和国家机关各单位坚持走在前、作表率，一体推进学查改，推动学习教育取得扎实成效。全国,
大涨！巴菲特对美元罕见“警告”后，金价重拾升势！五一期间有游客拖着行李箱“扫货”,https://news.sina.com.cn/c/2025-05-05/doc-inevpfvt6101796.shtml,2025-05-05 19:14:00,近日，在关税政策扰动下，黄金价格大幅波动，成为市场的焦点。黄金价格不断刷新历史纪录，上海期货交易所的黄金期货单日成交额也突破一万亿元，创出了历史新高。,
台湾花莲县海域发生5.7级地震，震源深度15千米,https://news.sina.com.cn/c/2025-05-05/doc-inevpncw8274886.shtml,2025-05-05 19:06:00,来源：央视网央视网消息：中国地震台网正式测定：5月5日18时53分在台湾花莲县海域（北纬23.87度，东经121.94度）发生5.7级地震，震源深度15千米。,"台湾省,地震,震源深度"
“台湾大难当头，赖清德还在静悄悄……”,https://news.sina.com.cn/c/2025-05-05/doc-inevpsmw2984528.shtml,2025-05-05 18:36:00,来源：台海网  “这不是战略布局，而是未战先送、未战先降……” 中国国民党主席朱立伦上周在中常会上变身“朱教授”，分析经济局势，提醒美元兑新台币恐贬破30元...,
大市场 大活力丨在大湾区“追风”是什么体验？一起解锁骑行的浪漫吧,https://news.sina.com.cn/c/2025-05-06/doc-inevqtxh7624086.shtml,2025-05-05 18:27:00,FlashPlayer插件未安装安装插件，如果已经安装请检查是否被禁用undefinedundefined这个春天，骑行热潮正席卷而来，数据显示，中国骑行爱好者,
雷军职务调整，由执行董事改任董事,https://news.sina.com.cn/c/2025-05-05/doc-inevpfvy8396784.shtml,2025-05-05 18:00:00,来源：中国新闻周刊  根据天眼查App显示，近日，小米之家商业有限公司发生工商变更，雷军由执行董事改任董事，同时经营范围新增智能家庭消费设备销售、美发饰品销售。,
《哪吒2》总票房破158亿 即将超越《泰坦尼克号》,https://news.sina.com.cn/c/2025-05-06/doc-inevpfvt6087622.shtml,2025-05-05 17:57:00,据网络平台数据，截至5月5日，电影《哪吒之魔童闹海》总票房（包含港澳台和海外票房）已突破158亿，排名全球影史票房第5，即将超越《泰坦尼克号》。,"哪吒2,泰坦尼克号,票房"
哪吒汽车APP和官网已恢复正常  知情人士：之前断网因流量欠费，假期无人看管,https://news.sina.com.cn/c/2025-05-05/doc-inevpfvt6080775.shtml,2025-05-05 17:10:00,每经记者 李星每经实习编辑 余婷婷 5月4日，多位哪吒车主在社交平台发布消息称，从5月2日开始，他们都遇到了哪吒汽车App断网、车辆远程操控功能无法使用等问题。,
央行行长潘功胜：呼吁区域国家团结一致应对美关税冲击,https://news.sina.com.cn/c/2025-05-05/doc-inevpfvv5521194.shtml,2025-05-05 17:07:00,5月4日至5日，中国人民银行行长潘功胜率团赴意大利米兰出席东盟与中日韩（10+3）财长和央行行长会，并作为10+3财金合作机制联合主席主持相关讨论...,
怀柔喇叭沟门乡四道穴村，16点10分开始下冰雹，直径大约2公分,https://news.sina.com.cn/c/2025-05-05/doc-inevnzpz1732708.shtml,2025-05-05 16:29:00,来源：气象北京  怀柔喇叭沟门乡四道穴村，16点10分开始下冰雹，直径大约2公分。预计当前至前半夜我市有分散性雷阵雨或阵雨，傍晚伴有雷电，雨量分布不均，山区局地有6...,
坏消息：明天上班！好消息：再上19天班又放假了！不调休！,https://news.sina.com.cn/c/2025-05-05/doc-inevnzpv6199688.shtml,2025-05-05 16:24:00,今天是 “五一”假期最后一天 是不是很舍不得？ 别急！ 5月底还有法定节假日！ 依据国务院办公厅《关于2025年部分节假日安排的通知》 端午节放假安排如下...,
一习话丨“用青春的智慧和汗水打拼出一个更加美好的中国”,https://news.sina.com.cn/c/xl/2025-05-05/doc-inevnzpx5632229.shtml,2025-05-05 16:13:00,青年是国家的希望、民族的未来。 党的十八大以来，习近平总书记高度重视青年工作，关心青年成长成才，推动青年发展事业实现全方位进步、取得历史性成就。,
追光的你｜青春赞歌,https://news.sina.com.cn/c/2025-05-05/doc-inevnzpx5631587.shtml,2025-05-05 16:10:00,青春是什么模样？ 有人把希望种进大山深处 有人把论文写在阡陌之间 有人在湛蓝天幕上描摹白云 有人在漫漫黄沙中铺开新绿 有人仰望星空 有人扎根雪原 有人心怀大爱...,
“国补”引燃五一手机促销战：前三天“冲量”，有华为门店直降千元,https://news.sina.com.cn/c/2025-05-05/doc-inevnzpx5635496.shtml,2025-05-05 16:07:00,来源：时代财经 五一黄金周期间，“国补”政策持续刺激消费电子市场增长。 5月3日-4日，时代财经走访了线下多家手机销售门店发现，关于“国补”“以旧换新”相关规则仍摆放在门店...,
水利部：深刻汲取教训、举一反三,https://news.sina.com.cn/c/2025-05-05/doc-inevnzpv6195611.shtml,2025-05-05 16:02:00,水利部网站消息，5月5日上午，水利部党组书记、部长李国英主持召开党组会议，深入学习习近平总书记对贵州毕节市黔西市游船倾覆事故作出的重要指示精神...,
【读方志 游中国】茶马蹄痕绣古道 云霞霓影系天涯,https://news.sina.com.cn/c/2025-05-05/doc-inevnzpx5624354.shtml,2025-05-05 15:32:00,这里 是南方丝绸之路的重要路段 商队驮着云南的盐茶 与铜银翻越横断山脉 又携着异域的香料 与器物归来 卷帙浩繁的方志中 勾勒了南方丝绸之路的经纬 也记录了滇人开山凿路 ...,
少年儿童出版社原社长、总编辑周晴去世，年仅57岁！曾出版《大头儿子和小头爸爸全集》,https://news.sina.com.cn/c/2025-05-05/doc-inevnzpv6188648.shtml,2025-05-05 15:25:00,5月5日，据“上海作家”微信公众号消息：著名儿童文学作家、出版人、编审周晴因病医治无效，于2025年5月2日在上海市中山医院病逝，享年57周岁。,上海市
南京一医院涉嫌违规提供试管婴儿服务，卫健委回应,https://news.sina.com.cn/c/2025-05-05/doc-inevnvfx6307875.shtml,2025-05-05 14:19:00,近日，有媒体报道了南京一家医院违规为单身女性做试管婴儿，记者采访了秦淮区卫健委。秦淮区卫健委相关负责人表示，5月4日晚，秦淮区卫健委发现“南京南泰中西医结合医院,新冠肺炎
贵州黔西游船倾覆事故最后1名失联人员已找到 共10人遇难,https://news.sina.com.cn/c/2025-05-05/doc-inevnvfx6304607.shtml,2025-05-05 14:04:00,新华社贵阳5月5日电（记者李凡）记者从贵州黔西市游船倾覆事故救援现场指挥部获悉，5日12时45分，最后1名失联人员已找到，但已无生命体征。事故共造成10人遇难。,
人民币大涨！港元也在涨，新台币连续两天暴拉超8%，发生了什么？,https://news.sina.com.cn/c/2025-05-05/doc-inevnvhc1839821.shtml,2025-05-05 13:54:00,“五一”期间，离岸人民币汇率持续大幅上涨，5月2日涨幅超过600个基点。 今天（5月5日）开盘，人民币继续升值，截至10:31，离岸人民币对美元升破7.20关口...,"美元,离岸人民币,对冲基金"
2025五一档电影票房破7亿 《水饺皇后》《猎金·游戏》《幽灵公主》暂列前三名,https://news.sina.com.cn/c/2025-05-05/doc-inevnvhc1840681.shtml,2025-05-05 13:51:00,据网络平台数据，截至5月5日13时48分，2025年五一档（5月1日-5月5日）档期内总票房突破7亿，影片《水饺皇后》《猎金·游戏》《幽灵公主》暂列前三名。,"档期,幽灵公主"
云南禄丰一尾矿干堆场坍塌致5人被埋,https://news.sina.com.cn/c/2025-05-05/doc-inevnvhc1838061.shtml,2025-05-05 13:45:00,新华社昆明5月5日电 记者从云南省有关部门了解到，5日上午，楚雄州禄丰市一尾矿干堆场坍塌，导致5人被埋。目前，当地正全力搜救被埋人员。,
你准备好了吗？夏天来了,https://news.sina.com.cn/c/2025-05-05/doc-inevnvfu4726441.shtml,2025-05-05 13:25:00,来源：北京昌平 [你准备好了吗？#夏天来了#]今天13点56分57秒，二十四节气正式开启盛夏篇章！蝼蝈鸣、蚯蚓出、王瓜生，万物进入疯长期~你准备好迎接：冰镇西瓜的脆甜...,
节气里的大美中国  让我们一起走进平谷的山水林间,https://news.sina.com.cn/c/2025-05-05/doc-inevnvfz5733799.shtml,2025-05-05 13:24:00,来源：北京平谷 #节气中的京味非遗##节气里的大美中国#时至立夏，万物繁茂。平谷在用二十四节气的密码讲述万物生长的史诗——山打了个哈欠，水伸了个懒腰...,
走！去郊野解锁立夏“新玩法”,https://news.sina.com.cn/c/2025-05-05/doc-inevnvfz5732921.shtml,2025-05-05 13:18:00,来源：京彩无限 #节气里的大美北京# [走！去郊野解锁立夏“新玩法”]“夏浅胜春最可人”，在这个充满生机与活力的立夏，旅游博主@大鼓楼 邀您前往北京大兴，寻花果飘香...,
贵州黔西市游船倾覆事故最后一名失联人员被找到,https://news.sina.com.cn/zx/2025-05-05/doc-inevnvfx6294547.shtml,2025-05-05 12:59:00,总台央视记者今天从贵州黔西市游船倾覆事故救援现场了解到，经救援人员搜救，北京时间5日中午12时35分许，最后一名失联人员被救援人员发现并捞起，但已无生命体征。（,
关税战之下，“买全球卖全球”的义乌冷清了吗？,https://news.sina.com.cn/c/2025-05-06/doc-inevqprf4854079.shtml,2025-05-05 12:39:00,近期，美国政府以“对等关税”之名行贸易霸凌之实将全球推向“关税冷战”关税战之下被称为“世界超市”的浙江义乌冷清了吗？跟着总台记者一起探访👇“不把鸡蛋放在同一个篮,
一见·历史交汇点，展望习主席俄罗斯之行,https://news.sina.com.cn/c/xl/2025-05-06/doc-inevqprk7729419.shtml,2025-05-05 12:35:00,点击查看原图5月4日，习近平主席将对俄罗斯进行国事访问并出席纪念苏联伟大卫国战争胜利80周年庆典的消息发布。距北京约5800公里的莫斯科红场上空，《喀秋莎》与《,
贵州黔西游船倾覆事故70名落水人员在院救治 均为轻伤,https://news.sina.com.cn/zx/2025-05-05/doc-inevnvfz5726301.shtml,2025-05-05 12:27:00,目前，贵州毕节黔西市游船倾覆事故搜救出来的70人还在医院救治，均为轻伤，当地已组建救治团队，全力救治伤员。FlashPlayer插件未安装安装插件，如果已经安装,
最新！中国等13国联合发声,https://news.sina.com.cn/c/2025-05-05/doc-inevnqxw4847727.shtml,2025-05-05 12:15:00,据《日本经济新闻》5月5日报道，第28届东盟与中日韩（10+3）财长和央行行长会议4日在意大利米兰举行。会议发表联合声明说，“贸易保护主义加剧将成为全球贸易的重负...,"东盟,中国,意大利米兰"
解放军仪仗司礼大队仪仗分队参加纪念苏联伟大卫国战争胜利80周年阅兵活动,https://news.sina.com.cn/c/2025-05-05/doc-inevnqyc5841512.shtml,2025-05-05 11:23:00,应俄罗斯、白俄罗斯国防部邀请，5月9日，中国人民解放军仪仗司礼大队仪仗分队将分别参加在莫斯科、明斯克举行的纪念苏联伟大卫国战争胜利80周年阅兵活动。,
五一上海楼市热闹开局：售楼处全员到岗，热门楼盘连续触发积分,https://news.sina.com.cn/c/2025-05-05/doc-inevnqxz6403985.shtml,2025-05-05 11:10:00,今年五一假期，沪上多个热门楼盘表现亮眼。翡雲悦府、西派海上等多个热门项目接连触发限售及积分制，绿城潮鸣东方、安高申陇院等触发限售。,"房源,平方米,购房者"
山西省气象台发布霜冻蓝色预警,https://news.sina.com.cn/c/2025-05-05/doc-inevnqxz6408500.shtml,2025-05-05 11:00:00,来源：央视网 央视网消息：据中央气象台网站信息，山西省气象台2025年05月05日11时00分变更霜冻蓝色预警，预警区域：忻州、朔州、大同、太原、吕梁等地的部分地区。,"霜冻,中央气象台"
交通局回应“游船侧翻9死1失联事故”：日常有执法检查等方式监管安全，曾发出天气预警,https://news.sina.com.cn/c/2025-05-05/doc-inevnqxy1606950.shtml,2025-05-05 10:40:00,极目新闻记者刘孝斌据新华社消息，5月4日16时40分许，贵州毕节黔西市新仁乡乌江百里画廊景区六广河水域遭遇突发大风发生游船倾覆事故。根据目前排查核实情况，此次事,
上海欢乐谷景区突然起火！游客称“以为是表演特效” ，景区通报,https://news.sina.com.cn/c/2025-05-05/doc-inevnksf5954171.shtml,2025-05-05 09:52:00,封面新闻记者陈彦霏 5月3日晚上7点左右，上海欢乐谷景区突然失火。不少网友发视频称“以为是表演特效，没想到是真的。” 5月4日，记者联系上其中一名网友王先生（化名）...,"上海市,景区,起火"
贵州省黔西市发生游船侧翻事故 目击者称有人没穿救生衣,https://news.sina.com.cn/c/2025-05-05/doc-inevnqxy1605196.shtml,2025-05-05 09:34:00,【#游船侧翻事故目击者称有人没穿救生衣#】#多支救援力量正搜救游船侧翻落水者#据央视新闻消息，贵州省黔西市新仁苗族乡六冲河东风库区附近发生载人游船侧翻事故。5月,
让历史照鉴未来——写在习近平主席访问俄罗斯并出席纪念苏联伟大卫国战争胜利80周年庆典之际,https://news.sina.com.cn/c/xl/2025-05-05/doc-inevnksa1722791.shtml,2025-05-05 09:27:00,5月的莫斯科，万物勃发，生机盎然。应俄罗斯联邦总统普京邀请，国家主席习近平将于5月7日至10日对俄罗斯进行国事访问并出席在莫斯科举行的纪念苏联伟大卫国战争胜利8,
全力搜救救治 狠抓工作落实——各地各部门贯彻落实习近平总书记重要指示精神坚决防范遏制重特大事故发生,https://news.sina.com.cn/c/xl/2025-05-05/doc-inevnksc6510486.shtml,2025-05-05 09:24:00,新华社北京5月4日电 题：全力搜救救治狠抓工作落实——各地各部门贯彻落实习近平总书记重要指示精神坚决防范遏制重特大事故发生新华社记者5月4日16时40分许，贵州,
片区协作添动能,https://news.sina.com.cn/c/2025-05-05/doc-inevnksc6501823.shtml,2025-05-05 08:35:00,“关于这个系列窝案，我们已将3个涉嫌职务犯罪案件移送司法机关，其余7名工作人员违纪违法案件正在查办中。”日前，上海市松江区纪委监委第一片区协作组业务交流会上...,"纪检,纪检监察"
节气里的大美中国-立夏,https://news.sina.com.cn/c/2025-05-05/doc-inevnksa1714325.shtml,2025-05-05 08:33:00,#节气中的京味非遗##节气里的大美中国#5月5日13点57分，我们将迎来立夏节气。盛夏始建，万物繁茂。在立夏，人们素有喝粥的传统习俗。一碗立夏粥，熬煮着左邻右舍,
甘南州纪委监委通报3起党员和公职人员酒驾醉驾典型问题,https://news.sina.com.cn/c/2025-05-06/doc-inevqprn2511210.shtml,2025-05-05 08:30:00,1.甘南州公安局特警支队原三级警长切江才让醉酒驾驶机动车问题。2023年12月13日，切江才让醉酒后驾驶机动车发生交通事故，被公安机关查获。,"甘南州,机动车,公安机关"
苏杯登顶看到老将新人冲劲，国羽用冠军为奥运新周期开好头,https://news.sina.com.cn/c/2025-05-05/doc-inevnkry4939201.shtml,2025-05-05 08:30:00,又一届苏迪曼杯，中国观众又一次见证了最圆满的结果。5月4日，国羽在厦门举行的苏迪曼杯团体赛决赛击败韩国队，成功登上巅峰。,"国羽,苏杯,奥运"
在海拔3980米驻守：“全国先进工作者”刘鹏与洛戈梁子警务站的9年,https://news.sina.com.cn/c/2025-05-05/doc-inevnksc6497224.shtml,2025-05-05 08:19:00,四川省甘孜县，海拔3980米的洛戈梁子警务站，如灯塔一般，常年闪耀在国道317线上。坚守警务站的公安民警刘鹏9年如一日守护在这里，为过往旅客和乡民服务。,"刘鹏,四川省,旅客"
【8点见】国防部回应日民用飞机侵闯钓鱼岛领空,https://news.sina.com.cn/c/2025-05-05/doc-inevnksc6495219.shtml,2025-05-05 08:04:00,来源：央视网央视网消息：每天8点，央视网为您梳理24小时内发生在咱们身边的大小事儿。·国防部回应日民用飞机侵闯钓鱼岛领空：中方坚定维护国家领土主权海洋权益。,民用飞机
长图丨立夏：夏藏风华 廉以修心,https://news.sina.com.cn/c/2025-05-05/doc-inevnekf6621991.shtml,2025-05-05 07:36:00,,
长线游、县域游、主题游等持续升温，假期文旅市场供需两旺,https://news.sina.com.cn/c/2025-05-05/doc-inevneki6057278.shtml,2025-05-05 07:31:00,“五一”假期，文旅市场持续升温。文化和旅游部发布的信息显示，各地推出丰富多彩的旅游产品，加强文旅融合和科技赋能，努力提升管理水平和服务品质。,"文旅,长线游,浙江省"
我省影院从单纯观影场所向复合型文化消费空间转变——来电影院，看好吃好玩好,https://news.sina.com.cn/c/2025-05-05/doc-inevnekf6620643.shtml,2025-05-05 07:23:00,一方影厅，无限可能。如今，影院已经从单纯的观影场所变身城市文化客厅。记者“五一”假期探访发现，江苏多地推出了“跟着电影品美食”“跟着电影赏民乐”“跟着电影去旅游”等活动...,徐州市
贵州黔西市游船倾覆事故致9人死亡1人失联,https://news.sina.com.cn/zx/2025-05-05/doc-inevneka5063239.shtml,2025-05-05 07:23:00,5月4日16时40分许，贵州毕节黔西市新仁乡乌江百里画廊景区六广河水域遭遇突发大风发生游船倾覆事故。根据目前排查核实情况，此次事故造成4艘船倾覆、84人落水。,
镜头丨立夏,https://news.sina.com.cn/c/2025-05-05/doc-inevneki6057508.shtml,2025-05-05 07:20:00,四时天气促相催，一夜薰风带暑来。立夏初临，蝉鸣初醒，绿意漫过茶园梯田，漓江竹筏划破碧波，红树林畔白鹭翩跹，峰林云海翻涌成浪......八桂大地处处生意盎然...,柳州市
节气里的中国智慧丨草木葱茏处，立夏正当时,https://news.sina.com.cn/c/xl/2025-05-05/doc-inevnvhe8619988.shtml,2025-05-05 07:01:00,“一夜熏风吹春去，万物并秀迎夏来” 今天 我们迎来夏季的第一个节气 立夏 万物至此皆长大 你那里收到夏的信号了吗？ 要长最繁茂的叶 要开最热烈的花 没有一个生命...,
各地各部门贯彻落实习近平总书记重要指示精神坚决防范遏制重特大事故发生,https://news.sina.com.cn/c/2025-05-05/doc-inevneki6051567.shtml,2025-05-05 06:53:00,全力搜救救治 狠抓工作落实 ——各地各部门贯彻落实习近平总书记重要指示精神坚决防范遏制重特大事故发生 5月4日16时40分许，贵州毕节市黔西市新仁乡化屋村百里画廊景区发生...,"习近平,救援,景区"
时政微观察丨“跑好历史的接力棒”,https://news.sina.com.cn/c/xl/2025-05-05/doc-inevpncr5981404.shtml,2025-05-05 06:00:00,“青年是国家的未来和民族的希望。”在习近平总书记心中，青年始终占据着重要位置。 今年五四青年节前，习近平总书记再次来到年轻人中间。,
贵州黔西游船发生侧翻事故，游客：事发时能见度只有一米，所乘船只停靠礁石避险,https://news.sina.com.cn/c/2025-05-05/doc-inevmtum6851545.shtml,2025-05-05 01:21:00,5月4日下午，贵州省黔西市六冲河东风库区附近发生一起游船侧翻事件。据央视新闻，截至4日22时30分左右，事故造成3人死亡、60人送医，另有14人正在搜救。,"贵州省,船只,游船"
习近平对贵州毕节市黔西市游船倾覆事故作出重要指示,https://news.sina.com.cn/c/xl/2025-05-04/doc-inevmpnr6406948.shtml,2025-05-04 23:51:00,原标题：习近平对贵州毕节市黔西市游船倾覆事故作出重要指示强调 千方百计搜救落水人员 全力救治伤员 坚决遏制重特大安全事故多发势头 李强作出批示 新华社北京5月4日电 5...,
习近平对贵州毕节市黔西市游船倾覆事故作出重要指示强调 千方百计搜救落水人员 全力救治伤员 坚决遏制重特大安全事故多发势头 李强作,https://news.sina.com.cn/c/xl/2025-05-04/doc-inevmiet6531066.shtml,2025-05-04 22:41:00,新华社北京5月4日电 5月4日16时40分许，贵州毕节市黔西市新仁乡化屋村百里画廊景区发生游船倾覆事故。截至目前，事故已造成3人死亡、60人送医救治，另有14人正在搜救中。,
乘船时要注意哪些事项？意外落水怎么办？自救指南→,https://news.sina.com.cn/c/2025-05-04/doc-inevmiet6530524.shtml,2025-05-04 22:33:00,2025年05月04日下午，贵州省黔西市新仁苗族乡六冲河东风库区附近发生载人游船侧翻事故。据了解，事故造成包括船员在内大约70人落水。截至19时，已打捞搜救50余人。,
习近平对贵州毕节市黔西市游船倾覆事故作出重要指示,https://news.sina.com.cn/c/xl/2025-05-04/doc-inevmier7093654.shtml,2025-05-04 22:25:00,习近平对贵州毕节市黔西市游船倾覆事故作出重要指示强调 千方百计搜救落水人员 全力救治伤员 坚决遏制重特大安全事故多发势头 李强作出批示 5月4日16时40分许...,
副县长拉拢6名公职人员，组建“七兄弟吃喝圈”，长期接受打牌掼蛋等“保姆式”服务,https://news.sina.com.cn/c/2025-05-05/doc-inevnksc6497737.shtml,2025-05-04 21:50:00,江西抚州近日通报违反中央八项规定精神典型问题。其中包括抚州市国资委原党委委员、副主任马岖组建“吃喝圈”，违规收受礼品礼金，接受可能影响公正执行公务的宴请及旅游活,
雨进京了！北京这些地方已下起小雨,https://news.sina.com.cn/c/2025-05-04/doc-inevmien5511128.shtml,2025-05-04 20:58:00,截至20时，门头沟、房山、昌平、海淀的部分地区出现零星小雨或小雨，最大降雨出现在门头沟灵山，为0.3毫米。 预计，随着回波继续向东北方向移动...,
学习手记 | “立根原在群众中”,https://news.sina.com.cn/c/2025-05-04/doc-inevmaws2411749.shtml,2025-05-04 20:23:00,,
学习手记｜“立根原在群众中”,https://news.sina.com.cn/c/xl/2025-05-04/doc-inevmawq5636051.shtml,2025-05-04 20:21:00,,
重磅微视频 | 期许,https://news.sina.com.cn/c/xl/2025-05-04/doc-inevmaws2410489.shtml,2025-05-04 20:21:00,来源：中国青年网 党的十八大以来，习近平总书记高度重视青年工作，亲切关怀青年成长成才。每年五四期间，他总会把时间留给青年，或出席活动，或走访座谈，或写信勉励...,
学习·知行丨青年的朋友习近平,https://news.sina.com.cn/c/xl/2025-05-04/doc-inevmawq5635841.shtml,2025-05-04 20:19:00,“青年之于党和国家而言，最值得爱护、最值得期待。”习近平总书记十分关心青年的成长成才。他常来到青年人中间，谈信仰，说梦想，论志向，是青年师、是青年友。,
多位省级党政“一把手”的“五一”假期,https://news.sina.com.cn/c/2025-05-04/doc-inevmawv6633361.shtml,2025-05-04 19:13:00,来源：北京青年报 今年“五一”假期，多位党政“一把手”外出调研。 5月1日至4日，黑龙江省委书记许勤、省长梁惠玲，河南省委书记刘宁、省长王凯，河北省委书记倪岳峰...,
哪吒汽车App断网 官网已无法访问,https://news.sina.com.cn/c/2025-05-04/doc-inevmawq5628356.shtml,2025-05-04 18:59:00,财联社5月4日电，近日，哪吒汽车App断网以及官网已无法访问等问题受到网友热议。据了解，5月2日开始，不少车主都遇到了哪吒汽车App断网、App控车无法使用等问,
9金收官！跳水世界杯总决赛朱子锋、程子龙包揽男子10米台冠亚军,https://news.sina.com.cn/c/2025-05-04/doc-inevmaws2401704.shtml,2025-05-04 18:52:00,5月4日，2025世界泳联跳水世界杯总决赛在国家游泳中心“水立方”进行。在最后一项男子10米跳台决赛中，中国选手朱子锋凭借出色发挥夺得冠军，程子龙获得亚军。,
颜宁发文打假网传简历：哪怕也许出于好心，也是不对的,https://news.sina.com.cn/c/2025-05-04/doc-inevkwqs5751659.shtml,2025-05-04 17:56:00,5月4日，中国科学院院士、深圳医学科学院院长、深圳湾实验室主任颜宁通过其个人微博发文打假网传简历，并请微博节后尽快清理相关信息。她表示：“一份不知道谁缺乏常识造,
贵州毕节发布强对流天气快报，多地冰雹+强风,https://news.sina.com.cn/c/2025-05-04/doc-inevmier7090649.shtml,2025-05-04 17:14:00,来源：七星关区融媒体中心公众号 5月4日16时20分 毕节市气象台 发布强对流天气快报 （单位：毫米） ↓↓↓ 5月4日13时00分～16时00分...,
开除党籍、降低退休待遇10年后，林尤刚再被处理,https://news.sina.com.cn/c/2025-05-04/doc-inevkwqu2519213.shtml,2025-05-04 16:52:00,海南省纪委监委近日通报，日前，经海南省监委指定管辖，澄迈县监委对文昌市原副市长林尤刚严重违法问题进行了立案调查。,
高中双休，又变了？,https://news.sina.com.cn/c/2025-05-04/doc-inevkwqu2516105.shtml,2025-05-04 16:29:00,来源：中国新闻周刊  “第一反应是难以置信。班会上，班主任宣布这周末开始每周双休时，尖叫声差点掀翻天花板，不少同学挥舞课本、拍桌子，那时候觉得整栋楼都在颤抖！,"高中,沈星,苏悦"
国防部新闻发言人张晓刚就日本民用飞机侵闯中国钓鱼岛领空答记者问,https://news.sina.com.cn/c/2025-05-04/doc-inevkwqs5738756.shtml,2025-05-04 16:18:00,来源：央视网央视网消息：国防部新闻发言人张晓刚就日本民用飞机侵闯中国钓鱼岛领空答记者问。记者：据报道，中国海警舰艇日前驱离了非法进入中国钓鱼岛领空的日本民用飞机...,"国防部,日本,钓鱼岛"
国防部新闻发言人张晓刚就日本民用飞机侵闯中国钓鱼岛领空答记者问,https://news.sina.com.cn/c/2025-05-04/doc-inevkwqu2511972.shtml,2025-05-04 16:13:00,国防部新闻发言人张晓刚就日本民用飞机侵闯中国钓鱼岛领空答记者问： 记者：据报道，中国海警舰艇日前驱离了非法进入中国钓鱼岛领空的日本民用飞机。,
“四不两直”，省委书记到群众家中听意见,https://news.sina.com.cn/c/2025-05-04/doc-inevkwqv7303277.shtml,2025-05-04 16:11:00,《河北日报》消息，5月1日至3日，河北省委书记倪岳峰到保定市和张家口市调研。 调研期间，倪岳峰采取“四不两直”等方式，深入到山区和坝上乡村...,
追光的你｜微光成炬,https://news.sina.com.cn/c/xl/2025-05-04/doc-inevkshx7430922.shtml,2025-05-04 16:02:00,“广大志愿者用青春和奉献提供了暖心的服务，向世界展示了蓬勃向上的中国青年形象。” 党的十八大以来，在习近平总书记的关心和推动下，我国志愿服务事业实现了跨越式发展...,
人力资源社会保障部：一季度全国化解欠薪80.7亿元,https://news.sina.com.cn/c/2025-05-04/doc-inevkwqx6739907.shtml,2025-05-04 15:43:00,为切实保障劳动者工资报酬权益，今年以来，各级人社部门加强常态化监察执法，加大欠薪治理工作力度。据人力资源社会保障部数据，一季度，全国共办结工资类违法案件15...,
返程请注意！北京今天傍晚西部有小雨，夜间阴有小雨,https://news.sina.com.cn/c/2025-05-04/doc-inevkshx7428435.shtml,2025-05-04 15:41:00,来源：央视网央视网消息：北京市气象台4日14时发布天气预报：今天下午多云转阴，傍晚西部有小雨，北转南风二三间四级，最高气温24℃；夜间阴有小雨转多云，南转北风一二级...,"返程,北京市,气象台"
外交部发言人就习近平主席将应邀对俄罗斯进行国事访问并出席纪念苏联伟大卫国战争胜利80周年庆典答记者问,https://news.sina.com.cn/c/xl/2025-05-04/doc-inevkshw2633016.shtml,2025-05-04 15:09:00,问：中方发布了习近平主席将对俄罗斯进行国事访问并出席纪念苏联伟大卫国战争胜利80周年庆典的消息，能否介绍此访的主要安排及中方对发展中俄关系的期待？,
5月3日，全社会跨区域人员流动量完成28977.5万人次,https://news.sina.com.cn/c/2025-05-04/doc-inevkwqs5742618.shtml,2025-05-04 15:08:00,来源：央视网央视网消息：据交通运输部消息，2025年5月3日（劳动节假期第3日），全社会跨区域人员流动量28977.5万人次，环比下降1%，同比增长7.5%。,"客运量,高速公路"
外交部亚洲司司长刘劲松就日本民用飞机侵闯我钓鱼岛领空向日方提出严正交涉,https://news.sina.com.cn/c/2025-05-04/doc-inevkshw2634641.shtml,2025-05-04 15:04:00,来源：央视网央视网消息：外交部亚洲司司长刘劲松就日本民用飞机侵闯我钓鱼岛领空向日方提出严正交涉。2025年5月4日，外交部亚洲司司长刘劲松就日本右翼分子驾驶民用飞机侵...,"日本,外交部,刘劲松"
习近平将对俄罗斯进行国事访问并出席纪念苏联伟大卫国战争胜利80周年庆典,https://news.sina.com.cn/c/xl/2025-05-04/doc-inevkshz6856909.shtml,2025-05-04 15:01:00,新华社快讯：应俄罗斯联邦总统普京邀请，国家主席习近平将于5月7日至10日对俄罗斯进行国事访问并出席在莫斯科举行的纪念苏联伟大卫国战争胜利80周年庆典。,
外交部亚洲司司长刘劲松就日本民用飞机侵闯我钓鱼岛领空向日方提出严正交涉,https://news.sina.com.cn/c/2025-05-04/doc-inevkshx7422262.shtml,2025-05-04 15:01:00,2025年5月4日，外交部亚洲司司长刘劲松就日本右翼分子驾驶民用飞机侵闯我钓鱼岛领空向日本驻华使馆首席公使横地晃提出严正交涉，敦促日方立即停止非法侵权活动...,
西藏昌都：高原上的“菌”彩青春,https://news.sina.com.cn/c/xl/2025-05-05/doc-inevnksa1729236.shtml,2025-05-04 13:13:00,FlashPlayer插件未安装安装插件，如果已经安装请检查是否被禁用undefinedundefined在西藏昌都市，一群平均年龄35岁的年轻人，用科技为这片,
【受权发布】北京市交通委、重点站区管委会提示您：五一假期建议优先选择地铁、公交等方式出行,https://news.sina.com.cn/c/2025-05-04/doc-inevkmzc6970471.shtml,2025-05-04 12:57:00,千龙网北京5月4日讯据北京市突发事件预警信息发布中心最新消息，北京市交通委、重点站区管委会提示您：五一假期，火车站、机场地区客流量大，周边道路易拥堵，建议您优先,
第8金！跳水世界杯总决赛女子3米板决赛，中国选手陈佳夺冠,https://news.sina.com.cn/c/2025-05-04/doc-inevkmyy2742390.shtml,2025-05-04 12:35:00,[陈佳跳水3米板金牌 中国跳水队世界杯第8金]跳水世界杯总决赛女子3米板决赛，中国选手陈佳夺冠，为中国队拿到第8枚金牌。今天17：00将进行最后一项男子单人10米台比赛...,
旅游+购物 外国人提着行李箱来“扫货”,https://news.sina.com.cn/c/2025-05-04/doc-inevkmzc6966952.shtml,2025-05-04 12:29:00,今年以来，我国入境游市场持续升温，“五一”假期入境游热度更是不断攀升。有着“世界超市”美名的浙江义乌，推出了“旅游+购物”的消费新模式...,"外国游客,义乌,离境退税"
进度条拉满 多地重大工程项目建设持续推进,https://news.sina.com.cn/c/2025-05-04/doc-inevkmyz7531444.shtml,2025-05-04 12:27:00,“五一”假期，多地重大工程项目建设不停工。建设者们坚守岗位，抢抓施工进度，保障重点工程建设的持续推进。盘兴高铁500米长钢轨铺设任务加紧进行在贵州省盘州市境内的盘兴...,"隧道,高铁,五一"
消费持续升温 这个“五一”假期有何新亮点？,https://news.sina.com.cn/c/2025-05-04/doc-inevkmyw5969908.shtml,2025-05-04 12:17:00,五一假期已经开启，各地旅游消费的实际效果怎么样呢？在山东枣庄台儿庄古城，当地以“动态巡游+静态展演”的形式，推出“运河行歌·戏绘台城”主题活动，打造“全城皆戏...,何新
【新思想引领新征程】在中国式现代化建设中挺膺担当,https://news.sina.com.cn/c/xl/2025-05-04/doc-inevkmyw5963806.shtml,2025-05-04 12:07:00,央视网消息（新闻联播）：习近平总书记指出，广大青年要坚定不移听党话、跟党走，争做有理想、敢担当、能吃苦、肯奋斗的新时代好青年，在推进强国建设...,
时政微视频丨青春之歌,https://news.sina.com.cn/c/xl/2025-05-04/doc-inevkmyw5963644.shtml,2025-05-04 12:06:00,“青年是整个社会力量中最积极、最有生气的力量，国家的希望在青年，民族的未来在青年。” 习近平总书记指出，青春的力量，青春的涌动，青春的创造...,
让青春之花绽放在祖国最需要的地方,https://news.sina.com.cn/c/xl/2025-05-04/doc-inevkmyw5964546.shtml,2025-05-04 12:00:00,来源：大象新闻 2000年 一群青年挤在绿皮火车上 用五天四夜穿越半个中国 他们攥着地图 向西，再向西！ 最终停在塔克拉玛干沙漠东南边缘...,
今起北京市高速公路迎返京高峰 16-20时车流集中、交通压力大,https://news.sina.com.cn/c/2025-05-04/doc-inevkmzc6961732.shtml,2025-05-04 11:14:00,北京商报讯（记者卢扬程靓）5月4日，北京商报记者从北京市交通委获悉，5月4日、5日，北京市高速公路迎返京车流高峰。受车流量大及降雨天气等因素影响，16-20时，,
一批突出问题暴露，必须引起高度重视！省委书记、省长假期开会部署,https://news.sina.com.cn/c/2025-05-04/doc-inevkmzc6966815.shtml,2025-05-04 11:02:00,编辑丨董鑫据《辽宁日报》报道，5月3日，辽宁全省“五一”假期安全生产工作视频调度会在沈阳召开。辽宁省委书记、省人大常委会主任郝鹏主持会议并讲话，省委副书记、省长,
107岁统派精神领袖许历农去世，生前唯一愿望是看到国家完全统一,https://news.sina.com.cn/c/2025-05-04/doc-inevkfta2854673.shtml,2025-05-04 10:43:00,来源：海峡导报 台军退役上将、“退辅会前主委”许历农，今天（4日）清晨6时许在台北“荣民总医院”去世，享嵩寿107岁。“退辅会”与台防务部门回应说...,
学习·故事丨“总书记为我颁奖”,https://news.sina.com.cn/c/xl/2025-05-06/doc-inevqprk7730524.shtml,2025-05-04 09:58:00,“总书记，这是咱俩的第二次握手！”2015年7月17日，习近平总书记来到中车长春轨道客车股份有限公司，察看高速动车组装配生产线。在装配车间，焊工李万君与总书记激,
【央视快评】为中国式现代化建设贡献青春力量——庆祝五四青年节,https://news.sina.com.cn/c/xl/2025-05-04/doc-inevkftf7058280.shtml,2025-05-04 09:48:00,“希望广大青年坚定理想信念，厚植家国情怀，练就过硬本领，发扬奋斗精神，到祖国和人民最需要的地方发光发热，为中国式现代化建设贡献青春力量。,
习近平：未来属于青年，希望寄予青年,https://news.sina.com.cn/c/xl/2025-05-04/doc-inevkfta2843086.shtml,2025-05-04 09:46:00,“未来属于青年，希望寄予青年。”这是习近平总书记对新时代青年发出的号召、寄予的厚望。,
“五一”假期返程高峰要来了，这份安全攻略请牢记,https://news.sina.com.cn/c/2025-05-04/doc-inevizmf7743166.shtml,2025-05-04 08:57:00,“五一”假期余额告急！ 返程高峰要来了！ 你是否已经踏上了返程之路？ 假期返程，安全第一！ 这份假期返程安全攻略 一定要了解！ ↓↓↓ 假期后半段 天气变得复杂起来了！,"暴雨,湖南省,江西省"
推动农村基层干部廉洁规范履职,https://news.sina.com.cn/c/2025-05-04/doc-inevizmi7174782.shtml,2025-05-04 08:38:00,中共中央办公厅、国务院办公厅近日印发的《农村基层干部廉洁履行职责规定》明确，纪检监察机关应当立足职能职责，强化对党组织加强农村基层干部廉洁履行职责工作情况的监督...,"农村基层,纪检监察,纪检"
五月里，我们继续出发,https://news.sina.com.cn/c/2025-05-06/doc-inevqprf4846414.shtml,2025-05-04 08:30:00,五月芳菲，青春正好。值此五四青年节来临之际，我们向全省纪检监察系统青年干部致以节日祝福！青春如一日之朝阳，热情洋溢、蓬勃向上；犹一年之初春，消冰融雪...,"纪检监察,甘肃省"
庆阳市纪委监委通报2起违反中央八项规定精神典型问题,https://news.sina.com.cn/c/2025-05-05/doc-inevneki6058545.shtml,2025-05-04 08:30:00,1.宁县公安局新庄派出所原副所长郭辉违规收受礼品礼金问题。2022年8月至2023年春节前，郭辉在担任宁县公安局新庄派出所副所长期间...,"庆阳市,公安局,派出所"
习语丨习近平和青年朋友的10个暖心瞬间,https://news.sina.com.cn/c/xl/2025-05-06/doc-inevqpri0955752.shtml,2025-05-04 08:22:00,吴老师文学素养青年是祖国的建设者，是祖国的希望和未来的缔造者。河北网友1天前回复,
追光的你｜雕琢,https://news.sina.com.cn/c/xl/2025-05-04/doc-inevkmyy2738607.shtml,2025-05-04 08:01:00,追光的你｜雕琢2025-05-0408:01:08来源：法治日报-法治网分享：-标准+“时常用真善美来雕琢自己”是习近平总书记给广大青年的寄语。你可记得曾经的梦,
苏迪曼杯决赛对阵名单出炉！中国队对阵韩国队,https://news.sina.com.cn/c/2025-05-04/doc-inevizme2956489.shtml,2025-05-04 07:25:00,2025年苏迪曼杯决赛🔥 中国🆚韩国 对阵名单如下👇🏻 比赛下午两点开打🏸 在昨天的半决赛中 中国队3-0战胜日本队 晋级决赛 韩国队3-2战胜印度尼西亚队 晋级决赛,"苏迪曼杯,中国队,韩国"
跳水世界杯总决赛今日收官 男子10米跳台中国新秀直面国际强敌,https://news.sina.com.cn/c/2025-05-04/doc-ineviqvm7973650.shtml,2025-05-04 04:00:00,北京时间5月4日，2025世界泳联跳水世界杯总决赛将在国家游泳中心“水立方”进入收官日，并将诞生最后2枚单人项目的金牌。女子3米跳板...,"总决赛,世界杯,跳板"
游客没地方住，文旅局长邀请住进自己家,https://news.sina.com.cn/c/2025-05-04/doc-inevizme2959786.shtml,2025-05-03 23:39:00,湖北省恩施州“宣恩发布”消息，五一假期，宣恩旅游热度持续飙升，全国各地游客蜂拥而至。旅游火爆后也带来了住宿的挑战。宣恩各大酒店，民宿一房难求。5月2日晚上，王女,
新疆是个好地方 | “五一”假期新疆红色旅游火热升温,https://news.sina.com.cn/c/2025-05-04/doc-inevkwqs5747517.shtml,2025-05-03 22:37:00,石榴云/新疆日报记者阿比拜“五一”假期，新疆各地红色旅游景点熙熙攘攘，不同年龄段的游客参访革命遗址、聆听红色故事、回望百年征程，在重温红色记忆中感受家国情怀。5,
外交部发言人就澳大利亚联邦大选结果答记者问,https://news.sina.com.cn/c/2025-05-03/doc-ineviefr8198771.shtml,2025-05-03 22:15:00,外交部发言人就澳大利亚联邦大选结果答记者问。问：据报道，5月3日，澳大利亚举行大选，阿尔巴尼斯总理领导的工党赢得选举，请问发言人对此有何评论？答：中方注意到有关,
习语丨总书记为什么说这个“年轻的事业”也是“年轻人的事业”？,https://news.sina.com.cn/c/xl/2025-05-04/doc-inevkshw2639959.shtml,2025-05-03 21:02:00,4月29日，在上海考察的习近平总书记，来到“模速空间”大模型创新生态社区调研。人工智能发展，是此行考察的重点。时间拨回此次考察四天前。4月25日，就加强人工智能,
“杀疯了！”中国玩具产业为什么不惧美国关税大棒,https://news.sina.com.cn/c/2025-05-03/doc-inevhxxt8316091.shtml,2025-05-03 20:52:00,来源：北京青年报 撰文丨李岩 央视新闻披露，近期，来自中国的潮玩App延续多款中国购物应用的热潮，登顶苹果美国应用商店购物类榜首。,"美国,中国玩具"
习近平的尺牍深情｜“希望你们坚守技能报国初心”,https://news.sina.com.cn/c/xl/2025-05-03/doc-inevhxxt8310518.shtml,2025-05-03 20:23:00,,
学习进行时｜总书记这些话，激励新时代劳动者奋发进取、再创辉煌,https://news.sina.com.cn/c/xl/2025-05-03/doc-inevhxxq6745600.shtml,2025-05-03 20:14:00,今年是中华全国总工会成立100周年。五一劳动节前夕，习近平总书记发表重要讲话，对我国工人阶级和广大劳动群众奋进新征程、建功新时代寄予殷切期望。,
中国海警局新闻发言人就日民用飞机侵闯我钓鱼岛领空发表谈话,https://news.sina.com.cn/c/2025-05-03/doc-inevhtrs6863448.shtml,2025-05-03 18:43:00,"中国海警局新闻发言人刘德军表示，5月3日，中国海警舰艇依法在钓鱼岛海域例行巡航时,发现1架日本民用飞机于11时19分非法进入中方钓鱼岛领空，11时24分飞离。中",
中国海警局新闻发言人就日民用飞机侵闯我钓鱼岛领空发表谈话,https://news.sina.com.cn/c/2025-05-03/doc-inevhtrv8431062.shtml,2025-05-03 18:42:00,"来源：央视网央视网消息：中国海警局新闻发言人刘德军表示，5月3日,中国海警舰艇依法在钓鱼岛海域例行巡航时,发现1架日本民用飞机于11时19分非法进入中方钓鱼岛领空...","中国海,钓鱼岛,中国海警"
有公司消控室长期无人值班，被中央考核巡查组抓现行,https://news.sina.com.cn/c/2025-05-03/doc-inevhtrs6868554.shtml,2025-05-03 18:26:00,日前，中央安全生产考核巡查组第八组赴甘肃进行明查暗访。 在张掖中油燃气有限公司考核巡查组发现，该公司CNG供气母站加臭装置未投入运行...,
中国严防美国大豆“洗产地”,https://news.sina.com.cn/c/2025-05-03/doc-inevhtrr0745013.shtml,2025-05-03 17:54:00,随着中国采取增加关税等方式系统性降低对美国大豆进口，为制止美国大豆出现“洗产地”等现象，国内相关进口产业链正在出现一系列相应调整。措施调整包括多个方面，且正逐渐,
习近平给谢依特小学戍边支教西部计划志愿者服务队队员的回信,https://news.sina.com.cn/c/xl/2025-05-03/doc-inevhtrr0739573.shtml,2025-05-03 17:36:00,新华社北京5月3日电  习近平给谢依特小学戍边支教西部计划志愿者服务队队员的回信 新疆阿图什市哈拉峻乡谢依特小学戍边支教西部计划志愿者服务队全体队员： 来信收悉。,
习近平给谢依特小学戍边支教西部计划志愿者服务队队员回信,https://news.sina.com.cn/c/xl/2025-05-03/doc-inevhtrr0739569.shtml,2025-05-03 17:36:00,原标题：习近平给谢依特小学戍边支教西部计划志愿者服务队队员回信强调 到祖国和人民最需要的地方发光发热 为中国式现代化建设贡献青春力量...,
北京：假期返程与节后交通预报发布，这些出行提示请收好,https://news.sina.com.cn/c/2025-05-03/doc-inevhpit0864018.shtml,2025-05-03 16:53:00,来源：央视网央视网消息：据@北京交警 消息，交管部门发布“五一”假期返程和节后交通预报出行提示 （5.4-5.9），详情如下： 5月4日至5日，高速公路免收小客车通行费用...,"返程,高速公路,北京市"
著名演员宋佳，在《人民日报》发表文章,https://news.sina.com.cn/zx/2025-05-03/doc-inevhpit0854712.shtml,2025-05-03 15:54:00,极目新闻记者 付瞰 5月3日，《人民日报》第8版副刊版刊发了著名女演员宋佳所写的文章《与她们在光影中相遇》。宋佳个人社交账号分享图片 在这篇千字长文中...,"宋佳,人民日报,演员宋佳"
时政微调查丨你好 明天,https://news.sina.com.cn/c/xl/2025-05-03/doc-inevhpit0850382.shtml,2025-05-03 15:33:00,2025年4月29日，习近平总书记来到上海“模速空间”大模型创新生态社区调研。在这里，一群平均年龄三十岁出头的年轻人正在用科技描绘着未来。,
学而时习之｜每一个人都是主角,https://news.sina.com.cn/c/xl/2025-05-03/doc-inevhpiu6966503.shtml,2025-05-03 15:33:00,,
5月2日，全社会跨区域人员流动量完成29275.4万人次,https://news.sina.com.cn/c/2025-05-03/doc-inevhpix8519040.shtml,2025-05-03 14:50:00,来源：央视网央视网消息：据交通运输部微信公众号消息，2025年5月2日(劳动节假期第2日)，全社会跨区域人员流动量29275.4万人次，环比下降12%，同比增长3.6%。,"客运量,高速公路"
追光的你｜总书记赞扬他们是“顶梁柱”,https://news.sina.com.cn/c/xl/2025-05-04/doc-inevmaws2410651.shtml,2025-05-03 13:59:00,有故事，有温暖，有力量。 千工易寻，一匠难求。 2024年3月5日，在十四届全国人大二次会议江苏代表团审议现场，一场关于“工匠”的交流在中国最高领导人和全国人大代表之间进...,
时政微视频丨红旗渠就是纪念碑,https://news.sina.com.cn/c/xl/2025-05-03/doc-inevhatx1080571.shtml,2025-05-03 12:31:00,“红旗渠就是纪念碑，记载了林县人不认命、不服输、敢于战天斗地的英雄气概。” 2022年10月，习近平总书记来到河南安阳的红旗渠纪念馆，凝视着一张张图片、一行行文字...,
追光的你｜劳动的礼赞,https://news.sina.com.cn/c/xl/2025-05-03/doc-inevhauc8753912.shtml,2025-05-03 12:31:00,2013年4月28日，中华全国总工会机关一间会议室里，习近平总书记同来自全国各地不同行业、不同年代的65名劳模代表围坐在一起，交流谈心。,
千万粉丝网红带货“翻车”！曾因炫富被点名,https://news.sina.com.cn/c/2025-05-03/doc-inevfwna7304274.shtml,2025-05-03 12:00:00,近日，有网友发布视频称，粉丝量超2千万的网红“大LOGO”带货的一款马头岩肉桂茶存在虚假宣传问题。 5月2日，记者从福建省武夷山市市场监督管理局获悉，经初步核查...,"武夷山市,虚假宣传,管理局"
莫让“4+4”沦为一笔糊涂账,https://news.sina.com.cn/c/2025-05-03/doc-inevhatx1069801.shtml,2025-05-03 11:28:00,来源：浙江宣传 近日，北京中日友好医院规培住院医师董某某被爆出毕业于北京协和医学院临床医学长学制试点班（即4+4试点），引发了网友对于“4+4”医学教育模式的热议。,
涉及婚姻登记、售后服务……5月这些新规将影响你我生活,https://news.sina.com.cn/c/2025-05-03/doc-inevhauc8742505.shtml,2025-05-03 11:07:00,《中华人民共和国民营经济促进法》自2025年5月20日起施行。民营经济促进法共9章78条，包括总则、公平竞争、投资融资促进、科技创新、规范经营、服务保障、权益保护...,
云南省政协原党组成员、秘书长，办公厅党组书记车志敏接受审查调查,https://news.sina.com.cn/c/2025-05-03/doc-inevhauc8732178.shtml,2025-05-03 10:34:00,据云南省纪委监委消息：云南省政协原党组成员、秘书长，办公厅党组书记车志敏涉嫌严重违纪违法，目前正接受云南省纪委监委纪律审查和监察调查。（云南省纪委监委）,
酒泉市纪委监委通报3起违反中央八项规定精神典型问题,https://news.sina.com.cn/c/2025-05-05/doc-inevnekf6623011.shtml,2025-05-03 10:20:00,1.酒泉市原人防办党组书记、主任薛设邦违规操办婚庆事宜，违规收受礼品、礼金等问题。2013年至2018年，薛设邦借其子结婚、妻子餐馆开业庆典、外地看病、逢年过节之际...,酒泉市
【追光的你】习言道｜一张50年前的登记表，这样描述青年习近平,https://news.sina.com.cn/c/xl/2025-05-05/doc-inevnksf5945910.shtml,2025-05-03 09:46:00,中新网5月3日电题：一张50年前的登记表，这样描述青年习近平“刻苦学习”“大胆实践，敢于创新”“在山沟里办沼气，获得成功”“以身作则”“每年出工常在200天以上,
西安严惩蝇贪推动整改 助力织密集体“三资”安全网,https://news.sina.com.cn/c/2025-05-03/doc-inevfwnf8841335.shtml,2025-05-03 09:04:00,“现在我们依托大数据信息平台，使用‘实时监测、智慧分析’方式监管集体‘三资’的流转、交易情况，整个管理流程更加规范，有效防范了随意处置集体资产、违规转租等情况...,西安市
锲而不舍落实中央八项规定精神 多措并举做实警示教育,https://news.sina.com.cn/c/2025-05-03/doc-inevfwmz1168208.shtml,2025-05-03 08:58:00,纪检监察机关深挖由风及腐案例资源多措并举做实警示教育日前，福建省厦门市党风廉政教育馆“以镜为鉴 反腐强震慑”展厅里，来自该市卫健系统的70余名党员干部在“违反中央八项...,党员干部
贯彻落实中央纪委四次全会精神 以改革办法破解基层监督难题,https://news.sina.com.cn/c/2025-05-03/doc-inevfwna7297424.shtml,2025-05-03 08:55:00,突出系统集成 强化规范引领以改革办法破解基层监督难题近日，江苏省盱眙县纪委监委第五协作组召开碰头会，讨论该组统筹负责的医保基金管理方面有关问题线索...,"中央纪委,全会,纪检监察"
跳水世界杯总决赛第二日看点：全红婵陈芋汐 “水立方” 巅峰对决,https://news.sina.com.cn/c/2025-05-03/doc-inevfwnf8845337.shtml,2025-05-03 08:55:00,北京时间5月3日，2025世界泳联跳水世界杯总决赛将在国家游泳中心（水立方）进入第二个比赛日，并将诞生2枚单人项目的金牌。男子3米板的王宗源和郑九源将迎接世界名将的挑战...,"总决赛,赛制,王宗源"
一习话·奋斗华章丨“用创造拥抱新时代，以奋斗铸就新辉煌”,https://news.sina.com.cn/c/xl/2025-05-03/doc-inevfwne4070037.shtml,2025-05-03 08:54:00,来源：央广网 4月28日，庆祝中华全国总工会成立100周年暨全国劳动模范和先进工作者表彰大会在北京举行。1670名全国劳动模范、756名全国先进工作者受到中共中央...,
【新思想引领新征程】礼赞劳动创造 奋斗成就梦想,https://news.sina.com.cn/c/xl/2025-05-03/doc-inevfwnf8837575.shtml,2025-05-03 08:48:00,央视网消息（新闻联播）：习近平总书记指出，用创造拥抱新时代，以奋斗铸就新辉煌。广大劳动者牢记总书记嘱托，在新时代新征程上立足岗位、拼搏奉献，把强国建设...,
上海楼市“五一”爆火！有楼盘售楼处人多到限流，还有项目临时加推一栋楼……专家：大家对“好房子”的需求潜力很大,https://news.sina.com.cn/c/2025-05-03/doc-inevezhn7746194.shtml,2025-05-03 08:00:00,每经记者 包晶晶每经编辑 段炼 陈梦妤 这个“五一”假期，有人在出城的高速上堵着，有人在各大售楼处等着。 5月1日，《每日经济新闻》记者分别走访了位于上海闵行区和杨浦区...,"平方米,认购,售楼处"
闪耀的青春,https://news.sina.com.cn/c/xl/2025-05-04/doc-inevkftf7057289.shtml,2025-05-03 07:40:00,一段段激情的岁月、一段段火热的人生，描绘着青春的模样。青年的选择与坚持、悸动与勃发，蕴含着时代的脉动、昭示着社会的走向。创新创造、自信自强，肩负重任的时代新人，,
江苏六个项目入选国家公共数据“跑起来”示范场景,https://news.sina.com.cn/c/2025-05-03/doc-inevfsei8957406.shtml,2025-05-03 07:34:00,国家数据局近日发布70个重点建设的公共数据“跑起来”示范场景，江苏有6个项目入选，数量位居全国第一。分别是“江苏人社大数据重构评估体系...,江苏省
农学专家分赴我省多地助力农作物抗旱,https://news.sina.com.cn/c/2025-05-03/doc-inevfsee7415328.shtml,2025-05-03 07:23:00,进入5月，气温节节攀升。气象数据显示，刚过去的4月，全国平均气温12.95℃，为1961年有完整观测记录以来“第三暖”的4月，我省平均气温则为同期最高；今年2到4月...,无人机
全国共有共青团员7531.8万名 共青团组织439.7万个,https://news.sina.com.cn/c/2025-05-03/doc-inevfsei8955136.shtml,2025-05-03 07:00:00,今天（3日），共青团中央发布中国共青团团内统计主要数据。 截至2024年12月底，全国共有共青团员7531.8万名，共青团组织439.7万个。,新冠肺炎
玉渊谭天丨美国人正绕过关税“打飞的”来华购物,https://news.sina.com.cn/c/2025-05-03/doc-inevfsec1281664.shtml,2025-05-03 06:33:00,自5月2日起，美国将取消对中国小额包裹免税政策。从中国销往美国的800美元以下小额包裹，均须缴纳其价值120%或每件100美元的关税。与此同时，有个新词在美国火,
时政微观察丨科学谋划“十五五”，总书记给出行动指南,https://news.sina.com.cn/c/xl/2025-05-03/doc-inevhpiw3741162.shtml,2025-05-03 06:00:00,“十四五”规划收官之年，如何科学谋划好“十五五”时期经济社会发展？一场谋篇布局的座谈会给出答案。 4月30日，习近平总书记在上海主持召开部分省区市“十五五”时期经济社会发...,
最新研究发现氧含量或是生物体型控制的重要因素,https://news.sina.com.cn/c/2025-05-03/doc-inevffqp9190825.shtml,2025-05-03 02:00:00,近日，中国科学院南京地质古生物研究所地球-生命系统早期演化团队的科研人员与美国科研人员合作，建立了迄今数据最全的寒武纪和奥陶纪三叶虫体型数据库...,"生物,科研"
五一假期前两日，多地党政主官暗访景点、商圈安全工作,https://news.sina.com.cn/c/2025-05-03/doc-ineveuyt9422707.shtml,2025-05-03 00:00:00,5月1日、2日，多地党政主官暗访“五一”假期期间景点、商圈的安全工作，并到旅游景区、商圈等地调研文旅消费工作。 据微信公众号“长春发布”消息，5月2日，吉林省委常委...,"长春市,张恩惠"
北京3-0横扫山西挺进总决赛！杰曼43+6 周琦19+11 张宁22+6,https://news.sina.com.cn/c/2025-05-02/doc-ineveuyt9419279.shtml,2025-05-02 21:46:00,直播吧5月2日讯CBA季后赛半决赛G3，北京回到主场迎战山西。前2场比赛打完，北京2-0领先山西。曾凡博因伤赛季报销。比赛开始，双方开场势均力敌，比分交替领先，,
登顶！蓉城1-0送申花赛季首败  罗慕洛制胜蓉城3连胜队史首次登顶,https://news.sina.com.cn/c/2025-05-02/doc-ineveuyq7861860.shtml,2025-05-02 21:33:00,直播吧5月2日讯北京时间5月2日19:35，中超第10轮迎来榜首大战，成都蓉城坐镇五粮液文化体育中心迎战上海申花。上半场，申花两度中框，刘殿座屡救险，罗慕洛破门,
中超-青岛西海岸3-1梅州升第7 阿齐兹段刘愚破门内尔松卢斯一条龙,https://news.sina.com.cn/c/2025-05-02/doc-ineveuyt9412291.shtml,2025-05-02 20:55:00,直播吧5月2日讯北京时间5月2日晚上19:00，中超第10轮，青岛西海岸坐镇西海岸大学城体育场迎战梅州客家。上半场，戴维森中圈吊射中楣、阿齐兹补射得手。下半场，,
存在重大隐患！中央考核巡查组赴地方明察暗访,https://news.sina.com.cn/c/2025-05-02/doc-ineveuys4630030.shtml,2025-05-02 20:53:00,来源：北京青年报 撰文丨高语阳 近日，中央安全生产考核巡查组在上海、福建、山东、安徽等地明察暗访发现的安全隐患问题接连披露，其中不乏重大安全隐患。,"国务院安委会,国务院,安全隐患"
河南省省长到田间察看小麦长势：要推动干部下沉一线，持续调动群众抗旱浇麦积极性，确保能浇早浇、能浇尽浇,https://news.sina.com.cn/c/2025-05-02/doc-ineveqss7979176.shtml,2025-05-02 20:25:00,河南省政府网站消息，5月2日，河南省省长王凯到南阳市调研。王凯来到内乡县灌涨镇后马村，实地了解小麦长势、抗旱浇灌等情况。他强调，当前是小麦产量形成的关键期，要密,
中国国民党主席朱立伦：将全面发动“罢免赖清德”运动,https://news.sina.com.cn/c/2025-05-02/doc-ineveqsv9537891.shtml,2025-05-02 20:24:00,来源：北京青年报 编辑丨高语阳 中国新闻社5月2日报道，台湾《中国时报》报道中国国民党主席朱立伦宣布启动罢免台湾地区领导人赖清德的行动。,"赖清德,台湾省,中国国民党"
【劳动者之歌】邓晶：煤化工一线的技改尖兵,https://news.sina.com.cn/c/2025-05-02/doc-ineveqsv9532785.shtml,2025-05-02 20:13:00,来源：央视网央视网消息（新闻联播）：全国劳动模范邓晶是河北开滦集团的一名技术员，她扎根一线18年，坚持不懈钻研煤制甲醇制作工艺，助力企业转型。,"央视网,煤化工,河北省"
习言道｜一周内，习近平两次谈人工智能,https://news.sina.com.cn/c/xl/2025-05-02/doc-ineveqss7975962.shtml,2025-05-02 20:08:00,中新网4月30日电 题：一周内，习近平两次谈人工智能 4月29日，习近平总书记在上海“模速空间”大模型创新生态社区调研时强调，“发展人工智能前景广阔”。,
奋斗华章丨每一个人都是主角,https://news.sina.com.cn/c/xl/2025-05-02/doc-ineveqss7975669.shtml,2025-05-02 20:06:00,劳动，谱写时代华章；奋斗，创造美好未来。 2025年4月28日上午，北京人民大会堂。 庆祝中华全国总工会成立100周年暨全国劳动模范和先进工作者表彰大会在这里隆重举行。,
学习进行时丨为青年取得的成就成绩点赞喝彩,https://news.sina.com.cn/c/xl/2025-05-02/doc-ineveqsu4749920.shtml,2025-05-02 20:05:00,[学习进行时]4月29日，习近平总书记来到上海“模速空间”大模型创新生态社区调研，同现场青年创新人才亲切交流。对于青年，总书记寄望殷殷，常常鼓励他们要勇于创新创造...,
第一观察 | 以开放合作的胸怀汇聚团结进步的势能,https://news.sina.com.cn/c/xl/2025-05-02/doc-ineveqsu4749702.shtml,2025-05-02 20:03:00,4月29日，习近平主席在上海之行期间，专程访问金砖国家新开发银行并会见新开发银行行长罗塞芙。 在会见罗塞芙时，习近平主席忆及新开发银行从诞生到壮大的历程：“这些年我...,
国民党宣战：罢免“独裁者”赖清德,https://news.sina.com.cn/c/2025-05-02/doc-ineveqsv9530641.shtml,2025-05-02 20:03:00,据中国新闻社报道，中国国民党主席朱立伦宣布，5月20日起，中国国民党将在台立法机构提出“罢免案”“弹劾案”，并在台湾各地全面发动“罢免赖清德”运动。,"赖清德,台湾省,中国国民党"
将军林佳春，履新,https://news.sina.com.cn/c/2025-05-02/doc-ineveqsr1849205.shtml,2025-05-02 19:21:00,来源：北京青年报 编辑丨高语阳 “湖南军号”消息，4月29日上午，宣布娄底军分区党委第一书记任职大会召开。湖南省军区司令员林佳春宣读省军区党委党内任职通知...,"司令员,将军,娄底市"
一季度我国服务业“压舱石”作用突出,https://news.sina.com.cn/c/2025-05-02/doc-ineveqsr1850876.shtml,2025-05-02 19:15:00,记者从国家统计局了解到，一季度，我国服务业增加值占国内生产总值的比重为61.2%，比上年同期提高0.5个百分点；对国民经济增长的贡献率为59.1%，比上年同期高1.5个百分点...,国家统计局
特色“补贴”贴出消费新动能 “万亿级”市场潜力持续释放,https://news.sina.com.cn/c/2025-05-02/doc-ineveqsr1850906.shtml,2025-05-02 19:12:00,商务部最新数据显示，今年以来，以旧换新政策拉动汽车、家电、手机等数码产品以及家装厨卫、电动自行车销售超7200亿元。全国各地也在持续发力，抓住这个“万亿级”的大市场...,家电
黄色预警！新疆中部等地局地发生山洪灾害可能性较大,https://news.sina.com.cn/c/2025-05-02/doc-inevekkt1965080.shtml,2025-05-02 18:17:00,来源：央视网央视网消息：水利部和中国气象局5月2日18时联合发布黄色山洪灾害气象预警： 预计，5月2日20时至3日20时，新疆中部等地部分地区可能发生山洪灾害（蓝色预警）...,"灾害,山洪,新疆"
离岸人民币兑美元升破7.23,https://news.sina.com.cn/c/2025-05-02/doc-inevekkx9631228.shtml,2025-05-02 17:38:00,5月2日，离岸人民币兑美元升破7.23，日内涨近500个基点，现报7.2296。,
利好来了！“五一”消费超预期，人民币突然暴拉，港股全线飘红！小米集团大涨，腾讯、阿里、美团、京东等齐涨,https://news.sina.com.cn/c/2025-05-02/doc-inevekku8073628.shtml,2025-05-02 17:32:00,5月2日，A股继续休市，港股正常交易。截至收盘，港股全线大涨，恒生指数收涨1.74%，恒生科技指数收涨3.08%。5月2日，离岸人民币汇率持续走强，离岸人民币兑,
跳水世界杯总决赛：程子龙/朱子锋夺男子双人10米台冠军,https://news.sina.com.cn/c/2025-05-02/doc-inevekkt1954229.shtml,2025-05-02 17:28:00,北京时间5月2日，跳水世界杯总决赛在国家游泳中心（水立方）继续进行，男子双人十米台决赛，中国组合程子龙/朱子锋以460.92分的成绩摘得冠军。,"跳水世界杯,总决赛,水立方"
杨溪，多次收受女包、金饰、化妆品,https://news.sina.com.cn/c/2025-05-02/doc-inevekkt1949270.shtml,2025-05-02 16:49:00,安徽宿州纪委监委近日公开通报四起违反中央八项规定精神问题。其中包括宿州市园林管理服务中心原主任杨溪违规收受礼品、消费卡问题。通报称，2014年至2022年，杨溪,
五一购金热情不高？金价过山车！饰品金跌破1000元/克，到店咨询人数骤降,https://news.sina.com.cn/c/2025-05-02/doc-inevekkt1940504.shtml,2025-05-02 16:27:00,2025年开年以来，黄金市场延续过去2年上涨的态势，金价不断攀升，但4月开始金价则坐上了“过山车”。 4月中上旬，金价先是快速上涨，并不断创出新高，黄金进入无“锚”之地...,
人民币，突发！,https://news.sina.com.cn/c/2025-05-02/doc-inevekku8062152.shtml,2025-05-02 16:20:00,【导读】关税利好刺激，人民币汇率大涨中国基金报记者泰勒每逢假期必大涨！今天，A股不开盘，但中国资产大爆发，股汇双涨。人民币大涨5月2日，离岸人民币汇率涨超350,
陈芋汐全红婵夺得世界泳联跳水世界杯总决赛女子双人十米台冠军,https://news.sina.com.cn/c/2025-05-02/doc-ineveeaz9735017.shtml,2025-05-02 15:47:00,据央视新闻消息，世界泳联跳水世界杯总决赛女子双人十米台决赛，中国组合陈芋汐、全红婵发挥出色，夺得冠军。这也是她们在巴黎奥运会之后首次合体。,"陈芋汐,全红婵,跳水世界杯"
用小型核反应堆给数据中心供电，国内企业正在开展项目论证,https://news.sina.com.cn/c/2025-05-02/doc-ineveeaz9730485.shtml,2025-05-02 15:26:00,“国内头部信息技术、交通运输企业等已与核能企业合作开展了小型堆为数据中心供电的示范项目前期论证，以及一体化车载微型动力堆研发项目等。,"电力,核电站"
5月1日，全社会跨区域人员流动量完成33271.4万人次,https://news.sina.com.cn/c/2025-05-02/doc-inevekkx9613566.shtml,2025-05-02 15:14:00,来源：央视网央视网消息：据交通运输部公众号消息，2025年5月1日（劳动节假期第1日），全社会跨区域人员流动量33271.4万人次，环比增长56.0%，同比增长6.2%。,"客运量,高速公路"
在奋斗中出彩 ——“五一”劳动节访“劳模”,https://news.sina.com.cn/c/2025-05-02/doc-ineveeaw8177444.shtml,2025-05-02 15:04:00,来源：央视网 新华社北京5月1日电 题：在奋斗中出彩 ——“五一”劳动节访“劳模” 新华社记者 从快递站点到核电站车间，从川西北高原到大港油田...,劳模
【讲习所·追光的你】“实现中华民族的伟大梦想，寄希望于年轻人”,https://news.sina.com.cn/c/xl/2025-05-04/doc-inevkftc7622946.shtml,2025-05-02 13:54:00,【本期导读】在中国“五四”青年节前夕，中共中央总书记、国家主席习近平在上海考察调研。在一场有关下一代智能体的主题沙龙现场，习近平勉励在场的年轻人，“人工智能是年,
预算10万元的活动耗费200余万元！为获提拔，许行大搞“形象工程”,https://news.sina.com.cn/zx/2025-05-02/doc-ineveeay4952508.shtml,2025-05-02 13:52:00,编辑丨高语阳近日，广东中山市纪委监委公开通报四起违反中央八项规定精神典型问题。其中，中山翠亨新区党工委原委员、南朗街道办事处原主任许行搞“形象工程”、“政绩工程,
人类发展进步的大方向不会改变——习近平主席访问金砖国家新开发银行为支持全球南方国家走好现代化道路注入强劲动力,https://news.sina.com.cn/c/xl/2025-05-02/doc-inevcxuy8292843.shtml,2025-05-02 13:51:00,新华社北京4月30日电 题：人类发展进步的大方向不会改变——习近平主席访问金砖国家新开发银行为支持全球南方国家走好现代化道路注入强劲动力,
大国应有的样子——2025年春季中国元首外交纪事,https://news.sina.com.cn/c/xl/2025-05-02/doc-inevcxux2166937.shtml,2025-05-02 13:49:00,当历史进入2025年，世界比以往更加渴望稳定性、领导力和方向感，人们纷纷把目光投向中国。 “大国要有大国的样子，要有大国的胸怀和担当。,
游了22年！四川花游“尖子”戴佳妮备战个人第四届全运会,https://news.sina.com.cn/c/2025-05-02/doc-inevcxux2154963.shtml,2025-05-02 12:43:00,封面新闻记者 陈甘露 张奕丹 图据受访者 做完超声波治疗后，戴佳妮又回到水池边，看队友们在水里的训练。 因为训练效果达不到要求，这堂课已经拖到了12点半。,"全运会,四川,花样游泳"
又有证监会副主席落马，金融反腐再进一步,https://news.sina.com.cn/c/2025-05-02/doc-inevcxux2148316.shtml,2025-05-02 12:17:00,来源：北京青年报 撰文|于永杰（图片来源：pixabay） “五一”假期的前夜，中央纪委国家监委通报，中国证券监督管理委员会党委委员、副主席王建军涉嫌严重违纪违法...,"王建军,证监会"
CMG亚太总站：没有邀请韩国偶像团体举办巡回演出,https://news.sina.com.cn/c/2025-05-02/doc-inevctpe5170096.shtml,2025-05-02 11:18:00,就近日有韩国媒体发布“中国中央广播电视总台（CMG）向韩国演出策划公司发送了关于邀请K-pop偶像团体联合演出项目的合作公函”的报道...,
“五一”假期首日，大家都去哪里了？,https://news.sina.com.cn/c/2025-05-02/doc-inevcxux2150665.shtml,2025-05-02 11:18:00,记者从交通运输部了解到，“五一”假期第一天，全社会跨区域人员流动量显著增长，预计超3.4亿人次，比去年“五一”假期首日增长8.0%。,
市长主动投案1个多月后，新“一把手”到岗,https://news.sina.com.cn/c/2025-05-02/doc-inevctpa8391866.shtml,2025-05-02 11:00:00,来源：政事儿 安徽宿州“拂晓报”微信公众号消息，4月30日下午，宿州市委副书记、市政府党组书记任东在宿州经开区调研重点项目建设，并主持召开座谈会。,
中俄文化交流再添佳话,https://news.sina.com.cn/c/2025-05-02/doc-inevctnz2254475.shtml,2025-05-02 10:31:00,来源：央视网 深圳原创舞剧《咏春》在莫斯科大剧院的演出结束后，观众的掌声经久不息。 深圳特区报特派记者 耿超逸 摄 当地时间5月1日晚...,"咏春,俄罗斯,深圳市"
陇南市纪委监委通报5起违反中央八项规定精神典型问题,https://news.sina.com.cn/c/2025-05-05/doc-inevnekf6622967.shtml,2025-05-02 10:17:00,1.西和县第三中学原党支部书记、校长胡家全接受可能影响公正执行公务的旅游安排，违规发放津补贴，违规收受管理和服务对象礼品问题。,"陇南市,马铃薯,党支部书记"
总书记上海行｜记者手记：赢得未来，始于现在,https://news.sina.com.cn/c/xl/2025-05-02/doc-inevcpfh5271061.shtml,2025-05-02 08:56:00,在中国，被冠以“大”之盛名的城市并不多，“大上海”当之无愧。上海之大，在其开放包容、海纳百川，也在其无限的生机活力、发展潜能。,
欧洲遭遇大停电，中国一位电工意外“红”了,https://news.sina.com.cn/c/2025-05-02/doc-ineveeav2049700.shtml,2025-05-02 08:42:00,张霁明没有想到，有一天自己居然也“红”了。故事还得从万里之外的欧洲说起。4月28日，西班牙和葡萄牙遭遇大停电，法国局部地区也受到短暂影响，停电范围之广“极其罕见,
商务部新闻发言人就中美经贸对话磋商情况答记者问,https://news.sina.com.cn/c/2025-05-02/doc-inevcpfe8489701.shtml,2025-05-02 08:18:00,来源：财联社财联社5月2日电，商务部新闻发言人就中美经贸对话磋商情况答记者问。有记者问：近期美方多次表示，正与中方就经贸问题进行谈判，并会达成协议...,
劳动谱写时代华章，总书记寄语劳动者,https://news.sina.com.cn/c/xl/2025-05-03/doc-inevhpiw3741158.shtml,2025-05-02 08:06:00,来源：南方网  劳动谱写时代华章，奋斗创造美好未来。党的十八大以来，在以习近平同志为核心的党中央带领下，各行各业劳动者砥砺奋进，实干笃行...,
坚决打赢小麦抗旱夺丰收攻坚战 全力守牢保障国家粮食安全底线,https://news.sina.com.cn/c/2025-05-02/doc-inevcpfk0019474.shtml,2025-05-02 07:58:00,5月1日，省政府召开全省小麦抗旱视频调度会议，传达学习刘国中副总理在我省调研时的重要讲话精神和省委书记刘宁、省长王凯关于小麦抗旱工作的批示要求...,
“五一”假期首日江苏各地迎来出行高峰,https://news.sina.com.cn/c/2025-05-02/doc-inevcpfk0015214.shtml,2025-05-02 07:33:00,“五一”假期的第一天，江苏各地公路、铁路、民航均迎来客流高峰。全省高速公路出口流量将达534万辆荔枝新闻中心记者杨尔希说：“在南京八卦洲长江大桥的收费站...,"江苏省,高速,路段"
胡金秋36+10 孙铭徽17+6+9 广厦3-0横扫辽宁闯入总决赛！,https://news.sina.com.cn/c/2025-05-01/doc-inevamts9056807.shtml,2025-05-01 21:36:00,直播吧5月1日讯CBA季后赛半决赛G3，辽宁回到主场对阵广厦。前两场比赛，广厦在主场均轻松获胜，大比分2-0领先。比赛开始，辽宁上来进攻端就打得很有侵略性，小巴,
主场连败！海港1-2负国安 林良铭搓射制胜 国安3连胜仍赛季不败,https://news.sina.com.cn/c/2025-05-01/doc-inevamts9056784.shtml,2025-05-01 21:33:00,直播吧5月1日讯北京时间5月1日19:35，中超联赛第10轮，上海海港坐镇浦东足球场迎战北京国安。上半场加布里埃尔一过三后射门被挡，王刚伤退，维塔尔角球助攻刘若,
3轮不胜！泰山1-1遭海牛逼平 海牛4平6负仍不胜卡扎伊什维利破门,https://news.sina.com.cn/c/2025-05-01/doc-inevamts9056841.shtml,2025-05-01 21:32:00,直播吧5月1日讯北京时间5月1日19:35，中超第10轮，山东泰山坐镇济南奥体中心迎战青岛海牛。上半场，刘洋前插抢点制造威胁，金洋洋、冯伯元染黄，王彤大腿拉伤离,
追光的你｜实干兴邦！凝心聚力推进民族复兴伟业,https://news.sina.com.cn/c/xl/2025-05-02/doc-inevamtr2930671.shtml,2025-05-01 21:30:00,习近平总书记曾多次强调“实干兴邦”。党的十八大以来，在以习近平同志为核心的党中央带领下，中国人民团结一心、砥砺奋斗、勇毅前行。,"习近平,总书记"
要以案为鉴、反躬自省！省委书记、省长等，集体观看警示教育片,https://news.sina.com.cn/c/2025-05-01/doc-inevamtr2927210.shtml,2025-05-01 21:10:00,来源：北京青年报撰文丨余晖 4月30日，河南省委书记刘宁主持召开全省违反中央八项规定精神警示教育会，河南省省长王凯、省政协主席孔昌生出席。,"省委书记,刘宁,腐败"
连场逆转！三镇2-1河南 汪晋贤复刻雷东多 绍尔传射图多列绝杀,https://news.sina.com.cn/c/2025-05-01/doc-inevamtw0602901.shtml,2025-05-01 21:02:00,直播吧5月1日讯北京时间5月1日19点，中超第10轮，河南在主场郑州航海体育场迎战武汉三镇。上半场，阿奇姆彭两度错失机会。下半场，迈达纳头球破门，汪晋贤精彩过人,
王钰栋双响9轮6球！浙江4-2亚泰取2连胜，程进助攻戴帽陶强龙传射,https://news.sina.com.cn/c/2025-05-01/doc-inevamtw0598061.shtml,2025-05-01 20:54:00,直播吧5月1日讯北京时间5月1日19:00，中超第10轮，浙江队坐镇黄龙体育中心迎战长春亚泰。上半场，王钰栋小角度爆射破门，卢卡斯乌龙，王钰栋头球完成梅开二度，,
部长刘伟，带班值守,https://news.sina.com.cn/c/2025-05-01/doc-inevamtu5826522.shtml,2025-05-01 20:41:00,交通运输部网站消息，5月1日是“五一”国际劳动节，交通运输部党组书记、部长刘伟在部带班值守并主持召开调度会，视频连线广东省交通运输厅、江苏省交通运输厅、陕西省交,
把握新形势 擘画新蓝图——习近平总书记重要讲话为谋划“十五五”时期经济社会发展指明方向,https://news.sina.com.cn/c/xl/2025-05-01/doc-inevamtw0591485.shtml,2025-05-01 20:28:00,新华社北京4月30日电 题：把握新形势 擘画新蓝图——习近平总书记重要讲话为谋划“十五五”时期经济社会发展指明方向 新华社记者 “今年是‘十四五’规划收官之年...,
习近平主席推动新开发银行成长为金字招牌,https://news.sina.com.cn/c/xl/2025-05-01/doc-inevamtr2917901.shtml,2025-05-01 20:27:00,,
学习新语｜劳动是一切幸福的源泉,https://news.sina.com.cn/c/xl/2025-05-01/doc-inevamtu5817825.shtml,2025-05-01 20:22:00,劳动是一切幸福的源泉。从劳动人民中走来的习近平总书记，深知只有辛勤耕耘才能让乡亲们的日子变得更好，只有劳动创造才能让这个民族实现伟大复兴的梦想。,
谋篇“十五五”，习近平在座谈会上这样强调,https://news.sina.com.cn/c/xl/2025-05-01/doc-inevamts9042964.shtml,2025-05-01 20:20:00,中共中央总书记、国家主席、中央军委主席习近平30日上午在上海主持召开部分省区市“十五五”时期经济社会发展座谈会并发表重要讲话。,
时政微纪录丨谋篇布局“十五五”——习近平总书记上海之行纪实,https://news.sina.com.cn/c/xl/2025-05-01/doc-inevamtu5816944.shtml,2025-05-01 20:17:00,今年是“十四五”规划收官之年，也是谋划“十五五”规划之年。4月30日上午，习近平总书记在上海主持召开部分省区市“十五五”时期经济社会发展座谈会并发表重要讲话。,
地质灾害气象风险预警：新疆西北部等地的部分地区风险较高,https://news.sina.com.cn/c/2025-05-01/doc-inevafmt3036200.shtml,2025-05-01 18:33:00,来源：央视网央视网消息：据中国天气网消息，自然资源部与中国气象局5月1日18时联合发布地质灾害气象风险预警，预计，5月1日20时至2日20时...,"新疆,中国气象局"
这个五一，来政府食堂吃饭,https://news.sina.com.cn/c/2025-05-01/doc-inevafmw5928889.shtml,2025-05-01 18:00:00,来源：中国新闻周刊  每逢节假日，热门景区内就餐难的场景频频在社交平台刷屏。今年“五一”假期，北京门头沟区清水镇、甘肃敦煌、重庆荣昌区、浙江衢州...,中国新闻周刊
六部门发文规范供应链金融业务,https://news.sina.com.cn/c/2025-05-01/doc-ineuzzcv3140365.shtml,2025-05-01 16:37:00,记者30日从中国人民银行获悉，为强化供应链金融业务规范，提升金融服务实体经济质效，中国人民银行等六部门联合发文规范供应链金融业务...,"供应链金融,供应链,中国人民银行"
习近平总书记在上海考察时的重要讲话引发热烈反响,https://news.sina.com.cn/c/xl/2025-05-01/doc-ineuzzcv3129271.shtml,2025-05-01 16:14:00,习近平总书记在上海考察时强调，上海要以服务国家战略为牵引，不断增强科技创新策源功能和高端产业引领功能，加快建成具有全球影响力的科技创新高地。,
联播观察｜“花式”解锁好春光,https://news.sina.com.cn/c/xl/2025-05-01/doc-ineuzzcy6039416.shtml,2025-05-01 16:14:00,联播+ 梅花、杏花、樱花……春暖花开时，越来越多的人选择到乡村赏花。 今年3月，线上平台乡村游产品预订量同比增长52%。正如习近平总书记所说，现在旅游是一个很大的产业...,
说“闻”解字·这个字里，有中国的文明传承,https://news.sina.com.cn/c/xl/2025-05-01/doc-ineuzzea0802473.shtml,2025-05-01 16:13:00,4月29日，习近平主席访问金砖国家新开发银行时强调，全球南方群体性崛起，成为维护世界和平、促进共同发展、完善全球治理的重要力量。,
生于1990年，倪仁杰贪图享乐、贪婪无度，非法收受巨额财物,https://news.sina.com.cn/c/2025-05-01/doc-ineuzzea0803350.shtml,2025-05-01 16:11:00,江西赣江新区纪检监察工委4月30日消息，经江西省纪委监委批准，赣江新区纪检监察工委与南昌市青山湖区监委对赣江新区新祺周管理处原综合便民服务中心党委委员...,江西省
光荣属于劳动者，幸福属于劳动者,https://news.sina.com.cn/c/xl/2025-05-01/doc-ineuzzea0802049.shtml,2025-05-01 16:11:00,光荣属于劳动者，幸福属于劳动者。“五一”国际劳动节之际，为奋斗的你点赞！,
重磅微视频丨新时代是奋斗出来的,https://news.sina.com.cn/c/xl/2025-05-01/doc-ineuzzcv3127987.shtml,2025-05-01 16:07:00,在“五一”国际劳动节到来之际，庆祝中华全国总工会成立100周年暨全国劳动模范和先进工作者表彰大会隆重举行。习近平总书记发表重要讲话，代表党中央向全国各族工人、农民...,
时政微纪录丨习近平总书记上海行,https://news.sina.com.cn/c/xl/2025-05-01/doc-ineuzzea0801115.shtml,2025-05-01 16:06:00,晚春四月，习近平总书记赴上海，访问金砖国家新开发银行，调研大模型创新生态社区，并主持召开部分省区市“十五五”时期经济社会发展座谈会。,
四川青川县遭冰雹袭击居民发声：没经历过如此严重的冰雹天气,https://news.sina.com.cn/c/2025-05-01/doc-ineuzzea0799680.shtml,2025-05-01 15:57:00,来源：九派新闻4月30日17时45分左右，四川青川县突遭冰雹袭击，持续时间约10分钟。据青川县应急管理局通报，此次冰霍天气主要影响乔庄镇、大院回族乡两个乡镇。,
针对网传“五一前大量放票” 铁路12306最新回应,https://news.sina.com.cn/c/2025-05-01/doc-ineuzzcv3132648.shtml,2025-05-01 15:56:00,记者从铁路12306科创中心了解到，截至今天（1日）12时，铁路12306已累计发售五一假期车票1.06亿张，办理退票4356万张、改签1083万张。,"铁路,旅客,五一"
学习新语丨谋篇“十五五”，总书记作出新部署,https://news.sina.com.cn/c/2025-05-01/doc-ineuzzea0798225.shtml,2025-05-01 15:40:00,来源：央视网 统筹/制作：王浩程、殷哲伦,总书记
壹视界·微视频｜总书记礼赞劳动创造,https://news.sina.com.cn/c/xl/2025-05-03/doc-inevfwmz1162961.shtml,2025-05-01 15:36:00,光荣属于劳动者，幸福属于劳动者。习近平总书记在庆祝中华全国总工会成立100周年暨全国劳动模范和先进工作者表彰大会上指出，要深入践行社会主义核心价值观，大力弘扬劳,
辽宁省省长随机检查，拿起灭火器，要求工作人员示范如何使用,https://news.sina.com.cn/c/2025-05-01/doc-ineuzuvy9385901.shtml,2025-05-01 15:16:00,来源：政事儿  4月29日12时25分许，辽宁省辽阳市消防救援支队指挥中心接到报警，白塔区三里厨娘饭店发生火灾。本次事故现场明火于12时43分许被扑灭，事故共造成22人死亡...,
六部门发文规范供应链金融业务,https://news.sina.com.cn/c/2025-05-01/doc-ineuzuvx3245633.shtml,2025-05-01 14:56:00,新华社北京4月30日电（记者吴雨、任军）记者30日从中国人民银行获悉，为强化供应链金融业务规范，提升金融服务实体经济质效，中国人民银行等六部门联合发文规范供应链金融...,"供应链金融,供应链,中国人民银行"
风电光伏装机历史性超过火电，中国越来越“风光”,https://news.sina.com.cn/c/2025-05-01/doc-ineuzuwe0905038.shtml,2025-05-01 13:55:00,来源：央视网 中国又实现一个历史性转变。 国家能源局最新数据显示，2025年一季度风电光伏装机达14.82亿千瓦，首次超过火电装机(14.51亿千瓦)。,"火电,光伏发电"
从50年前的这篇报道，感悟总书记的劳动本色,https://news.sina.com.cn/c/xl/2025-05-02/doc-inevcpfe8496549.shtml,2025-05-01 13:31:00,1975年9月20日，《延安通讯》头版头条刊登通讯《取火记——延川县人民大办沼气见闻》，详细介绍了陕北梁家河村的“沼气革命”。1974年...,
ASC25超算大赛总决赛即将在青海大学开赛，赛程及看点提前看！,https://news.sina.com.cn/c/2025-05-01/doc-ineuzuvy9368067.shtml,2025-05-01 13:23:00,来源:青海大学5月10日-14日，2025 ASC世界大学生超级计算机竞赛（ASC25）总决赛将在青海大学举行，这也将是历届国际三大超算赛事中海拔最高的一场比赛。,总决赛
人工智能发展，总书记指明方向,https://news.sina.com.cn/c/xl/2025-05-01/doc-ineuzqpz3339055.shtml,2025-05-01 12:21:00,,
学习新语｜谋篇“十五五”，总书记作出新部署,https://news.sina.com.cn/c/xl/2025-05-01/doc-ineuzqpz3338747.shtml,2025-05-01 12:19:00,统筹/制作：王浩程、殷哲伦,
英伟达CEO称中国在AI领域“并不落后”于美国，两国差距很小,https://news.sina.com.cn/c/2025-05-01/doc-ineuzqqh0993587.shtml,2025-05-01 11:00:00,[环球网报道 记者 索炎琦]据美国消费者新闻与商业频道（CNBC）、彭博社报道，美国英伟达公司总裁兼首席执行官（CEO）黄仁勋当地时间周三（4月30日）表示...,
辽宁省委书记、省长，和12位省部级领导同日外出督导,https://news.sina.com.cn/c/2025-05-01/doc-ineuzkhc3445228.shtml,2025-05-01 10:25:00,来源：北京青年报 编辑 | 余晖 4月30日，辽宁省委书记郝鹏在辽阳督导检查安全生产工作；省长王新伟在沈阳督导检查安全生产工作。,"辽宁省,省委书记,火灾"
一见·这场座谈会，总书记为谋划“十五五”划重点,https://news.sina.com.cn/c/xl/2025-05-02/doc-inevcxuy8292477.shtml,2025-05-01 10:11:00,今年是“十四五”规划收官之年、“十五五”规划谋篇布局之年。4月30日，习近平总书记在上海主持召开部分省区市“十五五”时期经济社会发展座谈会，为进一步全面深化改革...,
王毅会见伊朗最高国家安全委员会秘书艾哈迈迪安,https://news.sina.com.cn/c/2025-05-01/doc-ineuzkhc3435541.shtml,2025-05-01 10:02:00,当地时间2025年4月30日，中共中央政治局委员、外交部长王毅在巴西利亚会见伊朗最高国家安全委员会秘书艾哈迈迪安。王毅说，在两国元首战略引领下，中国伊朗关系克服,
微视频丨劳动者的双手,https://news.sina.com.cn/c/xl/2025-05-02/doc-inevcpfk0029967.shtml,2025-05-01 10:00:00,一双手，能创造出什么？ 凿穿绝壁 打磨精度 织绣匠心 传递温暖 这双手 带着岁月的勋章 汇聚拼搏的力量 以“爱拼”的韧劲 铸就“会赢”的辉煌 这是托起时代的手...,
学习卡丨“一勤天下无难事”,https://news.sina.com.cn/c/xl/2025-05-01/doc-ineuzkhk1093807.shtml,2025-05-01 09:16:00,“人生在勤，勤则不匮。”幸福不会从天降，美好生活靠劳动创造。 多年来，习近平总书记一直情系广大劳动者。无论时代条件如何变化，我们都要大力弘扬劳动最光荣...,总书记
【追光的你】习言道丨光荣属于劳动者 幸福属于劳动者,https://news.sina.com.cn/c/xl/2025-05-03/doc-inevfwnf8837003.shtml,2025-05-01 09:13:00,习近平：光荣属于劳动者，幸福属于劳动者。,
新闻多一点 | “五年规划”：中国共产党治国理政的重要经验,https://news.sina.com.cn/c/xl/2025-05-01/doc-ineuzkhe9572989.shtml,2025-05-01 09:05:00,4月30日上午，习近平总书记在上海主持召开部分省区市“十五五”时期经济社会发展座谈会并发表重要讲话。 “五年规划”是规划期内经济社会发展的蓝图和行动纲领...,
时政Vlog｜在上海，感受AI发展的澎湃脉动,https://news.sina.com.cn/c/xl/2025-05-01/doc-ineuzkhk1086814.shtml,2025-05-01 09:03:00,4月29日，习近平总书记来到上海“模速空间”大模型创新生态社区调研，通过视频短片了解上海市人工智能产业发展情况，察看重点孵化企业的大模型产品展示...,
【讲习所·追光的你】习近平用“四个最”诠释劳动观,https://news.sina.com.cn/c/xl/2025-05-02/doc-inevcpfh5271304.shtml,2025-05-01 09:01:00,来源：中央广电总台国际在线  [本期导读] “五一”国际劳动节到来之际，中共中央总书记、国家主席习近平出席庆祝中华全国总工会成立100周年暨全国劳动模范和先进工作者表彰大...,
唱响新时代劳动者奋斗之歌——以习近平同志为核心的党中央关心关爱工人阶级和广大劳动群众纪实,https://news.sina.com.cn/c/xl/2025-05-01/doc-ineuzkhk1085226.shtml,2025-05-01 08:58:00,新华社北京4月30日电题：唱响新时代劳动者奋斗之歌——以习近平同志为核心的党中央关心关爱工人阶级和广大劳动群众纪实 新华社记者齐中熙、樊曦、叶昊鸣...,
【光明漫评丨追光的你】让“劳动”具有打动人心的力量,https://news.sina.com.cn/c/2025-05-01/doc-ineuzqpz3330281.shtml,2025-05-01 08:36:00,来源：光明网-时评频道 “五一”国际劳动节到来，让我们向全国工人阶级，向广大劳动群众，致以最诚挚的敬意！ 劳动创造幸福，实干成就伟业。,
青海大学2025年五一“校园开放日”温馨提醒,https://news.sina.com.cn/c/2025-05-01/doc-ineuzkhe9572833.shtml,2025-05-01 08:32:00,,五一
国家卫健委对近日中日友好医院肖某引发舆情问题开展调查,https://news.sina.com.cn/c/2025-05-01/doc-ineuzkhc3420447.shtml,2025-05-01 08:32:00,来源：央视网央视网消息：国家卫生健康委新闻发言人表示，近日，我委关注到中日友好医院胸外科肖某被举报所引发的相关舆情。我委已成立调查组，坚持实事求是...,"卫健委,新冠肺炎"
追光的你丨习近平与劳动人民在一起,https://news.sina.com.cn/c/xl/2025-05-02/doc-inevcxva5067244.shtml,2025-05-01 08:31:00,2025年4月28日，庆祝中华全国总工会成立100周年暨全国劳动模范和先进工作者表彰大会在人民大会堂隆重举行。中共中央总书记、国家主席...,
国家卫生健康委对近日肖某引发舆情问题开展调查,https://news.sina.com.cn/c/2025-05-01/doc-ineuzcyf3534240.shtml,2025-05-01 08:27:00,国家卫生健康委新闻发言人表示，近日，我委关注到中日友好医院胸外科肖某被举报所引发的相关舆情。我委已成立调查组，坚持实事求是、客观公正原则，联合有关方面对事件涉及,
【中国纪检监察报】深挖症结督促整改  守护一泓清水,https://news.sina.com.cn/c/2025-05-01/doc-ineuzkhh6343185.shtml,2025-05-01 08:24:00,不久前，安徽省淮南市潘集区纪委监委工作人员前往该区刘龙村泥河畔，了解泥河水质恢复情况。“现在泥河水清多了，臭味也没了。”该村村民王大爷说。,农业农村
习言道｜理想信念树正了，青年才能立得正、行得稳,https://news.sina.com.cn/c/xl/2025-05-02/doc-inevcxvc9840669.shtml,2025-05-01 08:21:00,5月1日出版的《求是》杂志发表中共中央总书记、国家主席、中央军委主席习近平的重要文章《激励新时代青年在中国式现代化建设中挺膺担当》。,
得其大者可以兼其小,https://news.sina.com.cn/c/xl/2025-05-02/doc-inevcpfk0029986.shtml,2025-05-01 08:00:00,来源：大象新闻 2013年春 北京大学的校园里 一封由考古专业本科生起草的信件 悄然寄出 谁也没想到 这封记录着一群年轻人田野实习感悟 与青春热忱的书信...,
我省部署开展食安领域三项专项整治工作,https://news.sina.com.cn/c/2025-05-01/doc-ineuzcyh9687842.shtml,2025-05-01 07:43:00,4月29日，省市场监管局组织召开全省肉制品、食用植物油、食品小作坊专项整治工作视频部署会，传达落实国家市场监管总局食用植物油突出问题排查整治工作部署会会议精神...,"肉制品,食品"
五一假期首日北京晴朗伴大风 温差较大早晚需添衣,https://news.sina.com.cn/c/2025-05-01/doc-ineuzkhk1093821.shtml,2025-05-01 07:37:00,来源：央视网 央视网消息：据中国天气网消息，今天（5月1日）是五一假期首日，北京晴朗在线，最高气温将达25℃，但昼夜温差较大，最低气温在13℃左右，同时北风较大...,"北京市,阵风,大风"
河南省委书记、省长共同会见刘庆峰，有个关键词,https://news.sina.com.cn/c/2025-05-01/doc-ineuzcyh9683877.shtml,2025-05-01 07:03:00,来源：北京青年报撰文丨董鑫 余辉4月28日，河南省委书记刘宁、省长王凯在郑州会见科大讯飞股份有限公司董事长刘庆峰一行。“人工智能”是此次会见的重要关键词。,"河南省,人工智能,科大讯飞"
看图学习·奋斗华章丨诚实劳动、勤勉工作 总书记点赞“奋斗精神”,https://news.sina.com.cn/c/xl/2025-05-03/doc-inevhaua3976560.shtml,2025-05-01 07:01:00,“时代不同，使命任务发生变化，但艰苦奋斗、团结奋斗、不懈奋斗的精神永远不会变。”今年“五一”国际劳动节前夕，习近平总书记出席庆祝中华全国总工会成立100周年暨全,
习语丨“用创造拥抱新时代，以奋斗铸就新辉煌”,https://news.sina.com.cn/c/xl/2025-05-01/doc-ineuzqqh1011266.shtml,2025-05-01 06:59:00,“社会主义是干出来的。”“大家辛苦了！”“五一”国际劳动节之际，重温习近平总书记关心劳动群众、礼赞劳动创造的暖心瞬间。,
中国驻新西兰使馆发言人就新个别媒体为刑事犯罪嫌疑人洗白罪行的虚假报道发表谈话,https://news.sina.com.cn/c/2025-05-01/doc-ineuzcyn1190809.shtml,2025-05-01 06:39:00,近日，新西兰个别媒体炮制、散布所谓中国在新西兰跨境执法追捕逃犯，搞“跨国镇压”的虚假叙事，所涉内容像拙劣的电影剧本，充斥着谎言，也违反常识，完全是无中生有...,"中国,新西兰,司法合作"
玉渊谭天：美方多渠道主动接触中方希望谈关税,https://news.sina.com.cn/c/2025-05-01/doc-ineuyxsq1317205.shtml,2025-05-01 01:08:00,来源：财联社 财联社5月1日电，从消息人士处获悉，近一段时间，美方通过多种渠道主动与中方接触，希望与中方就关税问题进行谈判。,
我国科学家破解水稻抗高温迷局：发现水稻作物内置的天然“空调系统”,https://news.sina.com.cn/c/2025-05-01/doc-ineuytkq6674261.shtml,2025-05-01 00:28:00,记者从湖北省科技厅获悉，经过数年研究，华中农业大学作物遗传改良全国重点实验室、生命科学技术学院、湖北洪山实验室水稻团队李一博教授课题组...,"水稻,基因"
第一观察 | 总书记为谋划好“十五五”提供科学指引,https://news.sina.com.cn/c/xl/2025-05-01/doc-ineuypar0016027.shtml,2025-05-01 00:24:00,4月30日上午，习近平总书记在上海主持召开部分省区市“十五五”时期经济社会发展座谈会，强调要“适应形势变化，把握战略重点，科学谋划好‘十五五’时期经济社会发展”。,"总书记,习近平"
金色相框丨习近平上海之行,https://news.sina.com.cn/c/xl/2025-05-01/doc-ineuzqqh1011917.shtml,2025-05-01 00:07:00,新华社摄影部制作 新华社第一工作室出品,
时政新闻眼丨“十五五”如何谋篇布局？习近平在这场座谈会上作出战略指引,https://news.sina.com.cn/c/xl/2025-05-01/doc-ineuzkhk1085204.shtml,2025-05-01 00:05:00,4月30日，一场谋篇布局的座谈会在上海召开。习近平总书记主持召开部分省区市“十五五”时期经济社会发展座谈会，听取相关意见建议，作出重要战略指引。,
神十九都带回了哪些实验样品？果蝇等生命类样品已交付科学家,https://news.sina.com.cn/c/2025-05-01/doc-ineuypau1542823.shtml,2025-05-01 00:00:00,4月30日，空间站第八批空间科学实验样品随神舟十九号飞船顺利返回地球，本次返回科学实验样品涉及空间生命科学、空间材料科学、空间新技术等领域的25项实验项目...,月壤
中国代表：美“对等关税”和歧视性补贴政策严重破坏世贸规则,https://news.sina.com.cn/c/2025-05-01/doc-ineuytks1425701.shtml,,在29日举行的世界贸易组织补贴与反补贴措施委员会会议上，中国代表全面驳斥美国等个别成员就“产能过剩”对中国提出的不实指责，谴责美国“对等关税”和歧视性补贴政策严重破坏...,"中国,关税,美国"
董袭莹是否突破规则、行使了特权？种种疑云，该有个说法了！,https://news.sina.com.cn/c/2025-05-01/doc-ineuyhuw1665230.shtml,,一场由婚外情引发的舆论风暴还在持续发酵。 尽管涉事中日友好医院已对当事医生肖飞作出“双开”处理，但公众对其出轨对象之一董袭莹的质疑却火力不减。,"协和医学院,医学"
中央委员王受文，已任职全国工商联,https://news.sina.com.cn/c/2025-05-01/doc-ineuyhur3975548.shtml,,全国工商联网站4月30日消息，近日，全国工商联举办深入贯彻中央八项规定精神学习教育读书班。全国政协副主席、全国工商联主席高云龙提出明确要求，中央统战部副部长...,"全国工商联,商务部,中央委员"
【央视快评】科学谋划好“十五五”时期经济社会发展,https://news.sina.com.cn/c/xl/2025-05-01/doc-ineuzkhk1087380.shtml,,“今年是‘十四五’规划收官之年，要在加紧落实规划目标任务的同时，适应形势变化，把握战略重点，科学谋划好‘十五五’时期经济社会发展。,
台军首艘自造潜艇“海鲲”号被爆进水出故障，岛内网友讽刺：就这还想一次造八艘？,https://news.sina.com.cn/c/2025-04-30/doc-ineuyhuw1642949.shtml,,【环球网报道】综合中时新闻网等台媒4月30日报道，台海军前顾问郭玺近日爆料称，台军首艘自造潜艇“海鲲”号管线破裂进水，导致主机故障。,"台军,潜艇"
国家金融监督管理总局有关司局负责人就《行政处罚办法》答记者问,https://news.sina.com.cn/c/2025-04-30/doc-ineuyhuw1665263.shtml,,来源：央视网央视网消息：近日，《国家金融监督管理总局行政处罚办法》（以下简称《行政处罚办法》）正式发布。金融监管总局有关司局负责人就相关问题回答了记者提问。,行政处罚办法
传习录丨幸福，要靠劳动来创造,https://news.sina.com.cn/c/xl/2025-05-01/doc-ineuzkhc3412883.shtml,,“我们的根扎在劳动人民之中。” 从劳动人民中走来的习近平，对劳动有着深刻的理解，对劳动人民有着深厚的感情。“人世间的一切幸福，都需要靠辛勤的劳动来创造。,
时政现场说丨智汇“模速空间”：AI时代就在眼前,https://news.sina.com.cn/c/xl/2025-04-30/doc-ineuyanv0235373.shtml,,4月29日上午，习近平总书记来到上海“模速空间”大模型创新生态社区调研。 2023年9月，“模速空间”揭牌启航，如今已集聚上海人工智能实验室等战略科技力量。,
学习·知行丨习近平上海考察再次聚焦科技创新这个关键命题,https://news.sina.com.cn/c/xl/2025-04-30/doc-ineuyanv0235092.shtml,,2025年4月29日，习近平总书记在上海考察时强调，上海承担着建设国际科技创新中心的历史使命，要抢抓机遇，以服务国家战略为牵引，不断增强科技创新策源功能和高端产业引领...,
